split,conversation_id,turn_index,utterance_id,speaker_id,text,audio_path,video_path,label
train,Ses01F_impro01,0,Ses01F_impro01_F000,unknown,Excuse me.,,,neutral
train,Ses01F_impro01,1,Ses01F_impro01_F001,unknown,Yeah.,,,neutral
train,Ses01F_impro01,2,Ses01F_impro01_F002,unknown,Is there a problem?,,,neutral
train,Ses01F_impro01,5,Ses01F_impro01_F005,unknown,Well what's the problem?  Let me change it.,,,neutral
train,Ses01F_impro01,6,Ses01F_impro01_F006,unknown,What?  I'm getting an ID.  This is why I'm here.  My wallet was stolen.,,,frustrated
train,Ses01F_impro01,7,Ses01F_impro01_F007,unknown,How am I supposed to get an ID without an ID?  How does a person get an ID in the first place?,,,frustrated
train,Ses01F_impro01,8,Ses01F_impro01_F008,unknown,I'm here to get an ID.,,,frustrated
train,Ses01F_impro01,9,Ses01F_impro01_F009,unknown,Like what?  Like a birth certificate?,,,frustrated
train,Ses01F_impro01,11,Ses01F_impro01_F011,unknown,"Yes but my wallet was stolen, I don't have anything.  I don't have any credit cards, I don't have my ID.  Don't you have things on file here?",,,frustrated
train,Ses01F_impro01,12,Ses01F_impro01_F012,unknown,That's out of control.,,,anger
train,Ses01F_impro01,13,Ses01F_impro01_F013,unknown,How long have you been working here?,,,frustrated
train,Ses01F_impro01,14,Ses01F_impro01_F014,unknown,"Clearly.  You know, do you have like a supervisor or something?",,,neutral
train,Ses01F_impro01,15,Ses01F_impro01_F015,unknown,That would - I would appreciate that.  Yeah.,,,frustrated
train,Ses01F_impro01,0,Ses01F_impro01_M000,unknown,Do you have your forms?,,,frustrated
train,Ses01F_impro01,1,Ses01F_impro01_M001,unknown,Let me see them.,,,frustrated
train,Ses01F_impro01,2,Ses01F_impro01_M002,unknown,Who told you to get in this line?,,,frustrated
train,Ses01F_impro01,3,Ses01F_impro01_M003,unknown,Okay. But I didn't tell you to get in this line if you are filling out this particular form.,,,frustrated
train,Ses01F_impro01,4,Ses01F_impro01_M004,unknown,This form is a Z.X.four.,,,frustrated
train,Ses01F_impro01,5,Ses01F_impro01_M005,unknown,"You can't--  This is not the line for Z.X.four.  If you're going to fill out the Z.X.four, you need to have a different form of ID.",,,frustrated
train,Ses01F_impro01,6,Ses01F_impro01_M006,unknown,No. I need another set of ID to prove this is actually you.,,,frustrated
train,Ses01F_impro01,7,Ses01F_impro01_M007,unknown,I don't know.  But I need an ID to pass this form along.  I can't just send it along without an ID.,,,frustrated
train,Ses01F_impro01,8,Ses01F_impro01_M008,unknown,"No.  I need another ID, a separate one.",,,frustrated
train,Ses01F_impro01,9,Ses01F_impro01_M009,unknown,"A birth certificate, a passport...a student ID; didn't you go to school?  Anything?",,,frustrated
train,Ses01F_impro01,10,Ses01F_impro01_M010,unknown,"Yeah.  We keep it on file, but we need an ID to access that file.",,,frustrated
train,Ses01F_impro01,11,Ses01F_impro01_M011,unknown,I don't understand why this is so complicated for people when they get here.  It's just a simple form.  I just need an ID.,,,anger
train,Ses01F_impro01,13,Ses01F_impro01_M013,unknown,Yeah.  Do you want to see my supervisor?  Huh? Yeah.  Do you want to see my supervisor?  Fine.  I'll be right back.,,,anger
train,Ses01F_impro02,0,Ses01F_impro02_F000,unknown,Did you get the mail? So you saw my letter?,,,sadness
train,Ses01F_impro02,1,Ses01F_impro02_F001,unknown,Yeah.  I know.,,,sadness
train,Ses01F_impro02,2,Ses01F_impro02_F002,unknown,I don't know.  I put in that. request too. They didn't...,,,sadness
train,Ses01F_impro02,3,Ses01F_impro02_F003,unknown,"I guess, you know, everybody has to make sacrifices.",,,neutral
train,Ses01F_impro02,4,Ses01F_impro02_F004,unknown,"There's people that have given more though, you know?",,,sadness
train,Ses01F_impro02,5,Ses01F_impro02_F005,unknown,I know.,,,sadness
train,Ses01F_impro02,6,Ses01F_impro02_F006,unknown,"There's babies over there, though, that need mothers.",,,neutral
train,Ses01F_impro02,8,Ses01F_impro02_F008,unknown,"Just, you know, kicking myself.",,,sadness
train,Ses01F_impro02,10,Ses01F_impro02_F010,unknown,things just aren't what they seem.,,,sadness
train,Ses01F_impro02,12,Ses01F_impro02_F012,unknown,"If not me then, who?",,,sadness
train,Ses01F_impro02,13,Ses01F_impro02_F013,unknown,"You'll videotape everything, yeah?",,,sadness
train,Ses01F_impro02,14,Ses01F_impro02_F014,unknown,"Maybe you can send it to me, like stream it, yeah?",,,sadness
train,Ses01F_impro02,15,Ses01F_impro02_F015,unknown,Last month--  Yeah.,,,sadness
train,Ses01F_impro02,16,Ses01F_impro02_F016,unknown,I have to find sitters.,,,neutral
train,Ses01F_impro02,17,Ses01F_impro02_F017,unknown,"We've got friends, that's why we moved here, huh?  Because there is a day care down the street.",,,sadness
train,Ses01F_impro02,18,Ses01F_impro02_F018,unknown,And your mother is close by.,,,neutral
train,Ses01F_impro02,19,Ses01F_impro02_F019,unknown,I'll send you lots of letters.,,,sadness
train,Ses01F_impro02,20,Ses01F_impro02_F020,unknown,And I want lots and lots and lots of pictures.,,,sadness
train,Ses01F_impro02,1,Ses01F_impro02_M001,unknown,"I don't understand.  You've already done so much, I don't know why do you have to go back.",,,sadness
train,Ses01F_impro02,3,Ses01F_impro02_M003,unknown,I just don't see how they can make you leave when you have a new baby - we have a new kid.,,,frustrated
train,Ses01F_impro02,5,Ses01F_impro02_M005,unknown,I don't know how you can be okay with this?  I don't know why you're not-- you're fine with it.,,,sadness
train,Ses01F_impro02,8,Ses01F_impro02_M008,unknown,I know.,,,frustrated
train,Ses01F_impro02,9,Ses01F_impro02_M009,unknown,I just don't see why it has to be you.,,,sadness
train,Ses01F_impro02,10,Ses01F_impro02_M010,unknown,What am I going to do? Huh?,,,sadness
train,Ses01F_impro02,11,Ses01F_impro02_M011,unknown,Yeah.,,,sadness
train,Ses01F_impro02,12,Ses01F_impro02_M012,unknown,Don't you guys have access to computers over there.,,,neutral
train,Ses01F_impro02,13,Ses01F_impro02_M013,unknown,I just don't know how I'm going to do it without you.,,,sadness
train,Ses01F_impro02,14,Ses01F_impro02_M014,unknown,I can't raise a baby by myself.  How?,,,sadness
train,Ses01F_impro02,15,Ses01F_impro02_M015,unknown,I know.,,,neutral
train,Ses01F_impro02,16,Ses01F_impro02_M016,unknown,It's just not fair.,,,frustrated
train,Ses01F_impro03,0,Ses01F_impro03_F000,unknown,Well Vegas was awesome.,,,joy
train,Ses01F_impro03,1,Ses01F_impro03_F001,unknown,"And, um, I got married.",,,joy
train,Ses01F_impro03,2,Ses01F_impro03_F002,unknown,Yeah.  In the old town part.,,,joy
train,Ses01F_impro03,4,Ses01F_impro03_F004,unknown,Um- Yes.  It was very romantic.,,,joy
train,Ses01F_impro03,5,Ses01F_impro03_F005,unknown,It was at the slot machines.,,,joy
train,Ses01F_impro03,6,Ses01F_impro03_F006,unknown,"Uhuh, uhuh.  He won big and he-and he realized that the only thing that would make it better was me as his bride.",,,joy
train,Ses01F_impro03,8,Ses01F_impro03_F008,unknown,"Yeah.  Well.  You know, because he's leaving the next day.",,,joy
train,Ses01F_impro03,9,Ses01F_impro03_F009,unknown,But we're going to have a honeymoon cruise.,,,joy
train,Ses01F_impro03,10,Ses01F_impro03_F010,unknown,Oh.  I hadn't even thought about that.,,,joy
train,Ses01F_impro03,12,Ses01F_impro03_F012,unknown,Oh.  Totally.,,,joy
train,Ses01F_impro03,13,Ses01F_impro03_F013,unknown,I guess I'll-  I guess I'll have an internet husband.[LAUGHTER],,,joy
train,Ses01F_impro03,15,Ses01F_impro03_F015,unknown,"Yeah, so [LAUGHTER] He's calling me now",,,excited
train,Ses01F_impro03,16,Ses01F_impro03_F016,unknown,"He likes to keep tabs, you know.",,,joy
train,Ses01F_impro03,17,Ses01F_impro03_F017,unknown,"Uh, I think seven hundred and fifty dollars.",,,neutral
train,Ses01F_impro03,18,Ses01F_impro03_F018,unknown,Penny slots. That's what he plays.,,,neutral
train,Ses01F_impro03,19,Ses01F_impro03_F019,unknown,Yeah.,,,neutral
train,Ses01F_impro03,21,Ses01F_impro03_F021,unknown,Yeah.  We played Wheel of Fortune pennies.  It's like a giant thing with like-,,,joy
train,Ses01F_impro03,22,Ses01F_impro03_F022,unknown,Fifty bucks. Mmhmm.,,,neutral
train,Ses01F_impro03,23,Ses01F_impro03_F023,unknown,Yeah.,,,neutral
train,Ses01F_impro03,24,Ses01F_impro03_F024,unknown,Well so now we're married. We have cat children.,,,joy
train,Ses01F_impro03,25,Ses01F_impro03_F025,unknown,"We renamed Brenda, Lumber Janet.",,,joy
train,Ses01F_impro03,26,Ses01F_impro03_F026,unknown,She needs a new name each state that we go into. [LAUGHTER],,,joy
train,Ses01F_impro03,0,Ses01F_impro03_M000,unknown,So what's up?  What's new?,,,neutral
train,Ses01F_impro03,1,Ses01F_impro03_M001,unknown,Yeah.  I heard.,,,neutral
train,Ses01F_impro03,2,Ses01F_impro03_M002,unknown,Shut up.  No- in Vegas?,,,sur
train,Ses01F_impro03,3,Ses01F_impro03_M003,unknown,Who did you marry?,,,excited
train,Ses01F_impro03,6,Ses01F_impro03_M006,unknown,He turned to you and was like...,,,neutral
train,Ses01F_impro03,7,Ses01F_impro03_M007,unknown,[LAUGHTER] That's really romantic.,,,joy
train,Ses01F_impro03,8,Ses01F_impro03_M008,unknown,Yeah.,,,neutral
train,Ses01F_impro03,9,Ses01F_impro03_M009,unknown,"Does that mean that you're going to get citizenship, too, in- in England or whatever?",,,neutral
train,Ses01F_impro03,11,Ses01F_impro03_M011,unknown,Yeah.  But he'll have like a long visa.  Can you go visit then for a long time?,,,neutral
train,Ses01F_impro03,13,Ses01F_impro03_M013,unknown,Like you need another one of those.[LAUGHTER],,,joy
train,Ses01F_impro03,14,Ses01F_impro03_M014,unknown,Is that your phone?,,,joy
train,Ses01F_impro03,15,Ses01F_impro03_M015,unknown,He loves you.,,,joy
train,Ses01F_impro03,16,Ses01F_impro03_M016,unknown,How much did he win at the slot?,,,neutral
train,Ses01F_impro03,17,Ses01F_impro03_M017,unknown,Really? Penny slots?,,,sur
train,Ses01F_impro03,18,Ses01F_impro03_M018,unknown,Wow.,,,sur
train,Ses01F_impro03,19,Ses01F_impro03_M019,unknown,I'm a big fan of the Wheel of Fortune quarters. But it just costs so much.  I don't know.,,,neutral
train,Ses01F_impro03,20,Ses01F_impro03_M020,unknown,"But the pennies always get you because you end up spending like, you know, fifty bucks.",,,neutral
train,Ses01F_impro03,21,Ses01F_impro03_M021,unknown,"like, wait, but it's just pennies.  You're like, wait a minute I'm on to you.",,,neutral
train,Ses01F_impro03,22,Ses01F_impro03_M022,unknown,Awesome.,,,excited
train,Ses01F_impro03,23,Ses01F_impro03_M023,unknown,[LAUGHTER] Cat babies.,,,joy
train,Ses01F_impro03,24,Ses01F_impro03_M024,unknown,That's fair enough.,,,neutral
train,Ses01F_impro04,0,Ses01F_impro04_F000,unknown,"Uh, what?  Craig's List?  Oh the internet thing?",,,neutral
train,Ses01F_impro04,1,Ses01F_impro04_F001,unknown,I don't know.  Isn't that-- that's all like escort services and things like that.,,,neutral
train,Ses01F_impro04,2,Ses01F_impro04_F002,unknown,"I don't know.  I mean I've been looking for so long that I just figured that--  I mean, I think things like Monster are a lot more reliable than just some random free board.",,,frustrated
train,Ses01F_impro04,5,Ses01F_impro04_F005,unknown,He just...,,,neutral
train,Ses01F_impro04,6,Ses01F_impro04_F006,unknown,you know what?  I heard about that job.  I applied for that.,,,neutral
train,Ses01F_impro04,7,Ses01F_impro04_F007,unknown,Yeah.  I saw a posting at the theatre.,,,frustrated
train,Ses01F_impro04,9,Ses01F_impro04_F009,unknown,Yeah.,,,neutral
train,Ses01F_impro04,13,Ses01F_impro04_F013,unknown,I just- I mean I call people up and I tell them what I'm good at.,,,neutral
train,Ses01F_impro04,14,Ses01F_impro04_F014,unknown,Yeah.,,,neutral
train,Ses01F_impro04,16,Ses01F_impro04_F016,unknown,I'm there in front of them.  I'm telling them what I'm good at.,,,frustrated
train,Ses01F_impro04,17,Ses01F_impro04_F017,unknown,Why?  It's a piece of paper.,,,frustrated
train,Ses01F_impro04,18,Ses01F_impro04_F018,unknown,"I just don't want this paper trail, you know.  I just don't want things following me around, like-.",,,frustrated
train,Ses01F_impro04,19,Ses01F_impro04_F019,unknown,"It's just-- You know, I've had this problem before.  You're not the first person to tell me that I need a resume but...",,,frustrated
train,Ses01F_impro04,21,Ses01F_impro04_F021,unknown,"That's baloney, that's baloney.",,,frustrated
train,Ses01F_impro04,22,Ses01F_impro04_F022,unknown,Please.,,,frustrated
train,Ses01F_impro04,23,Ses01F_impro04_F023,unknown,you think that you're better than me because I don't have a car?,,,frustrated
train,Ses01F_impro04,24,Ses01F_impro04_F024,unknown,"You know, you're riding the bus, too.",,,frustrated
train,Ses01F_impro04,25,Ses01F_impro04_F025,unknown,Why?  What choice?,,,frustrated
train,Ses01F_impro04,26,Ses01F_impro04_F026,unknown,You're saving the environment. mmhmm,,,frustrated
train,Ses01F_impro04,27,Ses01F_impro04_F027,unknown,Interesting.  That's fantastic.,,,frustrated
train,Ses01F_impro04,28,Ses01F_impro04_F028,unknown,I'm not frustrated.,,,anger
train,Ses01F_impro04,29,Ses01F_impro04_F029,unknown,Who do you think you are?,,,anger
train,Ses01F_impro04,30,Ses01F_impro04_F030,unknown,You are so high and mighty.  I just--,,,anger
train,Ses01F_impro04,31,Ses01F_impro04_F031,unknown,Oh.  I'm saving the environment. I'm riding this car because I- I want to.,,,anger
train,Ses01F_impro04,32,Ses01F_impro04_F032,unknown,"The bus, I'm riding the bus because I want to.",,,anger
train,Ses01F_impro04,33,Ses01F_impro04_F033,unknown,I can not-- you are not here by choice.  Nobody would ride this bus by choice.,,,anger
train,Ses01F_impro04,0,Ses01F_impro04_M000,unknown,"Have you tried, uh, Craig's List?",,,neutral
train,Ses01F_impro04,1,Ses01F_impro04_M001,unknown,Yeah.,,,neutral
train,Ses01F_impro04,2,Ses01F_impro04_M002,unknown,No.  There's regular jobs on there.,,,neutral
train,Ses01F_impro04,3,Ses01F_impro04_M003,unknown,Uh huh.,,,neutral
train,Ses01F_impro04,4,Ses01F_impro04_M004,unknown,I'm just saying I have a friend that got a good job on it so I was just recommending it.,,,neutral
train,Ses01F_impro04,5,Ses01F_impro04_M005,unknown,He's like a manager for a theatre.,,,neutral
train,Ses01F_impro04,6,Ses01F_impro04_M006,unknown,He's like a house manager. Yeah.  It's a good job.,,,neutral
train,Ses01F_impro04,7,Ses01F_impro04_M007,unknown,You did?,,,neutral
train,Ses01F_impro04,8,Ses01F_impro04_M008,unknown,Yeah.,,,neutral
train,Ses01F_impro04,9,Ses01F_impro04_M009,unknown,You've been looking for a job for a long time; that was a long time ago.  Right?,,,neutral
train,Ses01F_impro04,10,Ses01F_impro04_M010,unknown,Hmm.,,,neutral
train,Ses01F_impro04,11,Ses01F_impro04_M011,unknown,I don't know.  He had a really good resume I guess and--,,,neutral
train,Ses01F_impro04,12,Ses01F_impro04_M012,unknown,Yeah.  Do you have a resume?,,,neutral
train,Ses01F_impro04,13,Ses01F_impro04_M013,unknown,It's kind of helpful when getting a job.,,,neutral
train,Ses01F_impro04,14,Ses01F_impro04_M014,unknown,Well maybe we should sit down some time and you can just tell me all the stuff that you have done and I'll write it out.,,,neutral
train,Ses01F_impro04,15,Ses01F_impro04_M015,unknown,"No.  You can- or you can just bring it in person.  But they need, generally, something to see, you know, what kind of what that you've done, what kind of--",,,neutral
train,Ses01F_impro04,16,Ses01F_impro04_M016,unknown,"Yeah.  But the piece of paper helps, too.",,,neutral
train,Ses01F_impro04,17,Ses01F_impro04_M017,unknown,"No.  But it has an outline, you know.",,,neutral
train,Ses01F_impro04,18,Ses01F_impro04_M018,unknown,"I know.  Okay.  Well, um. Maybe--",,,neutral
train,Ses01F_impro04,19,Ses01F_impro04_M019,unknown,Yeah.,,,neutral
train,Ses01F_impro04,20,Ses01F_impro04_M020,unknown,"Okay, yeah.  I would imagine.",,,neutral
train,Ses01F_impro04,21,Ses01F_impro04_M021,unknown,"Well, sometimes you have to do things that you don't necessarily like to do to have a job. But the job affords you money, you won't have to be taking the bus right now.",,,neutral
train,Ses01F_impro04,22,Ses01F_impro04_M022,unknown,maybe get a car.,,,neutral
train,Ses01F_impro04,23,Ses01F_impro04_M023,unknown,"I just, you know, think you should try a little harder maybe.",,,neutral
train,Ses01F_impro04,24,Ses01F_impro04_M024,unknown,I didn't say that.,,,neutral
train,Ses01F_impro04,25,Ses01F_impro04_M025,unknown,"I am riding the bus, but by choice.",,,neutral
train,Ses01F_impro04,26,Ses01F_impro04_M026,unknown,"To save the environment, carpool.",,,neutral
train,Ses01F_impro04,27,Ses01F_impro04_M027,unknown,Yes.  One less car at a time.,,,neutral
train,Ses01F_impro04,28,Ses01F_impro04_M028,unknown,Mmhmm.,,,neutral
train,Ses01F_impro04,29,Ses01F_impro04_M029,unknown,"You know, you don't have to take out your frustration on me, you know, just because...",,,frustrated
train,Ses01F_impro04,30,Ses01F_impro04_M030,unknown,...you can't get a job and refuse to have a resume.,,,frustrated
train,Ses01F_impro04,31,Ses01F_impro04_M031,unknown,I don't think I'm anyone.,,,neutral
train,Ses01F_impro04,32,Ses01F_impro04_M032,unknown,I- I-I didn't-- okay.,,,neutral
train,Ses01F_impro04,34,Ses01F_impro04_M034,unknown,What? Oh.  So now you're...,,,frustrated
train,Ses01F_impro04,35,Ses01F_impro04_M035,unknown,you know what?  You don't have to take your anger and your hurt out on me.,,,frustrated
train,Ses01F_impro05,0,Ses01F_impro05_F000,unknown,Hi.,,,frustrated
train,Ses01F_impro05,1,Ses01F_impro05_F001,unknown,Yeah. This is the fourth line that I have been in.,,,frustrated
train,Ses01F_impro05,2,Ses01F_impro05_F002,unknown,I need my bag.,,,frustrated
train,Ses01F_impro05,3,Ses01F_impro05_F003,unknown,"I flew in over three hours ago, I've been in four different lines.",,,frustrated
train,Ses01F_impro05,4,Ses01F_impro05_F004,unknown,I waited the entire baggage- I waited for the whole baggage carousel four times.  They told me to go to the next one.  I waited through that for three planes and now I'm here.,,,frustrated
train,Ses01F_impro05,5,Ses01F_impro05_F005,unknown,Nash.,,,frustrated
train,Ses01F_impro05,7,Ses01F_impro05_F007,unknown,Yes.,,,frustrated
train,Ses01F_impro05,8,Ses01F_impro05_F008,unknown,Flight seven fourteen.,,,anger
train,Ses01F_impro05,9,Ses01F_impro05_F009,unknown,"Am I going to be getting, like, free tickets, free mileage. When can I expect my bag here?",,,anger
train,Ses01F_impro05,11,Ses01F_impro05_F011,unknown,Is this a joke?,,,anger
train,Ses01F_impro05,12,Ses01F_impro05_F012,unknown,"Are there candid cameras?  Is this that movie? There's that show, right?  Airplane, airline.",,,anger
train,Ses01F_impro05,14,Ses01F_impro05_F014,unknown,"You're kidding me, this is a joke.",,,anger
train,Ses01F_impro05,15,Ses01F_impro05_F015,unknown,Do you have any idea-- fifty dollars?  That's supposed to replace everything that I have?  Do you understand how much I have packed in there? Not only does it have sentimental value; it can't be replaced like that.  It was incredibly expensive.,,,anger
train,Ses01F_impro05,16,Ses01F_impro05_F016,unknown,We flew in from Paris.  I've been shopping for three weeks.,,,anger
train,Ses01F_impro05,17,Ses01F_impro05_F017,unknown,I don't care what you're freaking sign says.  Somebody- Somebody needs to replace everything I've got there and give me money for my inconvenience.,,,anger
train,Ses01F_impro05,18,Ses01F_impro05_F018,unknown,Do you understand who my husband is?,,,anger
train,Ses01F_impro05,19,Ses01F_impro05_F019,unknown,"If you're- if you're- if you're looking for a lawsuit, baby, you've found it.",,,anger
train,Ses01F_impro05,20,Ses01F_impro05_F020,unknown,Oh-Oh.  It's a gift.  You're-You're helping me out here?,,,anger
train,Ses01F_impro05,21,Ses01F_impro05_F021,unknown,You are cruising for a bruising.  You are in so much trouble.,,,anger
train,Ses01F_impro05,22,Ses01F_impro05_F022,unknown,Who's in charge?  Who is the president of Jet Blue?,,,anger
train,Ses01F_impro05,23,Ses01F_impro05_F023,unknown,Because I probably know him.,,,anger
train,Ses01F_impro05,24,Ses01F_impro05_F024,unknown,Yeah.,,,anger
train,Ses01F_impro05,25,Ses01F_impro05_F025,unknown,"I don't want money, I want my clothes.",,,anger
train,Ses01F_impro05,26,Ses01F_impro05_F026,unknown,What's your name?,,,anger
train,Ses01F_impro05,28,Ses01F_impro05_F028,unknown,Okay.  I'll do that.,,,anger
train,Ses01F_impro05,29,Ses01F_impro05_F029,unknown,I don't think you have done everything you could do because I don't have my bag here yet.,,,anger
train,Ses01F_impro05,30,Ses01F_impro05_F030,unknown,A letter? I'll make a personal phone call.,,,anger
train,Ses01F_impro05,0,Ses01F_impro05_M000,unknown,Hi.  Thanks for waiting.,,,neutral
train,Ses01F_impro05,1,Ses01F_impro05_M001,unknown,Can I help you?,,,joy
train,Ses01F_impro05,2,Ses01F_impro05_M002,unknown,Uh huh.,,,joy
train,Ses01F_impro05,3,Ses01F_impro05_M003,unknown,Okay.,,,neutral
train,Ses01F_impro05,4,Ses01F_impro05_M004,unknown,Okay.,,,neutral
train,Ses01F_impro05,5,Ses01F_impro05_M005,unknown,Okay.  Great.  I'm really sorry that you had to do that.  What's your last name?  Let's start there.,,,neutral
train,Ses01F_impro05,6,Ses01F_impro05_M006,unknown,Okay.,,,neutral
train,Ses01F_impro05,7,Ses01F_impro05_M007,unknown,all right- okay.  And you lost your bag? Is that- that the issue?,,,neutral
train,Ses01F_impro05,8,Ses01F_impro05_M008,unknown,Uh-huh.,,,neutral
train,Ses01F_impro05,9,Ses01F_impro05_M009,unknown,"Yeah. Yeah, I don't see- I don't see any--",,,neutral
train,Ses01F_impro05,10,Ses01F_impro05_M010,unknown,"I don't see any record of it, and I-usually when I don't see a record of it, that means um-",,,neutral
train,Ses01F_impro05,11,Ses01F_impro05_M011,unknown,"we've mistakenly lost your baggage.  We're very sorry.  On behalf of Jet Blue I would like to apologize for any inconvenience.  I am allowed to issue you a fifty dollar gift card which you can use any future flights you want to take with us.  I'm very sorry, once again...",,,neutral
train,Ses01F_impro05,12,Ses01F_impro05_M012,unknown,"for such an inconvenience and your bag, but",,,neutral
train,Ses01F_impro05,13,Ses01F_impro05_M013,unknown,Yeah.,,,neutral
train,Ses01F_impro05,14,Ses01F_impro05_M014,unknown,"No, no.",,,neutral
train,Ses01F_impro05,15,Ses01F_impro05_M015,unknown,"No, no.  This is real.",,,neutral
train,Ses01F_impro05,16,Ses01F_impro05_M016,unknown,"No.  I'm just giving you money, the bag is gone.  If it's not here, I'm really sorry there is nothing I can do because...",,,neutral
train,Ses01F_impro05,17,Ses01F_impro05_M017,unknown,this is the only track record that we have and if it's not listed here then it's probably not anywhere.,,,neutral
train,Ses01F_impro05,19,Ses01F_impro05_M019,unknown,Yes.,,,neutral
train,Ses01F_impro05,20,Ses01F_impro05_M020,unknown,I know.,,,neutral
train,Ses01F_impro05,22,Ses01F_impro05_M022,unknown,Okay. Calm-,,,neutral
train,Ses01F_impro05,23,Ses01F_impro05_M023,unknown,"Actually, we are not necessarily liable to give you- to even give you this fifty dollars so... it's actually- it's actually really",,,neutral
train,Ses01F_impro05,24,Ses01F_impro05_M024,unknown,"We are actually not even allowed--  you know, like we don't have to give you this fifty dollars.  We don't have to do that.",,,neutral
train,Ses01F_impro05,25,Ses01F_impro05_M025,unknown,It's a gift.,,,neutral
train,Ses01F_impro05,26,Ses01F_impro05_M026,unknown,"You know, the airlines can not be held responsible for every bag of luggage that comes through here.",,,neutral
train,Ses01F_impro05,27,Ses01F_impro05_M027,unknown,With the amount of--,,,neutral
train,Ses01F_impro05,28,Ses01F_impro05_M028,unknown,"Um, actually, I don't know. I don't know. Oh really?",,,neutral
train,Ses01F_impro05,29,Ses01F_impro05_M029,unknown,Well then maybe you can just call him and he can give you more money.  But right now all I can do--,,,neutral
train,Ses01F_impro05,30,Ses01F_impro05_M030,unknown,"Right now all I can do is just give you this fifty dollars, I'm really sorry.",,,neutral
train,Ses01F_impro05,31,Ses01F_impro05_M031,unknown,Oh.  My name is Sean. Hi.,,,neutral
train,Ses01F_impro05,32,Ses01F_impro05_M032,unknown,"Badge number?  Uh, no.  You can just take my employee number I guess.",,,sur
train,Ses01F_impro05,33,Ses01F_impro05_M033,unknown,Why?  Have I done something wrong?  Have I given you bad service?  I feel like I have done the best I could.,,,sur
train,Ses01F_impro05,34,Ses01F_impro05_M034,unknown,"If you want, you can write a letter.  I can give you the address. Yes.  An angry--",,,neutral
train,Ses01F_impro05,35,Ses01F_impro05_M035,unknown,"Or you can make a phone call.  But I think a letter might be a little more-- in my impression, letters have more...",,,neutral
train,Ses01F_impro06,2,Ses01F_impro06_F002,unknown,No.,,,sadness
train,Ses01F_impro06,3,Ses01F_impro06_F003,unknown,That's sweet.,,,neutral
train,Ses01F_impro06,4,Ses01F_impro06_F004,unknown,Thank you.,,,neutral
train,Ses01F_impro06,5,Ses01F_impro06_F005,unknown,I went to see her headstone a week or two ago.,,,sadness
train,Ses01F_impro06,6,Ses01F_impro06_F006,unknown,"I used to go to cemeteries a lot before she died.  I just, you know, I felt like they were urban oasis, you know, there is always this green in the city.",,,sadness
train,Ses01F_impro06,7,Ses01F_impro06_F007,unknown,So I was like wandering around before.  It takes forever to find her headstone; I always lose it. You know.,,,sadness
train,Ses01F_impro06,8,Ses01F_impro06_F008,unknown,So I was looking at this other one and there was like a piece of candy there and I thought that I would take the candy and put it on her headstone.  And-,,,sadness
train,Ses01F_impro06,9,Ses01F_impro06_F009,unknown,"this woman came up and, you know, it was hers. It was her person that was there.",,,neutral
train,Ses01F_impro06,10,Ses01F_impro06_F010,unknown,"Yeah.  And she was like, that's pathetic, I hope you enjoy it.",,,sadness
train,Ses01F_impro06,11,Ses01F_impro06_F011,unknown,"And I, you know, I mean, I said I was sorry and I brought it back to her kind of and I like put it on the ground and she was like, no, it's fine.  She was like, I would rather have her back, honestly.",,,sadness
train,Ses01F_impro06,12,Ses01F_impro06_F012,unknown,"I don't know.  It just, like, I felt so bad because I shouldn't have done it.  I don't know.  Whatever.",,,sadness
train,Ses01F_impro06,13,Ses01F_impro06_F013,unknown,I don't know.,,,sadness
train,Ses01F_impro06,14,Ses01F_impro06_F014,unknown,At the cemetery?,,,sadness
train,Ses01F_impro06,15,Ses01F_impro06_F015,unknown,couple hours.,,,sadness
train,Ses01F_impro06,16,Ses01F_impro06_F016,unknown,"I brought- I brought Chuck with me. He went to Redlands, yeah, for the day.  We ran through the sprinklers.",,,neutral
train,Ses01F_impro06,18,Ses01F_impro06_F018,unknown,Yeah.  It's huge.  Redlands is an old city so they have lots and lots of stones.,,,neutral
train,Ses01F_impro06,19,Ses01F_impro06_F019,unknown,Yeah.,,,neutral
train,Ses01F_impro06,20,Ses01F_impro06_F020,unknown,"It's weird.  Whenever I go back to town, I think of her.  I mean, it's like ... I mean we grew up together and she died when we were twenty one.  And yeah.  She had cancer, she had two brain tumors.",,,sadness
train,Ses01F_impro06,21,Ses01F_impro06_F021,unknown,"My best friend Heather.  She's got a- we have a- we built this like little--  There's a park, Prospect Park.  And there is like a garden section of it that we set up for her.",,,sadness
train,Ses01F_impro06,22,Ses01F_impro06_F022,unknown,She used to have these poetry parties on Memorial Day.,,,sadness
train,Ses01F_impro06,23,Ses01F_impro06_F023,unknown,Umm. Yeah.,,,sadness
train,Ses01F_impro06,24,Ses01F_impro06_F024,unknown,"And the last time before she died, I remember she couldn't really stand, umm...",,,sadness
train,Ses01F_impro06,25,Ses01F_impro06_F025,unknown,"But I mean she could, but it was- so it was kind of sitting at her feet holding her up and she had these poems she had memorized.  And I remember looking up, she had curly red hair and there was this palm tree right behind her and it was like a crown growing right out of her head.  It was cool.",,,sadness
train,Ses01F_impro06,26,Ses01F_impro06_F026,unknown,"Some, I guess.  She memorized this one, John Dunn, it's called, Death Be Not Proud. and-",,,sadness
train,Ses01F_impro06,27,Ses01F_impro06_F027,unknown,"There's another one, I can't remember.",,,neutral
train,Ses01F_impro06,28,Ses01F_impro06_F028,unknown,"I remember, too, when we were--  she died at U.C.L.A.  She had brain surgery and there was not much hope to begin with, but I gave blood for her surgery, her mom and I before, so we dropped her off in the waiting room and then we were giving blood and came back.  And she, in her wheelchair, like can hardly do anything, reciting her poetry for these people like in the waiting room.  All she needs is a God damn audience.  You know?",,,sadness
train,Ses01F_impro06,0,Ses01F_impro06_M000,unknown,"I'm sorry, Joy.",,,sadness
train,Ses01F_impro06,1,Ses01F_impro06_M001,unknown,Is there anything I can get you?  Do you want me to take care of anything for you or...?,,,neutral
train,Ses01F_impro06,2,Ses01F_impro06_M002,unknown,...pick up anything?,,,neutral
train,Ses01F_impro06,3,Ses01F_impro06_M003,unknown,You know you are welcome to stay at my house if you want to just check out for a couple days and hang out.,,,sadness
train,Ses01F_impro06,4,Ses01F_impro06_M004,unknown,Hmm.,,,neutral
train,Ses01F_impro06,5,Ses01F_impro06_M005,unknown,Oh.  She was there?,,,neutral
train,Ses01F_impro06,6,Ses01F_impro06_M006,unknown,Mmhmm.,,,neutral
train,Ses01F_impro06,7,Ses01F_impro06_M007,unknown,Yeah.,,,sadness
train,Ses01F_impro06,8,Ses01F_impro06_M008,unknown,How long were you there for?,,,neutral
train,Ses01F_impro06,9,Ses01F_impro06_M009,unknown,Mmhmm.,,,neutral
train,Ses01F_impro06,10,Ses01F_impro06_M010,unknown,Oh really?,,,neutral
train,Ses01F_impro06,11,Ses01F_impro06_M011,unknown,You ran through the sprinklers in the cemetery?,,,neutral
train,Ses01F_impro06,12,Ses01F_impro06_M012,unknown,Is it a big cemetery?,,,neutral
train,Ses01F_impro06,13,Ses01F_impro06_M013,unknown,"Oh, so they're like really old too, really old ones?",,,neutral
train,Ses01F_impro06,14,Ses01F_impro06_M014,unknown,Mmhmm.,,,neutral
train,Ses01F_impro06,15,Ses01F_impro06_M015,unknown,Mmhmm.,,,neutral
train,Ses01F_impro06,16,Ses01F_impro06_M016,unknown,So she wrote a lot of poetry?,,,neutral
train,Ses01F_impro07,0,Ses01F_impro07_F000,unknown,"Yes.  There's a big envelope it says, you're in. I know.",,,excited
train,Ses01F_impro07,2,Ses01F_impro07_F002,unknown,"I'm really excited.  Yeah. I don't know how I'm going to pay for anything, but... I also- Yeah.  Loans, too, yeah. I applied, though, for a bunch of grants and scholarships so I'm still waiting to hear on that.",,,excited
train,Ses01F_impro07,3,Ses01F_impro07_F003,unknown,"Oh- I know, I know, I know, I know.",,,excited
train,Ses01F_impro07,4,Ses01F_impro07_F004,unknown,"I don't know.  I spend so much time commuting as it is, I'd rather.",,,excited
train,Ses01F_impro07,5,Ses01F_impro07_F005,unknown,I know. We should throw a party.,,,excited
train,Ses01F_impro07,9,Ses01F_impro07_F009,unknown,Yeah.  I'm not sure.,,,excited
train,Ses01F_impro07,10,Ses01F_impro07_F010,unknown,Umm...P.h.D. [LAUGHTER],,,excited
train,Ses01F_impro07,12,Ses01F_impro07_F012,unknown,So I get to mold young minds. Mrs.?  That's my mother.,,,excited
train,Ses01F_impro07,13,Ses01F_impro07_F013,unknown,"I would be like- Oh. Right, right, right.",,,excited
train,Ses01F_impro07,16,Ses01F_impro07_F016,unknown,"I know. I made such a mess of it, the entire time.  The last three things I've done, I've ruined everything, I think. Mm-hmm.  Yeah.",,,excited
train,Ses01F_impro07,0,Ses01F_impro07_M000,unknown,Did you get the letter?,,,excited
train,Ses01F_impro07,1,Ses01F_impro07_M001,unknown,Yeah. That is so awesome.,,,excited
train,Ses01F_impro07,2,Ses01F_impro07_M002,unknown,Oh my God. What are you going to do? [LAUGHTER],,,excited
train,Ses01F_impro07,3,Ses01F_impro07_M003,unknown,"Oh-Yeah, I bet you're really excited. Oh.  That's what loans are for?  Right? Exactly.",,,excited
train,Ses01F_impro07,4,Ses01F_impro07_M004,unknown,"Oh.  Good, good.  That's awesome. Are you going to stay around here?  Or are you going to like get a different neighborhood- you going to move to a different neighborhood?",,,excited
train,Ses01F_impro07,5,Ses01F_impro07_M005,unknown,This is so- I am so happy that you're going to stay.  You're not going to...We should totally throw a party.,,,excited
train,Ses01F_impro07,6,Ses01F_impro07_M006,unknown,A rapper party ho. Yeah. Okay.,,,excited
train,Ses01F_impro07,7,Ses01F_impro07_M007,unknown,"I am just- Yeah.  I'm sticking around, I'm just doing my thing.  I'm living here.  I'm so glad you're going to stay, I'm so glad you're going to be here. Yeah. Woo.",,,excited
train,Ses01F_impro07,8,Ses01F_impro07_M008,unknown,Yeah.  Big time.,,,excited
train,Ses01F_impro07,9,Ses01F_impro07_M009,unknown,Mmhmm. Mmhmm. Yay. So what major?  What are you doing?,,,excited
train,Ses01F_impro07,12,Ses01F_impro07_M012,unknown,Is this a Masters or a P.h.D.?  Or can you...? Nice,,,neutral
train,Ses01F_impro07,13,Ses01F_impro07_M013,unknown,"That's good.  Don't you have to like teach a class, too, when you do that?",,,neutral
train,Ses01F_impro07,14,Ses01F_impro07_M014,unknown,"Teacher. Mrs. Nash, I have a question.",,,excited
train,Ses01F_impro07,15,Ses01F_impro07_M015,unknown,You have to get married.  Well you are married to Chuck.  You're Mrs. Nash.  Not to be confused with Mrs. Dash which is the popular seasoning.,,,excited
train,Ses01F_impro07,17,Ses01F_impro07_M017,unknown,Yay...School's fun.,,,excited
train,Ses01F_impro07,18,Ses01F_impro07_M018,unknown,"Of course, right.  That's where the real money is, being a student.",,,neutral
train,Ses01F_impro07,19,Ses01F_impro07_M019,unknown,That's how you get the big bucks.  Are you messing with the chair? Don't ruin it.,,,joy
train,Ses01F_script01_3,0,Ses01F_script01_3_F000,unknown,You're the only one who still loves his parents.,,,neutral
train,Ses01F_script01_3,1,Ses01F_script01_3_F001,unknown,It's not so bad; it's a good thing.,,,neutral
train,Ses01F_script01_3,2,Ses01F_script01_3_F002,unknown,"[BREATHING] You know, it's lovely here.  The air is sweet.",,,neutral
train,Ses01F_script01_3,3,Ses01F_script01_3_F003,unknown,"I'm not sorry, no. But I'm...I can't stay.",,,neutral
train,Ses01F_script01_3,4,Ses01F_script01_3_F004,unknown,"For one thing, your mother much as told me to go.",,,neutral
train,Ses01F_script01_3,5,Ses01F_script01_3_F005,unknown,"And then, you.  You've been kind of...",,,neutral
train,Ses01F_script01_3,6,Ses01F_script01_3_F006,unknown,Sort of embarrassed ever since I got here.,,,neutral
train,Ses01F_script01_3,7,Ses01F_script01_3_F007,unknown,I knew they would.,,,neutral
train,Ses01F_script01_3,8,Ses01F_script01_3_F008,unknown,"Well sure, from your mother's point of view.  Why else would I come?",,,neutral
train,Ses01F_script01_3,9,Ses01F_script01_3_F009,unknown,"I, umm. I guess, I guess that's kind of why I came.",,,neutral
train,Ses01F_script01_3,10,Ses01F_script01_3_F010,unknown,[BREATHING],,,joy
train,Ses01F_script01_3,11,Ses01F_script01_3_F011,unknown,[LAUGHTER],,,joy
train,Ses01F_script01_3,12,Ses01F_script01_3_F012,unknown,[LAUGHTER],,,joy
train,Ses01F_script01_3,13,Ses01F_script01_3_F013,unknown,No. No,,,joy
train,Ses01F_script01_3,14,Ses01F_script01_3_F014,unknown,"Chris, I've been ready a long, long, time.",,,neutral
train,Ses01F_script01_3,15,Ses01F_script01_3_F015,unknown,I almost got married two years ago.,,,neutral
train,Ses01F_script01_3,16,Ses01F_script01_3_F016,unknown,You started to write me.,,,neutral
train,Ses01F_script01_3,17,Ses01F_script01_3_F017,unknown,Every day since.,,,joy
train,Ses01F_script01_3,19,Ses01F_script01_3_F019,unknown,beating around the bush.,,,joy
train,Ses01F_script01_3,20,Ses01F_script01_3_F020,unknown,"I will never forgive you.  All I'd done was sit around wondering if I was crazy waiting so long, wondering if you were thinking about me.",,,joy
train,Ses01F_script01_3,21,Ses01F_script01_3_F021,unknown,Not like that you're not.,,,joy
train,Ses01F_script01_3,22,Ses01F_script01_3_F022,unknown,"Like Larry's brother.  Do it like you, Chris.",,,neutral
train,Ses01F_script01_3,28,Ses01F_script01_3_F028,unknown,"Yeah, sure.",,,neutral
train,Ses01F_script01_3,29,Ses01F_script01_3_F029,unknown,How many?,,,neutral
train,Ses01F_script01_3,30,Ses01F_script01_3_F030,unknown,"Aw, geez.",,,sadness
train,Ses01F_script01_3,31,Ses01F_script01_3_F031,unknown,Mmhmm.,,,neutral
train,Ses01F_script01_3,35,Ses01F_script01_3_F035,unknown,What would I do with a fortune?,,,joy
train,Ses01F_script01_3,0,Ses01F_script01_3_M000,unknown,"I know.  It kind of went out of style, didn't it?",,,neutral
train,Ses01F_script01_3,1,Ses01F_script01_3_M001,unknown,You're not sorry you came.,,,neutral
train,Ses01F_script01_3,3,Ses01F_script01_3_M003,unknown,Well.,,,neutral
train,Ses01F_script01_3,4,Ses01F_script01_3_M004,unknown,What?,,,neutral
train,Ses01F_script01_3,5,Ses01F_script01_3_M005,unknown,Well I was kind of planning of sneaking up on you over the course of a week or so.  They just take it for granted that we're all set.,,,neutral
train,Ses01F_script01_3,8,Ses01F_script01_3_M008,unknown,"I love you. Annie, I love you.",,,joy
train,Ses01F_script01_3,9,Ses01F_script01_3_M009,unknown,"I don't really have any imagination, that's all I know how to say.",,,joy
train,Ses01F_script01_3,10,Ses01F_script01_3_M010,unknown,"Am I embarrassing you? Are you - See, I didn't want to do it here with this yard, on this porch.  I wanted it to be somewhere new, some place fresh for both of us.",,,joy
train,Ses01F_script01_3,14,Ses01F_script01_3_M014,unknown,You felt something that far back?,,,sur
train,Ses01F_script01_3,15,Ses01F_script01_3_M015,unknown,Why didn't you let me know?,,,joy
train,Ses01F_script01_3,16,Ses01F_script01_3_M016,unknown,Give me a...,,,joy
train,Ses01F_script01_3,17,Ses01F_script01_3_M017,unknown,Give me a kiss.,,,joy
train,Ses01F_script01_3,19,Ses01F_script01_3_M019,unknown,"Oh Annie, we are going to live now.  I am going to make you so happy.",,,joy
train,Ses01F_script01_3,20,Ses01F_script01_3_M020,unknown,I kissed you.,,,joy
train,Ses01F_script01_3,21,Ses01F_script01_3_M021,unknown,"Hey, let's drive some place.  Huh?  Let's get out of here.",,,sadness
train,Ses01F_script01_3,22,Ses01F_script01_3_M022,unknown,No it's nothing like that. It's-,,,sadness
train,Ses01F_script01_3,23,Ses01F_script01_3_M023,unknown,Yeah.  I suppose I have been. But it's going from me.,,,sadness
train,Ses01F_script01_3,24,Ses01F_script01_3_M024,unknown,I don't even know how to start.,,,sadness
train,Ses01F_script01_3,25,Ses01F_script01_3_M025,unknown,"It's just all mixed up with so many other things, you know?  You know overseas I was in command of a company?",,,sadness
train,Ses01F_script01_3,26,Ses01F_script01_3_M026,unknown,Well I lost them.,,,sadness
train,Ses01F_script01_3,27,Ses01F_script01_3_M027,unknown,Pretty much all.,,,sadness
train,Ses01F_script01_3,28,Ses01F_script01_3_M028,unknown,You can't just toss off a thing like that because they weren't just men. You know?,,,sadness
train,Ses01F_script01_3,29,Ses01F_script01_3_M029,unknown,"Like for instance, there was this one time it had been raining for several days and this kid he just came up to me and he gave me his last pair of dry socks.  He just put them in my pocket.  That's a little thing, you know, but that's what kind of guys I had.",,,sadness
train,Ses01F_script01_3,30,Ses01F_script01_3_M030,unknown,"They didn't die, they killed themselves for each other.  I mean that, exactly.  Just a little more selfish and they would all be here today.",,,sadness
train,Ses01F_script01_3,32,Ses01F_script01_3_M032,unknown,"To bring that on to the earth again, you know, is like some kind of monument and I thought I would just make a difference to them.",,,sadness
train,Ses01F_script01_3,33,Ses01F_script01_3_M033,unknown,"But then I came home and it was incredible, you know?  The whole thing was just kind of this random bus accident.  You know, I went back to the rat race again, I went to work.",,,sadness
train,Ses01F_script01_3,36,Ses01F_script01_3_M036,unknown,And I didn't want any of it. I guess that included you.,,,sadness
train,Ses01F_script01_3,37,Ses01F_script01_3_M037,unknown,I just want you to know Annie.,,,neutral
train,Ses01F_script02_2,0,Ses01F_script02_2_F000,unknown,That's the wind.,,,neutral
train,Ses01F_script02_2,1,Ses01F_script02_2_F001,unknown,About what?,,,neutral
train,Ses01F_script02_2,6,Ses01F_script02_2_F006,unknown,"Don't ask me that.  I hate it when you ask me that, you always ask me that.  It's insulting.",,,anger
train,Ses01F_script02_2,7,Ses01F_script02_2_F007,unknown,We just have different ideas of what this night is supposed to look like.,,,frustrated
train,Ses01F_script02_2,8,Ses01F_script02_2_F008,unknown,"For God- Grow up, Augie.  The fish are not going to arrive.",,,anger
train,Ses01F_script02_2,9,Ses01F_script02_2_F009,unknown,Because they never do.  Have they...Have they ever?,,,anger
train,Ses01F_script02_2,10,Ses01F_script02_2_F010,unknown,Twice is every time we have tried; that's ever.,,,anger
train,Ses01F_script02_2,12,Ses01F_script02_2_F012,unknown,I feel like my whole life is going to be spent standing on this beach with my eyes wide open and my hands clasped expectantly waiting for fish to show up.  And the fish never show up.,,,frustrated
train,Ses01F_script02_2,13,Ses01F_script02_2_F013,unknown,You don't understand anything I am saying.,,,frustrated
train,Ses01F_script02_2,15,Ses01F_script02_2_F015,unknown,"I feel like I'm always just standing here waiting.  I feel like this night is going to be the night, but it never is.",,,sadness
train,Ses01F_script02_2,16,Ses01F_script02_2_F016,unknown,"For God's sake, this is not about fish.",,,anger
train,Ses01F_script02_2,17,Ses01F_script02_2_F017,unknown,Do you remember the first year we came here?  It was like four years after we got married.,,,neutral
train,Ses01F_script02_2,19,Ses01F_script02_2_F019,unknown,"You whispered the sweetest, most intimate things to me right into my ear so I could feel them as much as hear them.  And I remember thinking, this is it.  You know, finally, I am as happy as I'm supposed to be.",,,joy
train,Ses01F_script02_2,21,Ses01F_script02_2_F021,unknown,dancing barefoot in the sand.,,,frustrated
train,Ses01F_script02_2,22,Ses01F_script02_2_F022,unknown,I'd rather not remember some things.  I'd rather not hope for some things.,,,sadness
train,Ses01F_script02_2,23,Ses01F_script02_2_F023,unknown,No.,,,neutral
train,Ses01F_script02_2,25,Ses01F_script02_2_F025,unknown,"No, no. Nothing.",,,frustrated
train,Ses01F_script02_2,26,Ses01F_script02_2_F026,unknown,No.,,,neutral
train,Ses01F_script02_2,27,Ses01F_script02_2_F027,unknown,No.,,,frustrated
train,Ses01F_script02_2,29,Ses01F_script02_2_F029,unknown,[BREATHING],,,frustrated
train,Ses01F_script02_2,30,Ses01F_script02_2_F030,unknown,This? What is this?  This is nothing.  This isn't even anything.,,,frustrated
train,Ses01F_script02_2,32,Ses01F_script02_2_F032,unknown,"I mean this is a lot of things, but it's just...",,,frustrated
train,Ses01F_script02_2,33,Ses01F_script02_2_F033,unknown,Do you understand what I am saying?,,,frustrated
train,Ses01F_script02_2,34,Ses01F_script02_2_F034,unknown,"I know you are Augie, I know.",,,sadness
train,Ses01F_script02_2,35,Ses01F_script02_2_F035,unknown,"I know you meant this to be special, I know that you wanted it to be right, but I just can't help thinking that, I can't help wishing that I was somewhere else.",,,sadness
train,Ses01F_script02_2,36,Ses01F_script02_2_F036,unknown,I didn't say that.,,,sadness
train,Ses01F_script02_2,37,Ses01F_script02_2_F037,unknown,"Don't be ridiculous.  Anything that- anything I am doing, I'd rather be doing it with you.",,,sur
train,Ses01F_script02_2,38,Ses01F_script02_2_F038,unknown,Yeah.  Don't you know that?,,,sur
train,Ses01F_script02_2,40,Ses01F_script02_2_F040,unknown,"You're the one who probably wishes he was with somebody else.  Somebody who doesn't take things so seriously, who could enjoy herself.",,,sadness
train,Ses01F_script02_2,41,Ses01F_script02_2_F041,unknown,"So maybe we are in the wrong spot, but we are with the right person.",,,neutral
train,Ses01F_script02_2,42,Ses01F_script02_2_F042,unknown,"Hmm.  I noticed that, it's pretty. Big old white moon.",,,joy
train,Ses01F_script02_2,43,Ses01F_script02_2_F043,unknown,"Augie, you bought refreshments.",,,joy
train,Ses01F_script02_2,44,Ses01F_script02_2_F044,unknown,I guess we don't need glasses.,,,joy
train,Ses01F_script02_2,45,Ses01F_script02_2_F045,unknown,I'm beginning to think this might be the right spot after all.,,,joy
train,Ses01F_script02_2,46,Ses01F_script02_2_F046,unknown,"Augie, I'm sorry.",,,sadness
train,Ses01F_script02_2,47,Ses01F_script02_2_F047,unknown,Or not.,,,neutral
train,Ses01F_script02_2,0,Ses01F_script02_2_M000,unknown,"Look at this, all of the hairs are standing up on my arm.",,,excited
train,Ses01F_script02_2,1,Ses01F_script02_2_M001,unknown,"Well, so, what do you think?",,,excited
train,Ses01F_script02_2,2,Ses01F_script02_2_M002,unknown,About what I was saying.,,,neutral
train,Ses01F_script02_2,4,Ses01F_script02_2_M004,unknown,"Not just me, look at all of these people.",,,frustrated
train,Ses01F_script02_2,6,Ses01F_script02_2_M006,unknown,"Carla, can I ask you something?  Now, don't take this the wrong way, but are you on your period?",,,neutral
train,Ses01F_script02_2,7,Ses01F_script02_2_M007,unknown,"Well then, what's bugging you?",,,frustrated
train,Ses01F_script02_2,8,Ses01F_script02_2_M008,unknown,"There is nothing to it; we come down here, the fish arrive, they flop around, they do their fish thing.  We go ooh, ah, look at the fish and we go home.",,,frustrated
train,Ses01F_script02_2,9,Ses01F_script02_2_M009,unknown,Why not?,,,frustrated
train,Ses01F_script02_2,10,Ses01F_script02_2_M010,unknown,We've missed them twice.,,,frustrated
train,Ses01F_script02_2,11,Ses01F_script02_2_M011,unknown,They'll show up this time.,,,frustrated
train,Ses01F_script02_2,13,Ses01F_script02_2_M013,unknown,No. Of course not.,,,frustrated
train,Ses01F_script02_2,14,Ses01F_script02_2_M014,unknown,"It's just fish, it's nothing to get traumatized over.",,,frustrated
train,Ses01F_script02_2,15,Ses01F_script02_2_M015,unknown,Okay.  I'm trying to work this backwards and pinpoint the exact moment where we took a turn for the worst here.,,,frustrated
train,Ses01F_script02_2,16,Ses01F_script02_2_M016,unknown,"Okay.  So you were fine during that phone call from Marge and then dinner was okay.  And doing the dishes was fine and then I was going to take a shower and you're watching the news and you said the grunions are running tonight, do you want to go?  And I said, sure great, let's go.",,,neutral
train,Ses01F_script02_2,17,Ses01F_script02_2_M017,unknown,"Okay.  So I am putting out the pets, getting the car out of the garage.",,,neutral
train,Ses01F_script02_2,19,Ses01F_script02_2_M019,unknown,"It's when we were driving past that Knickerbocker Liquor Locker, you said, let's get some champagne.  I said no, time's a wasting or something like that.",,,neutral
train,Ses01F_script02_2,20,Ses01F_script02_2_M020,unknown,"That's what it is?  Right?  You want this to be like the other time, right?",,,frustrated
train,Ses01F_script02_2,21,Ses01F_script02_2_M021,unknown,Sure.  All right.  Okay.,,,neutral
train,Ses01F_script02_2,22,Ses01F_script02_2_M022,unknown,"Listen, do you want to dance?",,,neutral
train,Ses01F_script02_2,23,Ses01F_script02_2_M023,unknown,Do you want me to go get some champagne?,,,neutral
train,Ses01F_script02_2,24,Ses01F_script02_2_M024,unknown,Do you want to take off your shoes?,,,joy
train,Ses01F_script02_2,26,Ses01F_script02_2_M026,unknown,Do you want to get married again?,,,joy
train,Ses01F_script02_2,27,Ses01F_script02_2_M027,unknown,What?  What?  Do you want a divorce?,,,oth
train,Ses01F_script02_2,31,Ses01F_script02_2_M031,unknown,"No I'm just like you.  I thought it was going to be all roses and peaches and the bills would just pay themselves.  And we'll have three, fat rosy cheeked children.  Huh, baby, the joke's on us.  Because you know what you get?",,,frustrated
train,Ses01F_script02_2,32,Ses01F_script02_2_M032,unknown,Do you know what you get?  You get this.,,,frustrated
train,Ses01F_script02_2,33,Ses01F_script02_2_M033,unknown,Yes it is.,,,neutral
train,Ses01F_script02_2,35,Ses01F_script02_2_M035,unknown,[BREATHING],,,frustrated
train,Ses01F_script02_2,36,Ses01F_script02_2_M036,unknown,I'm doing the best I can.,,,frustrated
train,Ses01F_script02_2,37,Ses01F_script02_2_M037,unknown,"Maybe if you were with someone else, too.",,,sadness
train,Ses01F_script02_2,38,Ses01F_script02_2_M038,unknown,I just- I know I don't make you happy.,,,sadness
train,Ses01F_script02_2,39,Ses01F_script02_2_M039,unknown,Yeah?,,,sur
train,Ses01F_script02_2,40,Ses01F_script02_2_M040,unknown,"You know, actually now that you mention it, no I don't.",,,neutral
train,Ses01F_script02_2,41,Ses01F_script02_2_M041,unknown,"I don't know, it seemed like such a good spot to me.",,,frustrated
train,Ses01F_script02_2,42,Ses01F_script02_2_M042,unknown,"We have a great view of the moon from here, though, huh?",,,neutral
train,Ses01F_script02_2,43,Ses01F_script02_2_M043,unknown,[BREATHING],,,neutral
train,Ses01F_script02_2,44,Ses01F_script02_2_M044,unknown,And look what I got here.,,,joy
train,Ses01F_script02_2,46,Ses01F_script02_2_M046,unknown,[BREATHING],,,joy
train,Ses01F_script02_2,47,Ses01F_script02_2_M047,unknown,Do you want to go home?  Are you cold?,,,neutral
train,Ses01F_script02_2,48,Ses01F_script02_2_M048,unknown,"Shh.  If we're very quiet, the fish might come.",,,neutral
train,Ses01F_script02_2,49,Ses01F_script02_2_M049,unknown,Or not.,,,joy
train,Ses01F_script03_1,0,Ses01F_script03_1_F000,unknown,Is it them?,,,fea
train,Ses01F_script03_1,1,Ses01F_script03_1_F001,unknown,Freda is the only one who knows we are here.  She wouldn't ring up.,,,fea
train,Ses01F_script03_1,2,Ses01F_script03_1_F002,unknown,It had to happen sooner or later.  What are we going to do?,,,fea
train,Ses01F_script03_1,5,Ses01F_script03_1_F005,unknown,[LAUGHTER] That sent shivers up my spine.,,,joy
train,Ses01F_script03_1,6,Ses01F_script03_1_F006,unknown,We'll behave exquisitely.,,,excited
train,Ses01F_script03_1,7,Ses01F_script03_1_F007,unknown,I think I shall do a curtsy.,,,excited
train,Ses01F_script03_1,10,Ses01F_script03_1_F010,unknown,Yes.  Meaning just that.,,,joy
train,Ses01F_script03_1,11,Ses01F_script03_1_F011,unknown,Don't laugh at me.  I'm being serious.,,,joy
train,Ses01F_script03_1,12,Ses01F_script03_1_F012,unknown,Who's they?,,,excited
train,Ses01F_script03_1,20,Ses01F_script03_1_F020,unknown,[LAUGHTER],,,joy
train,Ses01F_script03_1,21,Ses01F_script03_1_F021,unknown,"Oh Elliott, worms don't pop.",,,joy
train,Ses01F_script03_1,22,Ses01F_script03_1_F022,unknown,"Aw.  Thank you, darling.  The same applies to you too, except that if you so much as look at another woman I'll kill you.",,,joy
train,Ses01F_script03_1,24,Ses01F_script03_1_F024,unknown,"Oh Charles, that was his name.  He did wiggle so beautifully.",,,excited
train,Ses01F_script03_1,29,Ses01F_script03_1_F029,unknown,"The manager came in, he found us rolling about the floor, biting and scratching like panthers. [LAUGHTER]  How utterly, utterly ridiculous.",,,joy
train,Ses01F_script03_1,30,Ses01F_script03_1_F030,unknown,[LAUGHTER] And very much sillier.,,,joy
train,Ses01F_script03_1,0,Ses01F_script03_1_M000,unknown,Good God.,,,fea
train,Ses01F_script03_1,1,Ses01F_script03_1_M001,unknown,I wonder.,,,fea
train,Ses01F_script03_1,2,Ses01F_script03_1_M002,unknown,It must be them then.,,,fea
train,Ses01F_script03_1,3,Ses01F_script03_1_M003,unknown,[BREATHING],,,fea
train,Ses01F_script03_1,5,Ses01F_script03_1_M005,unknown,I don't care then.,,,excited
train,Ses01F_script03_1,7,Ses01F_script03_1_M007,unknown,No.  Wrong number. [LAUGHTER],,,joy
train,Ses01F_script03_1,8,Ses01F_script03_1_M008,unknown,What shall we do if they suddenly walk in on us.[LAUGHTER],,,joy
train,Ses01F_script03_1,9,Ses01F_script03_1_M009,unknown,With perfect poise.,,,joy
train,Ses01F_script03_1,10,Ses01F_script03_1_M010,unknown,"It's strange; things that ought to matter dreadfully, they just don't matter at all when one's happy.  Do they?",,,joy
train,Ses01F_script03_1,13,Ses01F_script03_1_M013,unknown,"Well what does it all mean?  That's what I ask myself in my quest for ultimate truth.  Dear God, what does it all mean?",,,joy
train,Ses01F_script03_1,18,Ses01F_script03_1_M018,unknown,Who knows?,,,joy
train,Ses01F_script03_1,21,Ses01F_script03_1_M021,unknown,Yes.  Yes with all of his might.,,,excited
train,Ses01F_script03_1,24,Ses01F_script03_1_M024,unknown,"Let's be superficial, and just pity those poor philosophers, huh?  Let's blow trumpets and squeakers and enjoy the party for as long as we can, you know, like small, idiotic school children.",,,excited
train,Ses01F_script03_1,25,Ses01F_script03_1_M025,unknown,Oh Come and kiss me darling before your body rots and worms pop out of your eye sockets.,,,joy
train,Ses01F_script03_1,26,Ses01F_script03_1_M026,unknown,"Oh See, I don't care what you do, see.  You can paint yourself green and run naked through the Place Vendome and run off with all of the men of the world.  I shan't say a word, just as long as you love me best.",,,joy
train,Ses01F_script03_1,30,Ses01F_script03_1_M030,unknown,It was a terrible thing.  I hated it.,,,dis
train,Ses01F_script03_1,34,Ses01F_script03_1_M034,unknown,"That was a rouser, wasn't it?",,,joy
train,Ses01F_script03_1,36,Ses01F_script03_1_M036,unknown,[LAUGHTER] I'll never forget his face. [LAUGHTER],,,joy
train,Ses01F_script03_1,37,Ses01F_script03_1_M037,unknown,[LAUGHTER] We were very much younger then.,,,joy
train,Ses01F_script03_2,0,Ses01F_script03_2_F000,unknown,And very much sillier.,,,joy
train,Ses01F_script03_2,1,Ses01F_script03_2_F001,unknown,Oh.  You knew there was nothing in that.,,,joy
train,Ses01F_script03_2,2,Ses01F_script03_2_F002,unknown,"Presents?  It was only a trivial, little brooch.",,,joy
train,Ses01F_script03_2,4,Ses01F_script03_2_F004,unknown,I did not.  You worked that whole thing up in your jealous imagination.,,,neutral
train,Ses01F_script03_2,5,Ses01F_script03_2_F005,unknown,"Well, what of it?",,,neutral
train,Ses01F_script03_2,8,Ses01F_script03_2_F008,unknown,Oh dear.  I'm bored with this conversation.,,,frustrated
train,Ses01F_script03_2,13,Ses01F_script03_2_F013,unknown,Don't be stupid.,,,anger
train,Ses01F_script03_2,14,Ses01F_script03_2_F014,unknown,What?,,,anger
train,Ses01F_script03_2,15,Ses01F_script03_2_F015,unknown,No.  I am just making myself fascinating for you.,,,anger
train,Ses01F_script03_2,16,Ses01F_script03_2_F016,unknown,Oh.  It's a woman's duty to allure the man.,,,anger
train,Ses01F_script03_2,17,Ses01F_script03_2_F017,unknown,No it isn't.,,,anger
train,Ses01F_script03_2,18,Ses01F_script03_2_F018,unknown,You shut up.,,,anger
train,Ses01F_script03_2,21,Ses01F_script03_2_F021,unknown,They sting. I don't care.  Do you understand?  I don't care if they bark and they roll about like hoops.,,,anger
train,Ses01F_script03_2,22,Ses01F_script03_2_F022,unknown,"Yes I did, quite a lot.",,,anger
train,Ses01F_script03_2,23,Ses01F_script03_2_F023,unknown,Mind your own business.,,,anger
train,Ses01F_script03_2,24,Ses01F_script03_2_F024,unknown,"You're quite insufferable, I expect it's because you are drunk.",,,anger
train,Ses01F_script03_2,25,Ses01F_script03_2_F025,unknown,You've always had a weak head.,,,anger
train,Ses01F_script03_2,26,Ses01F_script03_2_F026,unknown,"On the contrary, a child of two can get violently drunk on only one glass of brandy.",,,anger
train,Ses01F_script03_2,27,Ses01F_script03_2_F027,unknown,Oh shut up.,,,anger
train,Ses01F_script03_2,28,Ses01F_script03_2_F028,unknown,Shut up.,,,anger
train,Ses01F_script03_2,29,Ses01F_script03_2_F029,unknown,"Not very funny, darling.  Why don't you have some more brandy.",,,anger
train,Ses01F_script03_2,30,Ses01F_script03_2_F030,unknown,Why?,,,neutral
train,Ses01F_script03_2,31,Ses01F_script03_2_F031,unknown,There are no people upstairs; it's a photographer's studio.,,,neutral
train,Ses01F_script03_2,32,Ses01F_script03_2_F032,unknown,They are away in Tunis.,,,neutral
train,Ses01F_script03_2,34,Ses01F_script03_2_F034,unknown,Fine if you insist on being boorish and idiotic.,,,anger
train,Ses01F_script03_2,35,Ses01F_script03_2_F035,unknown,"You are far too temperamental, try to control yourself.",,,anger
train,Ses01F_script03_2,36,Ses01F_script03_2_F036,unknown,"I won't.  Let go, let go of me. Listen, listen?  I'm sick and tired of listening to you, you sadistic bully.",,,anger
train,Ses01F_script03_2,37,Ses01F_script03_2_F037,unknown,"Oh shut up.  Let go.  I hate you, I hate you.  Do you hear?  You are a conceited and overbearing and utterly impossible.",,,anger
train,Ses01F_script03_2,38,Ses01F_script03_2_F038,unknown,This is the end.  Do you hear me?  Finally and forever.,,,anger
train,Ses01F_script03_2,39,Ses01F_script03_2_F039,unknown,Oh.  Yes I am.,,,anger
train,Ses01F_script03_2,40,Ses01F_script03_2_F040,unknown,"Yes I am.   Stop it. Stop it.  Let go of me. Oh.  You're a cruel fiend.  I loathe and I hate you. Marry you again?  Never, never, never. I hope you die in torment, you brute beast cad.",,,anger
train,Ses01F_script03_2,1,Ses01F_script03_2_M001,unknown,However I believe the real cause of that row was Peter Burden.,,,neutral
train,Ses01F_script03_2,2,Ses01F_script03_2_M002,unknown,I knew nothing of the sort.  You took presents from him.,,,neutral
train,Ses01F_script03_2,4,Ses01F_script03_2_M004,unknown,You went out of your way to torture me over Peter Burden.,,,neutral
train,Ses01F_script03_2,5,Ses01F_script03_2_M005,unknown,"Well, you let him kiss you, huh?  You said you did.",,,frustrated
train,Ses01F_script03_2,7,Ses01F_script03_2_M007,unknown,What about me?,,,anger
train,Ses01F_script03_2,9,Ses01F_script03_2_M009,unknown,So am I.  I'm bored stiff. [GARBAGE]  Do you want some brandy?,,,frustrated
train,Ses01F_script03_2,10,Ses01F_script03_2_M010,unknown,"I'll have a little, I think.",,,neutral
train,Ses01F_script03_2,11,Ses01F_script03_2_M011,unknown,"No particular reason.  Anyhow, they are very small ones.",,,neutral
train,Ses01F_script03_2,12,Ses01F_script03_2_M012,unknown,"You can hardly call three glasses of liquor a whole evening long, going on and on and on.",,,frustrated
train,Ses01F_script03_2,13,Ses01F_script03_2_M013,unknown,Oh.  Don't be so grand.  Just because you don't happen to want one at the moment.,,,frustrated
train,Ses01F_script03_2,14,Ses01F_script03_2_M014,unknown,"Really, Amanda.",,,anger
train,Ses01F_script03_2,15,Ses01F_script03_2_M015,unknown,Nothing.,,,frustrated
train,Ses01F_script03_2,16,Ses01F_script03_2_M016,unknown,"you going out somewhere, dear?",,,neutral
train,Ses01F_script03_2,18,Ses01F_script03_2_M018,unknown,"Well as a matter of fact, yes, that's perfectly true.",,,neutral
train,Ses01F_script03_2,19,Ses01F_script03_2_M019,unknown,Yes it is.,,,neutral
train,Ses01F_script03_2,20,Ses01F_script03_2_M020,unknown,"Oh really.  It's a pity you didn't have any brandy, it would have made you a little less disagreeable.",,,anger
train,Ses01F_script03_2,21,Ses01F_script03_2_M021,unknown,"Snap, snap, snap.  You know you are like a little adder.",,,anger
train,Ses01F_script03_2,22,Ses01F_script03_2_M022,unknown,Nonsense.  They have a bag of venom behind their fangs and they snap. They snap.,,,anger
train,Ses01F_script03_2,23,Ses01F_script03_2_M023,unknown,Did you see much of Peter Burden after our divorce?,,,anger
train,Ses01F_script03_2,24,Ses01F_script03_2_M024,unknown,"And I suppose you let him kiss you a good deal more than, too. Yes.  I suppose you guys had a riotous time, huh?  All out, no restraint at all.  Well, you never really had much anyhow.",,,anger
train,Ses01F_script03_2,25,Ses01F_script03_2_M025,unknown,I think I am not in the least bit drunk.,,,anger
train,Ses01F_script03_2,26,Ses01F_script03_2_M026,unknown,I think I mentioned once before that I've had three minute liquor glasses the whole evening long.  A child of two cannot get drunk on that.,,,anger
train,Ses01F_script03_2,27,Ses01F_script03_2_M027,unknown,"That's very interesting Amanda. How about a child of four?  Or a child of six?  Or a child of nine? We can get a good little conversation going on about this, you know, intemperate tots.",,,anger
train,Ses01F_script03_2,29,Ses01F_script03_2_M029,unknown,"Look, you better turn that off. I don't want to wake up the people upstairs.",,,anger
train,Ses01F_script03_2,30,Ses01F_script03_2_M030,unknown,Well then you'll wake up the people downstairs.,,,anger
train,Ses01F_script03_2,31,Ses01F_script03_2_M031,unknown,This is no time of year for Tunis.,,,neutral
train,Ses01F_script03_2,32,Ses01F_script03_2_M032,unknown,I will do no such thing.,,,anger
train,Ses01F_script03_2,33,Ses01F_script03_2_M033,unknown,"Will you turn that off, it's driving me mad.",,,anger
train,Ses01F_script03_2,34,Ses01F_script03_2_M034,unknown,Turn it off.,,,anger
train,Ses01F_script03_2,35,Ses01F_script03_2_M035,unknown,"Amanda, listen, listen.",,,anger
train,Ses01F_script03_2,36,Ses01F_script03_2_M036,unknown,Oh.  That's very amusing indeed.,,,anger
train,Ses01F_script03_2,37,Ses01F_script03_2_M037,unknown,"You are a vile, ill-tempered, loose living, wicked little beast and I never want to see you again as long as I live.",,,anger
train,Ses01F_script03_2,38,Ses01F_script03_2_M038,unknown,You're not going like this.,,,anger
train,Ses01F_script03_2,39,Ses01F_script03_2_M039,unknown,You're not.,,,anger
train,Ses01F_script03_2,40,Ses01F_script03_2_M040,unknown,"Shut up. Shut up. God, I wouldn't marry you again if you came crawling back to me on a bended knee.  You are a vile, ill-tempered, mean little wench and I never want to see you again as long as I live.",,,anger
train,Ses01M_impro01,0,Ses01M_impro01_F000,unknown,Next.,,,anger
train,Ses01M_impro01,1,Ses01M_impro01_F001,unknown,My window is open.,,,anger
train,Ses01M_impro01,4,Ses01M_impro01_F004,unknown,What are you... what's...What are you applying for?,,,frustrated
train,Ses01M_impro01,7,Ses01M_impro01_F007,unknown,"No, I need your ID to give you a second ID.",,,anger
train,Ses01M_impro01,8,Ses01M_impro01_F008,unknown,It's really simple if you have a problem with it... Maybe you should--,,,anger
train,Ses01M_impro01,10,Ses01M_impro01_F010,unknown,You have a birth certificate?,,,frustrated
train,Ses01M_impro01,11,Ses01M_impro01_F011,unknown,What do you expect me to do?,,,anger
train,Ses01M_impro01,12,Ses01M_impro01_F012,unknown,Probably.,,,anger
train,Ses01M_impro01,15,Ses01M_impro01_F015,unknown,I am..I don't..I don't understand what you want.  A driver's license or a California ID.,,,frustrated
train,Ses01M_impro01,19,Ses01M_impro01_F019,unknown,Don't raise your voice with me.,,,anger
train,Ses01M_impro01,20,Ses01M_impro01_F020,unknown,Don't talk to me like I'm a child.,,,anger
train,Ses01M_impro01,21,Ses01M_impro01_F021,unknown,Do you know how long I've been working here? How long have you lived in California?,,,anger
train,Ses01M_impro01,22,Ses01M_impro01_F022,unknown,"Maybe you never been to the D.M.V. before, maybe you should get back in line.  You know what?  sit in line again and if you get my number ask for different one.",,,anger
train,Ses01M_impro01,24,Ses01M_impro01_F024,unknown,Uh huh.  I didn't come here get in yelling match either.,,,neutral
train,Ses01M_impro01,25,Ses01M_impro01_F025,unknown,They don't pay me enough to deal people like you.,,,neutral
train,Ses01M_impro01,0,Ses01M_impro01_M000,unknown,"Yes, me. Okay, okay here we go.",,,frustrated
train,Ses01M_impro01,1,Ses01M_impro01_M001,unknown,"Okay, so filled out all these forms  --",,,frustrated
train,Ses01M_impro01,2,Ses01M_impro01_M002,unknown,and I have This form of ID here so...,,,frustrated
train,Ses01M_impro01,3,Ses01M_impro01_M003,unknown,"Yes, Jones.",,,neutral
train,Ses01M_impro01,5,Ses01M_impro01_M005,unknown,I'm just applying for another ID.,,,frustrated
train,Ses01M_impro01,6,Ses01M_impro01_M006,unknown,"Yes.  I'm supposed to have three forms of ID for this.  It's a long story, I'm supposed to have three forms of ID for this other job I really don't get into but I need another...",,,frustrated
train,Ses01M_impro01,7,Ses01M_impro01_M007,unknown,"I have it right here, yes.",,,frustrated
train,Ses01M_impro01,8,Ses01M_impro01_M008,unknown,But that's...,,,frustrated
train,Ses01M_impro01,9,Ses01M_impro01_M009,unknown,"That's why I'm here, that's why I was waiting in this line.  I need to get another form of ID.",,,frustrated
train,Ses01M_impro01,10,Ses01M_impro01_M010,unknown,"No, I don't have a passport.",,,neutral
train,Ses01M_impro01,11,Ses01M_impro01_M011,unknown,"I don't where it is though, I don't have with me.  Can I get it from somewhere?  I mean...",,,frustrated
train,Ses01M_impro01,12,Ses01M_impro01_M012,unknown,I probably have to go wait another line to get my birth certificate don't I?,,,frustrated
train,Ses01M_impro01,13,Ses01M_impro01_M013,unknown,You're very helpful.  What's your name?,,,frustrated
train,Ses01M_impro01,15,Ses01M_impro01_M015,unknown,So can you help me or not?,,,frustrated
train,Ses01M_impro01,16,Ses01M_impro01_M016,unknown,Okay. [BREATHING],,,frustrated
train,Ses01M_impro01,17,Ses01M_impro01_M017,unknown,I need California ID.,,,frustrated
train,Ses01M_impro01,18,Ses01M_impro01_M018,unknown,On top of these other two forms of ID which I already have.,,,frustrated
train,Ses01M_impro01,19,Ses01M_impro01_M019,unknown,"No, I don't have driver's license.",,,frustrated
train,Ses01M_impro01,20,Ses01M_impro01_M020,unknown,Did you even look at the form?  I filled it out all these questions--,,,anger
train,Ses01M_impro01,22,Ses01M_impro01_M022,unknown,Okay.,,,frustrated
train,Ses01M_impro01,23,Ses01M_impro01_M023,unknown,If it makes you stop acting like a child.,,,frustrated
train,Ses01M_impro01,25,Ses01M_impro01_M025,unknown,I am not...I'm not getting to back that line.,,,anger
train,Ses01M_impro01,26,Ses01M_impro01_M026,unknown,"Okay, okay let's keep our voices down, okay?  I didn't come here to get in yelling match.",,,frustrated
train,Ses01M_impro01,27,Ses01M_impro01_M027,unknown,"I did not come in here to get in a yelling match with you, all right?",,,frustrated
train,Ses01M_impro01,28,Ses01M_impro01_M028,unknown,Just try and help me.,,,frustrated
train,Ses01M_impro01,30,Ses01M_impro01_M030,unknown,Why?,,,anger
train,Ses01M_impro01,31,Ses01M_impro01_M031,unknown,"Why, because I'm sick of talking to you.",,,anger
train,Ses01M_impro01,32,Ses01M_impro01_M032,unknown,"'Cause you're obviously not talking to me, you're just yelling at me, berating me and telling me I can't fill out forms right.",,,anger
train,Ses01M_impro01,33,Ses01M_impro01_M033,unknown,"Oh, no honey. And you're going to miss the Christmas card too. It's a shame. It's going to be a good, nice picture.",,,frustrated
train,Ses01M_impro02,0,Ses01M_impro02_F000,unknown,What's happening?,,,neutral
train,Ses01M_impro02,2,Ses01M_impro02_F002,unknown,Are you kidding me?,,,sur
train,Ses01M_impro02,3,Ses01M_impro02_F003,unknown,How...,,,frustrated
train,Ses01M_impro02,4,Ses01M_impro02_F004,unknown,How can they do that?,,,frustrated
train,Ses01M_impro02,5,Ses01M_impro02_F005,unknown,They said you're home for at least four years.,,,frustrated
train,Ses01M_impro02,6,Ses01M_impro02_F006,unknown,[BREATHING],,,frustrated
train,Ses01M_impro02,7,Ses01M_impro02_F007,unknown,That's not fair.,,,frustrated
train,Ses01M_impro02,8,Ses01M_impro02_F008,unknown,[BREATHING],,,frustrated
train,Ses01M_impro02,9,Ses01M_impro02_F009,unknown,I don't even know what to tell you.,,,sadness
train,Ses01M_impro02,10,Ses01M_impro02_F010,unknown,What about the birthday party?,,,sadness
train,Ses01M_impro02,13,Ses01M_impro02_F013,unknown,You're going with the same ones?,,,sadness
train,Ses01M_impro02,15,Ses01M_impro02_F015,unknown,It's not the same though.,,,sadness
train,Ses01M_impro02,17,Ses01M_impro02_F017,unknown,Mm hmm.  We'll build a bunker and never come out.,,,sadness
train,Ses01M_impro02,19,Ses01M_impro02_F019,unknown,Don't say that.,,,sadness
train,Ses01M_impro02,0,Ses01M_impro02_M000,unknown,"Hey, Joy come in here.",,,neutral
train,Ses01M_impro02,1,Ses01M_impro02_M001,unknown,I have to go back.,,,sadness
train,Ses01M_impro02,2,Ses01M_impro02_M002,unknown,I just got a letter I have to go back.,,,sadness
train,Ses01M_impro02,3,Ses01M_impro02_M003,unknown,First thing tomorrow morning.,,,sadness
train,Ses01M_impro02,6,Ses01M_impro02_M006,unknown,"I guess they can do it,",,,frustrated
train,Ses01M_impro02,7,Ses01M_impro02_M007,unknown,"The National Guard is I guess really spread thin and then everyone has to go.  We all have to go back, my whole companies going back.",,,sadness
train,Ses01M_impro02,9,Ses01M_impro02_M009,unknown,"So yeah, we leave tomorrow...",,,sadness
train,Ses01M_impro02,10,Ses01M_impro02_M010,unknown,...we're all shipping out.,,,sadness
train,Ses01M_impro02,11,Ses01M_impro02_M011,unknown,I just got I feel like I'm in shock actually.,,,sadness
train,Ses01M_impro02,12,Ses01M_impro02_M012,unknown,I don't know.,,,sadness
train,Ses01M_impro02,13,Ses01M_impro02_M013,unknown,I guess you're just going to have to have it without me.,,,sadness
train,Ses01M_impro02,14,Ses01M_impro02_M014,unknown,"Hey listen, it's going to be okay though, all right?",,,sadness
train,Ses01M_impro02,15,Ses01M_impro02_M015,unknown,You're going to be fine.,,,sadness
train,Ses01M_impro02,16,Ses01M_impro02_M016,unknown,"I'm going to be fine too, okay?",,,sadness
train,Ses01M_impro02,17,Ses01M_impro02_M017,unknown,I know I have a good... I have a really good group of guys with me.,,,sadness
train,Ses01M_impro02,18,Ses01M_impro02_M018,unknown,We're going to be okay.,,,sadness
train,Ses01M_impro02,19,Ses01M_impro02_M019,unknown,Do promise me you're going to take a lot of pictures.,,,sadness
train,Ses01M_impro02,20,Ses01M_impro02_M020,unknown,I know.,,,sadness
train,Ses01M_impro02,21,Ses01M_impro02_M021,unknown,I just wish there was something I could do.,,,sadness
train,Ses01M_impro02,22,Ses01M_impro02_M022,unknown,Run away?,,,sadness
train,Ses01M_impro02,23,Ses01M_impro02_M023,unknown,"I really don't want to go, I don't want to go...",,,sadness
train,Ses01M_impro02,25,Ses01M_impro02_M025,unknown,I love you.,,,sadness
train,Ses01M_impro03,1,Ses01M_impro03_F001,unknown,[BREATHING],,,sur
train,Ses01M_impro03,2,Ses01M_impro03_F002,unknown,Why?,,,excited
train,Ses01M_impro03,3,Ses01M_impro03_F003,unknown,Is she on the run?,,,excited
train,Ses01M_impro03,4,Ses01M_impro03_F004,unknown,"Oh, she just needs to marry you.",,,excited
train,Ses01M_impro03,5,Ses01M_impro03_F005,unknown,That's incredible. That's awesome. Where's she from?  Maybe you can get a dual citizenship.,,,excited
train,Ses01M_impro03,6,Ses01M_impro03_F006,unknown,That's so cool. Uh huh.,,,excited
train,Ses01M_impro03,7,Ses01M_impro03_F007,unknown,[LAUGHTER] Why did she pick you? Where were you?,,,excited
train,Ses01M_impro03,8,Ses01M_impro03_F008,unknown,You were at a party? And she's like hey. You seem unattached she's like.,,,excited
train,Ses01M_impro03,9,Ses01M_impro03_F009,unknown,That's unbelievable... Yeah.,,,excited
train,Ses01M_impro03,10,Ses01M_impro03_F010,unknown,Well I've known people who have done this before. Yeah.  You just- it's really fun actually 'cause you have like a fake engagement party and all your friends come over and like...,,,excited
train,Ses01M_impro03,11,Ses01M_impro03_F011,unknown,"Yeah. Yeah. And then yeah, and then you know like you could like you could do like like sock her for a lot of money",,,excited
train,Ses01M_impro03,12,Ses01M_impro03_F012,unknown,"Like make her rent the apartment that you two have to live together in, you know. And you won't pay any rent or you pay like, a hundred bucks a month or something.",,,excited
train,Ses01M_impro03,13,Ses01M_impro03_F013,unknown,Yeah.,,,excited
train,Ses01M_impro03,14,Ses01M_impro03_F014,unknown,"Dude, you lucked out.",,,excited
train,Ses01M_impro03,15,Ses01M_impro03_F015,unknown,"Yeah.  My colors are blush and beige what is it, do you know?",,,excited
train,Ses01M_impro03,16,Ses01M_impro03_F016,unknown,Oh I don't know. [LAUGHTER],,,excited
train,Ses01M_impro03,17,Ses01M_impro03_F017,unknown,I don't know get it in cash.,,,neutral
train,Ses01M_impro03,18,Ses01M_impro03_F018,unknown,Yeah.,,,neutral
train,Ses01M_impro03,19,Ses01M_impro03_F019,unknown,How exciting. You should have a wedding on the beach.,,,excited
train,Ses01M_impro03,20,Ses01M_impro03_F020,unknown,"Yeah, at night.",,,excited
train,Ses01M_impro03,21,Ses01M_impro03_F021,unknown,"Oh yeah, absolutely, absolutely.",,,neutral
train,Ses01M_impro03,22,Ses01M_impro03_F022,unknown,How exciting.  You should make her bring all your friends too.,,,excited
train,Ses01M_impro03,23,Ses01M_impro03_F023,unknown,[GARBAGE] She's got to be loaded.  fifty thousand dollars.  That's incredible.,,,excited
train,Ses01M_impro03,24,Ses01M_impro03_F024,unknown,Incredible.,,,excited
train,Ses01M_impro03,25,Ses01M_impro03_F025,unknown,"you're a lucky, lucky, lucky man.",,,excited
train,Ses01M_impro03,26,Ses01M_impro03_F026,unknown,"Oh, totally. Yeah.",,,excited
train,Ses01M_impro03,0,Ses01M_impro03_M000,unknown,The craziest thing just happened to me.,,,excited
train,Ses01M_impro03,1,Ses01M_impro03_M001,unknown,This girl; she just offered me fifty thousand dollars to marry her.,,,excited
train,Ses01M_impro03,3,Ses01M_impro03_M003,unknown,"Well, she's not a citizen so she wants to get a visa.",,,neutral
train,Ses01M_impro03,4,Ses01M_impro03_M004,unknown,"No, no, no, no, no, no she just... she's not a citizen but she wants her visa, yeah. She's going to pay me fifty thousand dollars to marry her and stay married to her for two years.",,,excited
train,Ses01M_impro03,5,Ses01M_impro03_M005,unknown,That's like twenty five thousand dollar a year for doing nothing. Isn't that awesome?,,,excited
train,Ses01M_impro03,6,Ses01M_impro03_M006,unknown,"She's actually from England, I think.  Well she- she spoke English but she had an accent. I didn't even ask.",,,neutral
train,Ses01M_impro03,7,Ses01M_impro03_M007,unknown,"Fifty thousand dollars. Fifty thousand dollars. I was just out... I just... she's - well, she's a friend of friend but like...",,,excited
train,Ses01M_impro03,8,Ses01M_impro03_M008,unknown,"Yeah.  Can you believe that? Yeah, she's like hey, I'm like sure I'll do it, I don't care. Yeah. I'm like fifty thousand dollars, I'd totally do it for fifty thousand dollars. But the only thing is that's kind of like illegal. So like I could go to jail probably for a long if I get caught, but...",,,excited
train,Ses01M_impro03,10,Ses01M_impro03_M010,unknown,It's like I'm really going to get married. We'll have like the whole thing.,,,excited
train,Ses01M_impro03,11,Ses01M_impro03_M011,unknown,"Oh, good. [LAUGHTER]",,,excited
train,Ses01M_impro03,12,Ses01M_impro03_M012,unknown,I know. What do you think I should-,,,excited
train,Ses01M_impro03,13,Ses01M_impro03_M013,unknown,Oh good idea.,,,excited
train,Ses01M_impro03,14,Ses01M_impro03_M014,unknown,Yeah.  Make her like open the bank account and stuff too.,,,neutral
train,Ses01M_impro03,15,Ses01M_impro03_M015,unknown,It's a good idea.,,,excited
train,Ses01M_impro03,16,Ses01M_impro03_M016,unknown,I know.  Also I get to like plan the wedding now too. That will be fun.,,,excited
train,Ses01M_impro03,17,Ses01M_impro03_M017,unknown,"Something blue, something new, something... no I don't know. [LAUGHTER] So yeah, wonder if she's going to pay me up front but do you think it's bad though, do you think they're going to like track the money or something?",,,excited
train,Ses01M_impro03,18,Ses01M_impro03_M018,unknown,Just cash hardcore.,,,neutral
train,Ses01M_impro03,19,Ses01M_impro03_M019,unknown,What should we do?  Where should we get married? We should have party.,,,excited
train,Ses01M_impro03,20,Ses01M_impro03_M020,unknown,"Yeah, like a big like- A wedding on the beach, that would be nice.",,,excited
train,Ses01M_impro03,21,Ses01M_impro03_M021,unknown,And then we can honeymoon.  I want to go tropical though like Bahamas- --or like Tahiti or something. I just want to like beach and like drink.,,,neutral
train,Ses01M_impro03,22,Ses01M_impro03_M022,unknown,I'll make her pay for that.  I hear she's like totally wealthy. She's like royalty- --or something like and- --whatever like removed or something but yeah.,,,excited
train,Ses01M_impro03,23,Ses01M_impro03_M023,unknown,I'm going to marry a blue blood. [LAUGHTER],,,excited
train,Ses01M_impro03,24,Ses01M_impro03_M024,unknown,Will you help me plan?,,,excited
train,Ses01M_impro04,0,Ses01M_impro04_F000,unknown,You seem kind of down.,,,neutral
train,Ses01M_impro04,2,Ses01M_impro04_F002,unknown,What do you mean?,,,neutral
train,Ses01M_impro04,3,Ses01M_impro04_F003,unknown,There's a lot of people looking for jobs.,,,neutral
train,Ses01M_impro04,4,Ses01M_impro04_F004,unknown,"I don't know, I mean, I just don't think...",,,neutral
train,Ses01M_impro04,5,Ses01M_impro04_F005,unknown,Did you ever think it might be your attitude that's...,,,neutral
train,Ses01M_impro04,6,Ses01M_impro04_F006,unknown,"I don't know just sometimes you get kind of... No, I'm not saying that.  I just--",,,neutral
train,Ses01M_impro04,7,Ses01M_impro04_F007,unknown,...has anyone ever just said anything like that to you before?,,,neutral
train,Ses01M_impro04,8,Ses01M_impro04_F008,unknown,"Right, sure.",,,neutral
train,Ses01M_impro04,9,Ses01M_impro04_F009,unknown,"But I mean you kind of got to, you got to fake it 'til you feel it, right?",,,neutral
train,Ses01M_impro04,10,Ses01M_impro04_F010,unknown,I'm just saying that if I was looking to hire somebody in the--or kind of... No. No. No.,,,neutral
train,Ses01M_impro04,11,Ses01M_impro04_F011,unknown,No.  I'm just saying though that if I was a person who was hiring somebody I-- --would not hire someone who was angry or upset.,,,neutral
train,Ses01M_impro04,12,Ses01M_impro04_F012,unknown,No.,,,neutral
train,Ses01M_impro04,13,Ses01M_impro04_F013,unknown,"Well, you know a little.  If you were to listen to--",,,neutral
train,Ses01M_impro04,14,Ses01M_impro04_F014,unknown,I just don't want you to fly off the handle.,,,neutral
train,Ses01M_impro04,15,Ses01M_impro04_F015,unknown,You kind of have a short fuse.,,,neutral
train,Ses01M_impro04,16,Ses01M_impro04_F016,unknown,Yeah.,,,neutral
train,Ses01M_impro04,17,Ses01M_impro04_F017,unknown,"Like this, right now we're trying have a conversation.",,,neutral
train,Ses01M_impro04,18,Ses01M_impro04_F018,unknown,We're trying to have a conversation and you seem extremely hostile. You keep cutting me off.,,,neutral
train,Ses01M_impro04,19,Ses01M_impro04_F019,unknown,I can't finish the sentence with you without you jumping in...,,,neutral
train,Ses01M_impro04,20,Ses01M_impro04_F020,unknown,...and you're always right.,,,neutral
train,Ses01M_impro04,21,Ses01M_impro04_F021,unknown,You have an excuse for everything.,,,neutral
train,Ses01M_impro04,22,Ses01M_impro04_F022,unknown,I'm just saying that maybe you should take in some information before you produce more of your own.,,,neutral
train,Ses01M_impro04,23,Ses01M_impro04_F023,unknown,[BREATHING],,,neutral
train,Ses01M_impro04,24,Ses01M_impro04_F024,unknown,That's -.,,,frustrated
train,Ses01M_impro04,25,Ses01M_impro04_F025,unknown,"Well, what kind of field are you looking to go into?",,,neutral
train,Ses01M_impro04,1,Ses01M_impro04_M001,unknown,It's--I've been trying to find this job I can't get any job.,,,frustrated
train,Ses01M_impro04,2,Ses01M_impro04_M002,unknown,It's not fair.,,,frustrated
train,Ses01M_impro04,3,Ses01M_impro04_M003,unknown,"I mean I've been looking for a job for like three years and I can't get a job.  I mean like, it's America, right?  I should be able to get a job.",,,frustrated
train,Ses01M_impro04,4,Ses01M_impro04_M004,unknown,"I guess.  But three years?  I mean, I like--I went to college even, I mean I didn't finish but I went for like a little bit.  It's not fair, I don't know.",,,frustrated
train,Ses01M_impro04,5,Ses01M_impro04_M005,unknown,"I mean I've been sending out my resumes and doing everything I can do but nothing is happening.  You know, it's like I can't and I can't keep living on loans anymore like this.  I'm going to--I mean eventually I'm going to have to pay it back. I'm just kind of freaking out, I don't know.",,,frustrated
train,Ses01M_impro04,8,Ses01M_impro04_M008,unknown,"No, well maybe it's because I'm like frustrated 'cause I can't get a job, you know.",,,frustrated
train,Ses01M_impro04,9,Ses01M_impro04_M009,unknown,"Like it's really hard to like shake that off when you go into like audition a room or whatever, you know what I mean?",,,frustrated
train,Ses01M_impro04,10,Ses01M_impro04_M010,unknown,"I guess I just getting really hard to fake, you know.",,,frustrated
train,Ses01M_impro04,11,Ses01M_impro04_M011,unknown,"Are you hiring? Wait, do you know of a job? Seriously, do you know, like do you know of anything though?  Like, oh please, do you know of anything?",,,frustrated
train,Ses01M_impro04,12,Ses01M_impro04_M012,unknown,Yeah.,,,frustrated
train,Ses01M_impro04,13,Ses01M_impro04_M013,unknown,I come across angry?,,,frustrated
train,Ses01M_impro04,14,Ses01M_impro04_M014,unknown,What?,,,anger
train,Ses01M_impro04,15,Ses01M_impro04_M015,unknown,"Okay.  You're my friend you can tell me stuff.  You can tell me honestly stuff, okay?  Please.",,,frustrated
train,Ses01M_impro04,16,Ses01M_impro04_M016,unknown,"Okay, I'm not flying off the handle I don't think I'm flying off the handle here at all.",,,frustrated
train,Ses01M_impro04,17,Ses01M_impro04_M017,unknown,I have a short fuse?,,,frustrated
train,Ses01M_impro04,18,Ses01M_impro04_M018,unknown,"Okay. Okay no, no, no, no okay no, I need to hear this more. Come on, bring it.",,,anger
train,Ses01M_impro04,20,Ses01M_impro04_M020,unknown,I'm not always right I'm just--,,,frustrated
train,Ses01M_impro04,22,Ses01M_impro04_M022,unknown,[BREATHING],,,frustrated
train,Ses01M_impro04,23,Ses01M_impro04_M023,unknown,I'm like a sponge I'm like soaked up with all this information for like three years I'm just dying for a job to like put it in to.,,,anger
train,Ses01M_impro04,24,Ses01M_impro04_M024,unknown,"You know, and like I don't think it's that much to ask. I know.",,,frustrated
train,Ses01M_impro04,25,Ses01M_impro04_M025,unknown,That's it.,,,neutral
train,Ses01M_impro05,0,Ses01M_impro05_F000,unknown,Can I help you?,,,neutral
train,Ses01M_impro05,1,Ses01M_impro05_F001,unknown,I need a little more information.,,,neutral
train,Ses01M_impro05,2,Ses01M_impro05_F002,unknown,What- What flight did you come in on?,,,neutral
train,Ses01M_impro05,3,Ses01M_impro05_F003,unknown,Georgia?,,,neutral
train,Ses01M_impro05,4,Ses01M_impro05_F004,unknown,"There's no need for you to raise your voice, sir.",,,neutral
train,Ses01M_impro05,5,Ses01M_impro05_F005,unknown,I've been college educated.,,,neutral
train,Ses01M_impro05,6,Ses01M_impro05_F006,unknown,I speak your language.,,,neutral
train,Ses01M_impro05,7,Ses01M_impro05_F007,unknown,I'm just saying you don't need to talk to me like I-,,,neutral
train,Ses01M_impro05,8,Ses01M_impro05_F008,unknown,I'm not a child.,,,frustrated
train,Ses01M_impro05,11,Ses01M_impro05_F011,unknown,"Details, Details.  Well, anyhow can I--",,,neutral
train,Ses01M_impro05,12,Ses01M_impro05_F012,unknown,so you flew in from Atlanta...,,,neutral
train,Ses01M_impro05,13,Ses01M_impro05_F013,unknown,Four...Four hours ago.,,,neutral
train,Ses01M_impro05,14,Ses01M_impro05_F014,unknown,Do you have any i-?,,,neutral
train,Ses01M_impro05,15,Ses01M_impro05_F015,unknown,I wouldn't let you?   I was not in Atlanta. I was not in Atlanta.,,,neutral
train,Ses01M_impro05,16,Ses01M_impro05_F016,unknown,I had nothing to do with the boarding attendance.  I'm sorry that your seat was wherever it was.,,,neutral
train,Ses01M_impro05,17,Ses01M_impro05_F017,unknown,"I have some unfortunate news, uh, that your bag isn't going to be--",,,neutral
train,Ses01M_impro05,18,Ses01M_impro05_F018,unknown,--arriving any time soon.,,,neutral
train,Ses01M_impro05,19,Ses01M_impro05_F019,unknown,I'm really sorry to tell you this but...,,,neutral
train,Ses01M_impro05,20,Ses01M_impro05_F020,unknown,It's not.  I can offer you fifty dollars and a reimbursement gift cards for our airline...,,,neutral
train,Ses01M_impro05,21,Ses01M_impro05_F021,unknown,...and your future...,,,neutral
train,Ses01M_impro05,22,Ses01M_impro05_F022,unknown,No.,,,neutral
train,Ses01M_impro05,23,Ses01M_impro05_F023,unknown,Yes.,,,neutral
train,Ses01M_impro05,24,Ses01M_impro05_F024,unknown,We've actually...,,,neutral
train,Ses01M_impro05,25,Ses01M_impro05_F025,unknown,They do as matter of fact.  We don't like to publicize it because,,,neutral
train,Ses01M_impro05,26,Ses01M_impro05_F026,unknown,people wouldn't Fly our airline.,,,neutral
train,Ses01M_impro05,27,Ses01M_impro05_F027,unknown,What was that?,,,neutral
train,Ses01M_impro05,28,Ses01M_impro05_F028,unknown,That's unfortunate.,,,neutral
train,Ses01M_impro05,29,Ses01M_impro05_F029,unknown,That's too bad.,,,neutral
train,Ses01M_impro05,30,Ses01M_impro05_F030,unknown,I wish I could give it to you.,,,neutral
train,Ses01M_impro05,31,Ses01M_impro05_F031,unknown,I wish I-,,,neutral
train,Ses01M_impro05,32,Ses01M_impro05_F032,unknown,That's not - no.,,,neutral
train,Ses01M_impro05,33,Ses01M_impro05_F033,unknown,No.,,,neutral
train,Ses01M_impro05,34,Ses01M_impro05_F034,unknown,We have plenty of aggressive searching going on it's not there.  Someone's taken it.,,,neutral
train,Ses01M_impro05,35,Ses01M_impro05_F035,unknown,You know I don't need to take this sort of abuse.,,,frustrated
train,Ses01M_impro05,0,Ses01M_impro05_M000,unknown,"Yes, please help me.  Where is my bag?",,,frustrated
train,Ses01M_impro05,1,Ses01M_impro05_M001,unknown,"Where is my bag?  Come on, I've been here for four hours.",,,frustrated
train,Ses01M_impro05,2,Ses01M_impro05_M002,unknown,"Okay, I'm coming in from Atlanta.",,,frustrated
train,Ses01M_impro05,4,Ses01M_impro05_M004,unknown,Are you insinuating that I don't have a college education and that- for some reason that makes you a better person than I am?,,,anger
train,Ses01M_impro05,5,Ses01M_impro05_M005,unknown,"Listen, shut your smug mouth, okay?  I don't need that.",,,anger
train,Ses01M_impro05,6,Ses01M_impro05_M006,unknown,I've been sitting here for four hours.,,,anger
train,Ses01M_impro05,7,Ses01M_impro05_M007,unknown,You people have just been tossing me around like a used hanky.,,,anger
train,Ses01M_impro05,8,Ses01M_impro05_M008,unknown,You work here.,,,anger
train,Ses01M_impro05,9,Ses01M_impro05_M009,unknown,My bag from Atlanta.,,,frustrated
train,Ses01M_impro05,10,Ses01M_impro05_M010,unknown,It's a little black bag with wheels.,,,frustrated
train,Ses01M_impro05,15,Ses01M_impro05_M015,unknown,Okay.,,,neutral
train,Ses01M_impro05,18,Ses01M_impro05_M018,unknown,Where is it?  Where did it go?,,,frustrated
train,Ses01M_impro05,20,Ses01M_impro05_M020,unknown,Probably people that work for your company huh?,,,anger
train,Ses01M_impro05,21,Ses01M_impro05_M021,unknown,Do you know what was in that little bag that I could have just easily put in overhead compartment but no I had to check?,,,anger
train,Ses01M_impro05,22,Ses01M_impro05_M022,unknown,My computer which has all of my data which I'm collecting right now.,,,anger
train,Ses01M_impro05,23,Ses01M_impro05_M023,unknown,Yeah it's really unfortunate you know why because I'm going to get fired if I don't get that.  So I need to have that back.,,,anger
train,Ses01M_impro05,24,Ses01M_impro05_M024,unknown,"Fifty dollars is not going to cover me for my job, okay?",,,anger
train,Ses01M_impro05,25,Ses01M_impro05_M025,unknown,Well you need to find it. Can I just go back there and look through the bags?  Can I just go back there and just go through maybe I'll find it.,,,anger
train,Ses01M_impro05,26,Ses01M_impro05_M026,unknown,It'll be a lot more than what you're doing sitting here and just give me lip service.  I'd like to go back at least do some aggressive searching for my stuff.,,,anger
train,Ses01M_impro05,27,Ses01M_impro05_M027,unknown,"Sure, yeah right you have plenty of aggressive searching going on, aggressive searching, drinking coffee and smoking cigarettes.",,,anger
train,Ses01M_impro05,28,Ses01M_impro05_M028,unknown,I know what you guys do when you're not working you're union people; you just sit around on your ass.,,,anger
train,Ses01M_impro05,30,Ses01M_impro05_M030,unknown,[BREATHING],,,frustrated
train,Ses01M_impro05,31,Ses01M_impro05_M031,unknown,Thank you very much.,,,anger
train,Ses01M_impro06,0,Ses01M_impro06_F000,unknown,You okay?,,,neutral
train,Ses01M_impro06,1,Ses01M_impro06_F001,unknown,What's happened?,,,neutral
train,Ses01M_impro06,2,Ses01M_impro06_F002,unknown,You don't have to if you don't want to.,,,neutral
train,Ses01M_impro06,3,Ses01M_impro06_F003,unknown,I'm sorry to hear that.,,,sadness
train,Ses01M_impro06,4,Ses01M_impro06_F004,unknown,You've been taking care of it all?,,,sadness
train,Ses01M_impro06,5,Ses01M_impro06_F005,unknown,Oh Jesus.,,,sadness
train,Ses01M_impro06,6,Ses01M_impro06_F006,unknown,He sick for awhile?,,,sadness
train,Ses01M_impro06,7,Ses01M_impro06_F007,unknown,Was it an accident?,,,neutral
train,Ses01M_impro06,8,Ses01M_impro06_F008,unknown,how was sick?,,,neutral
train,Ses01M_impro06,9,Ses01M_impro06_F009,unknown,"Well, I'm confused.  He was sick or it was an accident?",,,neutral
train,Ses01M_impro06,10,Ses01M_impro06_F010,unknown,Oh. Really fast? Oh.,,,neutral
train,Ses01M_impro06,11,Ses01M_impro06_F011,unknown,Yeah.,,,neutral
train,Ses01M_impro06,12,Ses01M_impro06_F012,unknown,Yeah.,,,neutral
train,Ses01M_impro06,13,Ses01M_impro06_F013,unknown,"Totally, yeah.",,,neutral
train,Ses01M_impro06,14,Ses01M_impro06_F014,unknown,Mmhmm.,,,neutral
train,Ses01M_impro06,15,Ses01M_impro06_F015,unknown,Lock,,,neutral
train,Ses01M_impro06,16,Ses01M_impro06_F016,unknown,Mmhmm.,,,neutral
train,Ses01M_impro06,17,Ses01M_impro06_F017,unknown,The plans you make [GARBAGE].,,,neutral
train,Ses01M_impro06,18,Ses01M_impro06_F018,unknown,It leaves a hole for you too.,,,neutral
train,Ses01M_impro06,19,Ses01M_impro06_F019,unknown,"It leaves a hole for you too, in your plans together.",,,neutral
train,Ses01M_impro06,20,Ses01M_impro06_F020,unknown,It gets better.,,,neutral
train,Ses01M_impro06,21,Ses01M_impro06_F021,unknown,Mmhmm.,,,neutral
train,Ses01M_impro06,22,Ses01M_impro06_F022,unknown,MMhmm.,,,neutral
train,Ses01M_impro06,23,Ses01M_impro06_F023,unknown,Mmhmm.,,,neutral
train,Ses01M_impro06,24,Ses01M_impro06_F024,unknown,How long did you know each other?,,,neutral
train,Ses01M_impro06,25,Ses01M_impro06_F025,unknown,That's a long time.,,,neutral
train,Ses01M_impro06,26,Ses01M_impro06_F026,unknown,It's good that you were there.,,,neutral
train,Ses01M_impro06,27,Ses01M_impro06_F027,unknown,Yeah.,,,neutral
train,Ses01M_impro06,28,Ses01M_impro06_F028,unknown,Are there things you wish you'd done differently?,,,neutral
train,Ses01M_impro06,0,Ses01M_impro06_M000,unknown,"Yeah, I'm just-- yeah",,,sadness
train,Ses01M_impro06,1,Ses01M_impro06_M001,unknown,"Just kind of feel numb, you know.",,,sadness
train,Ses01M_impro06,2,Ses01M_impro06_M002,unknown,You didn't even hear?,,,sadness
train,Ses01M_impro06,3,Ses01M_impro06_M003,unknown,[BREATHING] Umm.,,,sadness
train,Ses01M_impro06,4,Ses01M_impro06_M004,unknown,God I've told this story so many times. Umm.,,,sadness
train,Ses01M_impro06,5,Ses01M_impro06_M005,unknown,I just...I just basically lost someone that was really close to me.,,,sadness
train,Ses01M_impro06,6,Ses01M_impro06_M006,unknown,"And I've kind of been dealing with all of the...the stuff, you know the hospital and people work because...",,,sadness
train,Ses01M_impro06,7,Ses01M_impro06_M007,unknown,"He kind of didn't have anyone to take care of that for him, so--",,,sadness
train,Ses01M_impro06,8,Ses01M_impro06_M008,unknown,It's just really...really messed up.,,,sadness
train,Ses01M_impro06,9,Ses01M_impro06_M009,unknown,No.,,,sadness
train,Ses01M_impro06,10,Ses01M_impro06_M010,unknown,Just like it.,,,sadness
train,Ses01M_impro06,11,Ses01M_impro06_M011,unknown,"No, I mean it just came on really quick, you know I mean it was a [GARBAGE] it was a sickness but it just --",,,sadness
train,Ses01M_impro06,12,Ses01M_impro06_M012,unknown,What?,,,sadness
train,Ses01M_impro06,13,Ses01M_impro06_M013,unknown,"He was sick. He got sick. He got sick but it happened really, really fast, you know.",,,sadness
train,Ses01M_impro06,14,Ses01M_impro06_M014,unknown,It was kind of like boom... done,,,sadness
train,Ses01M_impro06,15,Ses01M_impro06_M015,unknown,It's just really weird because he was really young you know and it kind of like...,,,sadness
train,Ses01M_impro06,16,Ses01M_impro06_M016,unknown,--it just kind of freaks you out.,,,sadness
train,Ses01M_impro06,17,Ses01M_impro06_M017,unknown,So weird you know that like one days it's like you know sounds so stupid but like one day someone's here. And like next day you know they're not here and it just kind of makes you like think about like life and mortality and like that kind of stuff.  You just like used to take for granted--you know.,,,sadness
train,Ses01M_impro06,18,Ses01M_impro06_M018,unknown,"Exactly, you know, and like he had so many plans and he was going to do...",,,sadness
train,Ses01M_impro06,19,Ses01M_impro06_M019,unknown,"so many things, you know?",,,sadness
train,Ses01M_impro06,20,Ses01M_impro06_M020,unknown,What?,,,sadness
train,Ses01M_impro06,21,Ses01M_impro06_M021,unknown,Yeah.,,,sadness
train,Ses01M_impro06,22,Ses01M_impro06_M022,unknown,"He was a really, really good guy.",,,sadness
train,Ses01M_impro06,23,Ses01M_impro06_M023,unknown,A lot of people loved him.,,,sadness
train,Ses01M_impro06,24,Ses01M_impro06_M024,unknown,"You know, it's like affecting a lot of people it's not just me, you know?",,,sadness
train,Ses01M_impro06,25,Ses01M_impro06_M025,unknown,Umm...,,,sadness
train,Ses01M_impro06,26,Ses01M_impro06_M026,unknown,For like eight years.,,,sadness
train,Ses01M_impro06,27,Ses01M_impro06_M027,unknown,Yeah.,,,sadness
train,Ses01M_impro06,28,Ses01M_impro06_M028,unknown,"Yeah, I'm glad I was there. Glad I- glad I got to be there.",,,sadness
train,Ses01M_impro06,29,Ses01M_impro06_M029,unknown,"So weird,",,,sadness
train,Ses01M_impro06,30,Ses01M_impro06_M030,unknown,"like I can't...it's like you know it's like ""pinch me"" it's like I can't believe like I'm dealing with this, you know.",,,sadness
train,Ses01M_impro07,0,Ses01M_impro07_F000,unknown,Yeah.,,,neutral
train,Ses01M_impro07,1,Ses01M_impro07_F001,unknown,[LAUGHTER]. For softball? That's unbelievable. Is it slow pitch?,,,excited
train,Ses01M_impro07,3,Ses01M_impro07_F003,unknown,Pinch hitting softball.,,,excited
train,Ses01M_impro07,4,Ses01M_impro07_F004,unknown,That is incredible.,,,excited
train,Ses01M_impro07,5,Ses01M_impro07_F005,unknown,That's amazing. They pay for everything?,,,excited
train,Ses01M_impro07,6,Ses01M_impro07_F006,unknown,"Your housing, books, everything? That is incredible.",,,excited
train,Ses01M_impro07,7,Ses01M_impro07_F007,unknown,That is incredible. Do you get like a per diem?,,,excited
train,Ses01M_impro07,8,Ses01M_impro07_F008,unknown,You should...You should look into that.,,,excited
train,Ses01M_impro07,9,Ses01M_impro07_F009,unknown,"That is amazing, congratulations. Good for you.",,,excited
train,Ses01M_impro07,10,Ses01M_impro07_F010,unknown,Oh.,,,neutral
train,Ses01M_impro07,11,Ses01M_impro07_F011,unknown,"Yeah, that you probably. You should see one of these Victorian houses around by.",,,excited
train,Ses01M_impro07,12,Ses01M_impro07_F012,unknown,Oh. Venice beach.,,,neutral
train,Ses01M_impro07,13,Ses01M_impro07_F013,unknown,"Oh, you don't like that. You're west-sider?",,,excited
train,Ses01M_impro07,14,Ses01M_impro07_F014,unknown,"Okay. That would be way too much of a commute you can't do that. Especially- I know especially from--I don't know, what I was going to say, I don't know.",,,excited
train,Ses01M_impro07,15,Ses01M_impro07_F015,unknown,I don't know. Commuting from what Malibu that would be ridiculous.,,,excited
train,Ses01M_impro07,16,Ses01M_impro07_F016,unknown,Oh yeah. He'd drop you right off at practice?,,,excited
train,Ses01M_impro07,18,Ses01M_impro07_F018,unknown,They have those neon--softballs.  They're like day-glow you can see them anywhere.,,,excited
train,Ses01M_impro07,20,Ses01M_impro07_F020,unknown,Oh. That is incredible. Is it--,,,neutral
train,Ses01M_impro07,21,Ses01M_impro07_F021,unknown,"do they have a--is it a co-ed softball team?  I mean... Really? You know, I didn't even know that they have that.",,,excited
train,Ses01M_impro07,22,Ses01M_impro07_F022,unknown,Who do you play? Like do--are you like... nationally ranked?,,,excited
train,Ses01M_impro07,23,Ses01M_impro07_F023,unknown,That is unbelievable.,,,excited
train,Ses01M_impro07,24,Ses01M_impro07_F024,unknown,I would put that right up there with--ping-pong.,,,excited
train,Ses01M_impro07,25,Ses01M_impro07_F025,unknown,I mean not to denigrate what you are doing.  I think that's great.,,,excited
train,Ses01M_impro07,26,Ses01M_impro07_F026,unknown,"No, no.  I love softball. I played softball all the time.",,,excited
train,Ses01M_impro07,27,Ses01M_impro07_F027,unknown,I am not saying you should be. I'm not no. I think it's great I think you should be incredibly proud yourself especially because you're going to U.S.C for free for doing it. For free.,,,excited
train,Ses01M_impro07,33,Ses01M_impro07_F033,unknown,You're like the rookie? The new kid.,,,joy
train,Ses01M_impro07,34,Ses01M_impro07_F034,unknown,Just watch in five years you'll be like on the force. You carry around donuts in your back pocket... [LAUGHTER],,,joy
train,Ses01M_impro07,0,Ses01M_impro07_M000,unknown,Check this out.  You know how I've told you I've been really into like softball recently?,,,excited
train,Ses01M_impro07,1,Ses01M_impro07_M001,unknown,"Well, this is totally random, I got this full ride scholarship to go to U.S.C next year to play softball.",,,excited
train,Ses01M_impro07,2,Ses01M_impro07_M002,unknown,For softball.  They're going to pay me to go to school. Isn't that awesome?,,,excited
train,Ses01M_impro07,3,Ses01M_impro07_M003,unknown,"Yeah.  Well, I don't--well yeah I can pitch, I'm not like the pitcher though. I'm like the pinch hitter guy I mostly just hit.  But I guess I'm going to have to... Yeah, and then I play shortstop too but... It's so ex- The good news is I get to stay here.",,,excited
train,Ses01M_impro07,4,Ses01M_impro07_M004,unknown,"I know. For softball, yeah.",,,excited
train,Ses01M_impro07,5,Ses01M_impro07_M005,unknown,"Yeah, everything. Every like- free ride and I get to, you know, like be on like a Trojans sports team too. And it's like cool. Isn't it awesome?",,,excited
train,Ses01M_impro07,6,Ses01M_impro07_M006,unknown,"I don't know. I should ask. Yeah, I will.",,,joy
train,Ses01M_impro07,7,Ses01M_impro07_M007,unknown,Thank you.,,,excited
train,Ses01M_impro07,8,Ses01M_impro07_M008,unknown,But I don't know I want to live in the housing that they give me though 'cause I think I want to you know like get like a nicer place.,,,excited
train,Ses01M_impro07,9,Ses01M_impro07_M009,unknown,Where should I move?,,,excited
train,Ses01M_impro07,10,Ses01M_impro07_M010,unknown,"That's a really good idea. Or I could go to like Santa Monica. Go beach. Venice beach, yeah a little dirty though. I don't want to go to Venice beach. But - Malibu. All right.",,,excited
train,Ses01M_impro07,11,Ses01M_impro07_M011,unknown,Professional softball player Malibu. [LAUGHTER],,,joy
train,Ses01M_impro07,13,Ses01M_impro07_M013,unknown,"Oh yeah, that would be.  Well, depends on what type of car you had, though too. I guess it would be worth it. helicopter. Yeah, helicopter.  There is a helipad there, right? Yeah, exactly.",,,joy
train,Ses01M_impro07,17,Ses01M_impro07_M017,unknown,They do it's--believe me it's huge.,,,joy
train,Ses01M_impro07,18,Ses01M_impro07_M018,unknown,I just got into it. I just kind of fell into it. Literally I was walking around and...,,,excited
train,Ses01M_impro07,19,Ses01M_impro07_M019,unknown,It's pretty wild.,,,joy
train,Ses01M_impro07,20,Ses01M_impro07_M020,unknown,"Yeah, well I doubt [GARBAGE] ping pong [GARBAGE]",,,neutral
train,Ses01M_impro07,21,Ses01M_impro07_M021,unknown,Oh you mean it's not really sport that what you're saying?,,,sur
train,Ses01M_impro07,22,Ses01M_impro07_M022,unknown,It's totally a sport. What are you talking about?,,,sur
train,Ses01M_impro07,24,Ses01M_impro07_M024,unknown,For free that's really what it's about. I mean who cares I mean if I have to play softball all the time?,,,excited
train,Ses01M_impro07,26,Ses01M_impro07_M026,unknown,Yeah we have like away games and stuff.,,,neutral
train,Ses01M_impro07,30,Ses01M_impro07_M030,unknown,But you know I'm like [GARBAGE].,,,neutral
train,Ses01M_impro07,32,Ses01M_impro07_M032,unknown,I'm going to have a mustache...On the force...,,,joy
train,Ses01M_impro07,33,Ses01M_impro07_M033,unknown,Pull over..,,,joy
train,Ses01M_script01_1,0,Ses01M_script01_1_F000,unknown,What he's going to say?,,,frustrated
train,Ses01M_script01_1,1,Ses01M_script01_1_F001,unknown,When?,,,sur
train,Ses01M_script01_1,2,Ses01M_script01_1_F002,unknown,How could he see it?  I was the first one up and he was still in bed.,,,sur
train,Ses01M_script01_1,3,Ses01M_script01_1_F003,unknown,What was he doing here at four in the morning?,,,sur
train,Ses01M_script01_1,4,Ses01M_script01_1_F004,unknown,Did you talk to him?,,,sadness
train,Ses01M_script01_1,5,Ses01M_script01_1_F005,unknown,Cried hard?,,,sadness
train,Ses01M_script01_1,6,Ses01M_script01_1_F006,unknown,[BREATHING],,,sadness
train,Ses01M_script01_1,7,Ses01M_script01_1_F007,unknown,What is he doing out here at that hour?,,,frustrated
train,Ses01M_script01_1,8,Ses01M_script01_1_F008,unknown,"He's dreaming about him again, walking the streets.",,,anger
train,Ses01M_script01_1,10,Ses01M_script01_1_F010,unknown,What?,,,sur
train,Ses01M_script01_1,11,Ses01M_script01_1_F011,unknown,What do you mean a mistake?,,,anger
train,Ses01M_script01_1,12,Ses01M_script01_1_F012,unknown,"What do you want to do, argue with him?",,,frustrated
train,Ses01M_script01_1,14,Ses01M_script01_1_F014,unknown,"What, can you prove it?  What proof do you have?  Can you prove it?",,,anger
train,Ses01M_script01_1,15,Ses01M_script01_1_F015,unknown,"To you it is, to me it is.  But to your father?  You can talk yourself 'til you're blue in the face but there's was no grave and there is no body.  So where are you?",,,anger
train,Ses01M_script01_1,16,Ses01M_script01_1_F016,unknown,The trouble is those god damn news papers.  Every month some boy comes back missing longer then Larry so--,,,anger
train,Ses01M_script01_1,17,Ses01M_script01_1_F017,unknown,Why?,,,anger
train,Ses01M_script01_1,19,Ses01M_script01_1_F019,unknown,"Well, that's only your business, Chris.",,,frustrated
train,Ses01M_script01_1,20,Ses01M_script01_1_F020,unknown,"Well, what do you want me to do?  You're old enough known your own business.",,,anger
train,Ses01M_script01_1,22,Ses01M_script01_1_F022,unknown,I'm just saying.,,,frustrated
train,Ses01M_script01_1,23,Ses01M_script01_1_F023,unknown,I'm sorry.  I ignore what I've got to ignore. That girl is Larry's girl.,,,anger
train,Ses01M_script01_1,24,Ses01M_script01_1_F024,unknown,"From father's point of view he is not dead and you have no right to take his girl.  I'm just saying that you can go on from there if you know where to go but I'm saying I don't know where to go.  See, I don't know.",,,anger
train,Ses01M_script01_1,25,Ses01M_script01_1_F025,unknown,You're a considerate fellow.  There's nothing wrong in that.,,,neutral
train,Ses01M_script01_1,26,Ses01M_script01_1_F026,unknown,Did you ask Annie yet?,,,neutral
train,Ses01M_script01_1,27,Ses01M_script01_1_F027,unknown,"Well, how do you know she's going to marry you?  Maybe she feels same way your father does.",,,frustrated
train,Ses01M_script01_1,28,Ses01M_script01_1_F028,unknown,"The trouble is you don't see enough women, you never did.",,,frustrated
train,Ses01M_script01_1,29,Ses01M_script01_1_F029,unknown,I don't see why it has to be Annie.,,,anger
train,Ses01M_script01_1,30,Ses01M_script01_1_F030,unknown,"That's a good answer but it doesn't answer anything.  You haven't seen her since you went away to war, it's been five years.",,,anger
train,Ses01M_script01_1,31,Ses01M_script01_1_F031,unknown,"He thinks he's coming back, Chris.  You marry that girl you're pronouncing him dead.",,,sadness
train,Ses01M_script01_1,32,Ses01M_script01_1_F032,unknown,"Do you know what that'll do to you, to your father, do you know?  I don't.",,,anger
train,Ses01M_script01_1,34,Ses01M_script01_1_F034,unknown,What the hell is this?,,,sur
train,Ses01M_script01_1,35,Ses01M_script01_1_F035,unknown,Are you crazy?,,,anger
train,Ses01M_script01_1,36,Ses01M_script01_1_F036,unknown,You have a business here.  I said what the hell is this?,,,anger
train,Ses01M_script01_1,37,Ses01M_script01_1_F037,unknown,"Oh, must you be inspired.",,,anger
train,Ses01M_script01_1,39,Ses01M_script01_1_F039,unknown,"Well, you don't want to think like that.",,,anger
train,Ses01M_script01_1,40,Ses01M_script01_1_F040,unknown,"All right but you don't think like that because what the hell is this all for.  This is all for you, what are we working for Chris? The whole shooting match is for you.",,,anger
train,Ses01M_script01_1,41,Ses01M_script01_1_F041,unknown,"Well, you don't think like that.",,,anger
train,Ses01M_script01_1,42,Ses01M_script01_1_F042,unknown,"I don't understand you, do I?",,,anger
train,Ses01M_script01_1,43,Ses01M_script01_1_F043,unknown,"Well, I can see that.",,,anger
train,Ses01M_script01_1,0,Ses01M_script01_1_M000,unknown,He saw it.,,,neutral
train,Ses01M_script01_1,2,Ses01M_script01_1_M002,unknown,I was out here at four this morning I heard a crack and I looked out the window and he was standing right over there.,,,neutral
train,Ses01M_script01_1,3,Ses01M_script01_1_M003,unknown,I don't know.  But he went back in the kitchen and he cried.,,,sadness
train,Ses01M_script01_1,4,Ses01M_script01_1_M004,unknown,No.  I figured I'd just let it wait.,,,sadness
train,Ses01M_script01_1,5,Ses01M_script01_1_M005,unknown,"Yeah, I could hear him crying through the floorboards in my room.",,,sadness
train,Ses01M_script01_1,6,Ses01M_script01_1_M006,unknown,I don't know.,,,sadness
train,Ses01M_script01_1,7,Ses01M_script01_1_M007,unknown,I guess he is.,,,sadness
train,Ses01M_script01_1,8,Ses01M_script01_1_M008,unknown,I don't know the meaning of it.  But I know we've made terrible mistake with father.,,,frustrated
train,Ses01M_script01_1,10,Ses01M_script01_1_M010,unknown,"I just--why shouldn't he walk the nights waiting for him, huh?  Do we contradict him do we say we don't have any hope any more that he's not coming back?",,,frustrated
train,Ses01M_script01_1,11,Ses01M_script01_1_M011,unknown,"I don't want to argue with him, it's just for God's sake it's time he realized that no one believes with him any more.",,,frustrated
train,Ses01M_script01_1,12,Ses01M_script01_1_M012,unknown,I got to.,,,frustrated
train,Ses01M_script01_1,13,Ses01M_script01_1_M013,unknown,"For God's sake, three years?  Nobody comes back after three years. It's insane.",,,frustrated
train,Ses01M_script01_1,14,Ses01M_script01_1_M014,unknown,"Okay, all right.  Mom, sit down.  I want to talk to you.",,,frustrated
train,Ses01M_script01_1,15,Ses01M_script01_1_M015,unknown,"Yeah, okay all right, all right.  Listen, um, you know why I asked Annie here, right?",,,frustrated
train,Ses01M_script01_1,17,Ses01M_script01_1_M017,unknown,I'm going to ask her to marry me.,,,neutral
train,Ses01M_script01_1,18,Ses01M_script01_1_M018,unknown,You know it's not just my business.,,,frustrated
train,Ses01M_script01_1,19,Ses01M_script01_1_M019,unknown,So it's okay then?  I'm just going to go ahead with it?,,,frustrated
train,Ses01M_script01_1,20,Ses01M_script01_1_M020,unknown,"See.  Then it's not just my business. Sometimes you infuriate me, you know that?  You know it's just your business too if I tell father and he throws a fit about it, huh?",,,anger
train,Ses01M_script01_1,21,Ses01M_script01_1_M021,unknown,She is not Larry's girl.,,,anger
train,Ses01M_script01_1,22,Ses01M_script01_1_M022,unknown,I don't know why it is you know every time I reach out for something I have to pull back 'cause I'm afraid it's going to hurt somebody.  All my life...,,,frustrated
train,Ses01M_script01_1,23,Ses01M_script01_1_M023,unknown,To hell with that.,,,anger
train,Ses01M_script01_1,24,Ses01M_script01_1_M024,unknown,"No, I wanted to get this all sorted out first.",,,sadness
train,Ses01M_script01_1,26,Ses01M_script01_1_M026,unknown,So what?  I'm just--I'm not fast with women.,,,frustrated
train,Ses01M_script01_1,27,Ses01M_script01_1_M027,unknown,Because it is.,,,frustrated
train,Ses01M_script01_1,28,Ses01M_script01_1_M028,unknown,"I don't know, it I think of her, I grew up next to her.  She is what I think of when I think of a wife.",,,frustrated
train,Ses01M_script01_1,30,Ses01M_script01_1_M030,unknown,I've given it lots of thought.  And I keep coming back to the same thing.,,,frustrated
train,Ses01M_script01_1,31,Ses01M_script01_1_M031,unknown,"When I think of a family, when I think of my future I see Annie in the center of that and you know and if that can't happen here then I'll go somewhere else.",,,frustrated
train,Ses01M_script01_1,32,Ses01M_script01_1_M032,unknown,I'll leave.  I'll get married and move somewhere else maybe New York.,,,frustrated
train,Ses01M_script01_1,34,Ses01M_script01_1_M034,unknown,Business?  The business doesn't inspire me.,,,anger
train,Ses01M_script01_1,35,Ses01M_script01_1_M035,unknown,"Yes, yes I like it for one hour a day.  I don't care if I have to grub for money all day long when I come home I want it nice, I want a family, I want to kids and Annie is in the center of that.",,,anger
train,Ses01M_script01_1,36,Ses01M_script01_1_M036,unknown,If that can't happen here...,,,frustrated
train,Ses01M_script01_1,37,Ses01M_script01_1_M037,unknown,"Yes, on this I would.",,,neutral
train,Ses01M_script01_1,38,Ses01M_script01_1_M038,unknown,Then help me stay here mom.,,,sadness
train,Ses01M_script01_1,40,Ses01M_script01_1_M040,unknown,Then help me stay.,,,sadness
train,Ses01M_script01_1,41,Ses01M_script01_1_M041,unknown,I am thinking like that.,,,anger
train,Ses01M_script01_1,42,Ses01M_script01_1_M042,unknown,"No, you don't.  I'm a pretty tough guy.",,,sadness
train,Ses01M_script01_3,0,Ses01M_script01_3_F000,unknown,The only one I know still love his parents.,,,neutral
train,Ses01M_script01_3,1,Ses01M_script01_3_F001,unknown,Oh it's not bad thing it's good thing.,,,neutral
train,Ses01M_script01_3,3,Ses01M_script01_3_F003,unknown,"Not sorry, no.  I can't stay here.",,,sadness
train,Ses01M_script01_3,4,Ses01M_script01_3_F004,unknown,For one thing your mother as much as told me to go.,,,neutral
train,Ses01M_script01_3,5,Ses01M_script01_3_F005,unknown,[BREATHING] And then you've been kind of...,,,sadness
train,Ses01M_script01_3,6,Ses01M_script01_3_F006,unknown,You've been kind of embarrassed ever since I got here.,,,sadness
train,Ses01M_script01_3,8,Ses01M_script01_3_F008,unknown,From her point of view why else would I come?,,,neutral
train,Ses01M_script01_3,12,Ses01M_script01_3_F012,unknown,I almost got married two years ago.,,,neutral
train,Ses01M_script01_3,14,Ses01M_script01_3_F014,unknown,Everyday since.,,,excited
train,Ses01M_script01_3,15,Ses01M_script01_3_F015,unknown,"Because I was waiting for you, Chris.  Till then you never wrote me and then when you did, well, you sure can be ambiguous you know.",,,excited
train,Ses01M_script01_3,16,Ses01M_script01_3_F016,unknown,I'll never forgive you for waiting so long.  All I did was sit around and wonder if I was crazy for thinking about you.,,,joy
train,Ses01M_script01_3,18,Ses01M_script01_3_F018,unknown,"Chris, what's the matter?",,,sadness
train,Ses01M_script01_3,19,Ses01M_script01_3_F019,unknown,"No, what is it?  Is your mother?",,,sadness
train,Ses01M_script01_3,21,Ses01M_script01_3_F021,unknown,You got to tell me.,,,sadness
train,Ses01M_script01_3,22,Ses01M_script01_3_F022,unknown,Wouldn't work like this.,,,sadness
train,Ses01M_script01_3,23,Ses01M_script01_3_F023,unknown,"Yeah, sure.",,,sadness
train,Ses01M_script01_3,24,Ses01M_script01_3_F024,unknown,How many?,,,sadness
train,Ses01M_script01_3,25,Ses01M_script01_3_F025,unknown,[BREATHING]. Geez.,,,sadness
train,Ses01M_script01_3,26,Ses01M_script01_3_F026,unknown,Do you still feel that way?,,,sadness
train,Ses01M_script01_3,30,Ses01M_script01_3_F030,unknown,What would I do with a fortune?,,,joy
train,Ses01M_script01_3,0,Ses01M_script01_3_M000,unknown,"Yeah, that kind of went out of style didn't it?",,,joy
train,Ses01M_script01_3,1,Ses01M_script01_3_M001,unknown,You're not sorry you came?,,,joy
train,Ses01M_script01_3,2,Ses01M_script01_3_M002,unknown,Why not?,,,sadness
train,Ses01M_script01_3,4,Ses01M_script01_3_M004,unknown,What?,,,neutral
train,Ses01M_script01_3,6,Ses01M_script01_3_M006,unknown,You did?,,,neutral
train,Ses01M_script01_3,7,Ses01M_script01_3_M007,unknown,Yeah--,,,neutral
train,Ses01M_script01_3,9,Ses01M_script01_3_M009,unknown,"Ann, I love you.  I love you.",,,joy
train,Ses01M_script01_3,14,Ses01M_script01_3_M014,unknown,Why didn't you?,,,neutral
train,Ses01M_script01_3,16,Ses01M_script01_3_M016,unknown,why didn't you let me know?,,,excited
train,Ses01M_script01_3,18,Ses01M_script01_3_M018,unknown,I kissed you.  I kissed Annie.,,,excited
train,Ses01M_script01_3,19,Ses01M_script01_3_M019,unknown,I kissed you.,,,joy
train,Ses01M_script01_3,20,Ses01M_script01_3_M020,unknown,Do you want to go somewhere?  Let's go.,,,sadness
train,Ses01M_script01_3,21,Ses01M_script01_3_M021,unknown,"No, no, it's nothing like that.",,,sadness
train,Ses01M_script01_3,22,Ses01M_script01_3_M022,unknown,I don't know it's--it's complicated. But it's going from me now.,,,sadness
train,Ses01M_script01_3,23,Ses01M_script01_3_M023,unknown,I don't know.,,,sadness
train,Ses01M_script01_3,24,Ses01M_script01_3_M024,unknown,It's kind of all mixed up with all these other things.,,,sadness
train,Ses01M_script01_3,25,Ses01M_script01_3_M025,unknown,you know over seas I was in command of the company?,,,sadness
train,Ses01M_script01_3,26,Ses01M_script01_3_M026,unknown,Well I lost them.,,,sadness
train,Ses01M_script01_3,27,Ses01M_script01_3_M027,unknown,Pretty much all.,,,sadness
train,Ses01M_script01_3,28,Ses01M_script01_3_M028,unknown,"Takes awhile to toss something like that off.  I mean they weren't just men, you know.",,,sadness
train,Ses01M_script01_3,29,Ses01M_script01_3_M029,unknown,"For instance, there was this one time when this kid--it had been raining for like several days and he gave me his last pair of dry socks.",,,sadness
train,Ses01M_script01_3,30,Ses01M_script01_3_M030,unknown,He just put it in my pocket that's the kind of guys I had.,,,sadness
train,Ses01M_script01_3,31,Ses01M_script01_3_M031,unknown,"They didn't die they killed themselves for each other and I mean that exactly, you know a little more selfish and they'll all be here today...",,,sadness
train,Ses01M_script01_3,32,Ses01M_script01_3_M032,unknown,"And I had this idea as I was watching them go down like everything was being destroyed, you know.  But I felt like this one new thing was being made, you know it's kind of like this.  This monument...",,,sadness
train,Ses01M_script01_3,33,Ses01M_script01_3_M033,unknown,"You know, that they were bringing something on to this earth, a kind of sacrifice you know.",,,sadness
train,Ses01M_script01_3,34,Ses01M_script01_3_M034,unknown,"I thought I would change everything you know, and I got back here and it was- it was like nothing had changed at all...",,,sadness
train,Ses01M_script01_3,35,Ses01M_script01_3_M035,unknown,You know.  I went to work with dad and I started that whole rat race again...,,,sadness
train,Ses01M_script01_3,36,Ses01M_script01_3_M036,unknown,And no one had changed it was just like sort of random bus accident to them.,,,sadness
train,Ses01M_script01_3,37,Ses01M_script01_3_M037,unknown,Driving my new car and I felt guilty you know opening my bank book seeing a new refrigerator.,,,sadness
train,Ses01M_script01_3,38,Ses01M_script01_3_M038,unknown,'Cause you can take those things out of a war.  But you have to realize that those things came out of the love that a man can have for another man...,,,sadness
train,Ses01M_script01_3,39,Ses01M_script01_3_M039,unknown,And if you can't see that then it's just loot and there's blood all over it.,,,sadness
train,Ses01M_script01_3,40,Ses01M_script01_3_M040,unknown,I felt ashamed and I didn't want any part of it.  I guess I included you too.,,,sadness
train,Ses01M_script01_3,41,Ses01M_script01_3_M041,unknown,I want you to know Annie.,,,sadness
train,Ses01M_script01_3,43,Ses01M_script01_3_M043,unknown,I'm going to make a fortune for you.,,,joy
train,Ses01M_script02_1,1,Ses01M_script02_1_F001,unknown,Ugh...,,,frustrated
train,Ses01M_script02_1,2,Ses01M_script02_1_F002,unknown,What flashlight?,,,sur
train,Ses01M_script02_1,5,Ses01M_script02_1_F005,unknown,"You keep saying ""my flashlight"" like somehow it's just yours. How's that supposed to make me feel?",,,anger
train,Ses01M_script02_1,7,Ses01M_script02_1_F007,unknown,No.,,,neutral
train,Ses01M_script02_1,8,Ses01M_script02_1_F008,unknown,I'm fine.,,,neutral
train,Ses01M_script02_1,9,Ses01M_script02_1_F009,unknown,I wonder if they can hear me talk,,,joy
train,Ses01M_script02_1,10,Ses01M_script02_1_F010,unknown,I'm cold.,,,frustrated
train,Ses01M_script02_1,11,Ses01M_script02_1_F011,unknown,"It's after eleven, let's go home.",,,frustrated
train,Ses01M_script02_1,12,Ses01M_script02_1_F012,unknown,There is no point.,,,frustrated
train,Ses01M_script02_1,13,Ses01M_script02_1_F013,unknown,That's my point.,,,frustrated
train,Ses01M_script02_1,14,Ses01M_script02_1_F014,unknown,Then let's go.,,,anger
train,Ses01M_script02_1,17,Ses01M_script02_1_F017,unknown,"Pass what up?  These little fish swim out of the ocean, they flop around on the sand then they swim back and then they die.",,,anger
train,Ses01M_script02_1,18,Ses01M_script02_1_F018,unknown,"I don't know what you're so excited about.  This isn't a moon landing we're talking about, it's fish, it's a fish nobody even eats.",,,frustrated
train,Ses01M_script02_1,19,Ses01M_script02_1_F019,unknown,"Oh, Augie.",,,frustrated
train,Ses01M_script02_1,20,Ses01M_script02_1_F020,unknown,I'm not.,,,frustrated
train,Ses01M_script02_1,21,Ses01M_script02_1_F021,unknown,Yes.,,,anger
train,Ses01M_script02_1,22,Ses01M_script02_1_F022,unknown,"Last year, you'll also remember we got--our shoes got wet, I got sand in my panties, you got a sore throat, we got into a big fight and we did not see the grunions.",,,anger
train,Ses01M_script02_1,23,Ses01M_script02_1_F023,unknown,We didn't see them the year before either.,,,anger
train,Ses01M_script02_1,0,Ses01M_script02_1_M000,unknown,"What time is it?  God, this is great, isn't it?  I can't believe it.",,,excited
train,Ses01M_script02_1,1,Ses01M_script02_1_M001,unknown,"Of course I did want to a little further up the coast you know get away from all the lights and people and everything.  Is it midnight, do they always start at midnight?  Is that what it is midnight?  How you doing, huh? You okay?  That's good.",,,excited
train,Ses01M_script02_1,2,Ses01M_script02_1_M002,unknown,"Look, there what's that, what's that?  Is it--",,,excited
train,Ses01M_script02_1,4,Ses01M_script02_1_M004,unknown,"Oh, no I can't tell though.  Although probably if you can't tell it probably isn't them right, yeah.  Probably going to be like unmistakable, right?",,,excited
train,Ses01M_script02_1,5,Ses01M_script02_1_M005,unknown,"Gosh, this is great, isn't it?  This is awesome.  Oh, no you know what I forgot?",,,excited
train,Ses01M_script02_1,7,Ses01M_script02_1_M007,unknown,Flashlight the silver one.  There's only one isn't there?,,,neutral
train,Ses01M_script02_1,9,Ses01M_script02_1_M009,unknown,"Oh, well, yeah of course.",,,neutral
train,Ses01M_script02_1,10,Ses01M_script02_1_M010,unknown,"Of course, our flashlight.  What's your is mine, mi flashlight es su flashlight.",,,neutral
train,Ses01M_script02_1,11,Ses01M_script02_1_M011,unknown,"Gosh, I should have brought it. I can't believe I forgot that.",,,neutral
train,Ses01M_script02_1,14,Ses01M_script02_1_M014,unknown,"You know what we should've brought a blanket too.  Man, our blanket, our blanket.  Wish I had six-pack too, a six-pack would be just the ticket right about now, huh, six-pack.",,,excited
train,Ses01M_script02_1,16,Ses01M_script02_1_M016,unknown,"Oh yeah, I'm so excited right now I'm like a kid.",,,excited
train,Ses01M_script02_1,17,Ses01M_script02_1_M017,unknown,I can't believe I got out of the house without my fly zipped up even.,,,excited
train,Ses01M_script02_1,20,Ses01M_script02_1_M020,unknown,Do you want my jacket?,,,frustrated
train,Ses01M_script02_1,21,Ses01M_script02_1_M021,unknown,What are you kidding?  We just got here.  We don't want to turn around and go home now.  What's the point coming all the way down here?,,,frustrated
train,Ses01M_script02_1,22,Ses01M_script02_1_M022,unknown,Right.,,,neutral
train,Ses01M_script02_1,23,Ses01M_script02_1_M023,unknown,That's my point too.,,,neutral
train,Ses01M_script02_1,24,Ses01M_script02_1_M024,unknown,"No, wait no, no that's not my point.  My point is there is no point and coming all the way down here if we just turn around and go home.",,,frustrated
train,Ses01M_script02_1,26,Ses01M_script02_1_M026,unknown,Why not?,,,frustrated
train,Ses01M_script02_1,27,Ses01M_script02_1_M027,unknown,It's not stupid.  It's a natural phenomenon.,,,frustrated
train,Ses01M_script02_1,28,Ses01M_script02_1_M028,unknown,People in Kansas would have to get plane tickets and make hotel reservations to see this.  It's only forty minutes away; it's just too good to pass up.,,,anger
train,Ses01M_script02_1,30,Ses01M_script02_1_M030,unknown,"Yeah, they do.",,,neutral
train,Ses01M_script02_1,31,Ses01M_script02_1_M031,unknown,"Well, okay whatever, okay but it's a fish who do something that like no other fish do, you know, it's like those swallows that return to Capistrano or those like those lemmings that jumped off the cliffs, you know.",,,excited
train,Ses01M_script02_1,32,Ses01M_script02_1_M032,unknown,"It's like a little bit of the unexplainable, a little magic, a little mystery.  I just don't see how you can not be interested in this.",,,excited
train,Ses01M_script02_1,34,Ses01M_script02_1_M034,unknown,All right.,,,frustrated
train,Ses01M_script02_1,35,Ses01M_script02_1_M035,unknown,"I don't get it though, I mean the first time we came here you said it was like the best night of your life...",,,frustrated
train,Ses01M_script02_1,36,Ses01M_script02_1_M036,unknown,And last year I remember like distinctively you were so excited to get here that you didn't realize you stubbed your toe until we were in a car.,,,frustrated
train,Ses01M_script02_1,37,Ses01M_script02_1_M037,unknown,We just weren't in a good spot though.,,,neutral
train,Ses01M_script02_1,39,Ses01M_script02_1_M039,unknown,"Come on, trust me I got instincts for these things, okay?  So just--just think about it all right?  Okay, I know you're not interested, think about it...",,,neutral
train,Ses01M_script02_1,40,Ses01M_script02_1_M040,unknown,"Out there, there's like this big mass of silver fish they're heading this way...",,,excited
train,Ses01M_script02_1,41,Ses01M_script02_1_M041,unknown,"They don't know why, we don't know why.  No one like sent them an invitation or gave them a map or direction...",,,excited
train,Ses01M_script02_1,42,Ses01M_script02_1_M042,unknown,They just all turned at once and they just form this line as long as the California coast.  And they just started swimming...,,,excited
train,Ses01M_script02_1,43,Ses01M_script02_1_M043,unknown,Like some little time release fire cracker went off inside their little tiny bodies.  And they all turned as one...,,,excited
train,Ses01M_script02_1,44,Ses01M_script02_1_M044,unknown,"And form the line and started swimming, swimming that would bring them to this point here...",,,excited
train,Ses01M_script02_1,45,Ses01M_script02_1_M045,unknown,It's like urgency that's pure urge you know.  It's single-mindedness with no mind.,,,excited
train,Ses01M_script02_1,46,Ses01M_script02_1_M046,unknown,"It's crazy.  Look at this, I'm giving myself goose bumps, the hairs are standing up on my arm.",,,excited
train,Ses01M_script02_2,0,Ses01M_script02_2_F000,unknown,That's the wind.,,,neutral
train,Ses01M_script02_2,2,Ses01M_script02_2_F002,unknown,I think it's ridiculous.,,,frustrated
train,Ses01M_script02_2,3,Ses01M_script02_2_F003,unknown,It's a PR.,,,frustrated
train,Ses01M_script02_2,5,Ses01M_script02_2_F005,unknown,They're all told the same thing.,,,frustrated
train,Ses01M_script02_2,6,Ses01M_script02_2_F006,unknown,"Everybody is believes that it keeps them excited, you know it keeps them coming back for more.",,,frustrated
train,Ses01M_script02_2,7,Ses01M_script02_2_F007,unknown,"Everybody keeps thinking that they can just find the right spot, you know they'll get it on the action.",,,frustrated
train,Ses01M_script02_2,8,Ses01M_script02_2_F008,unknown,Their life will start then.,,,frustrated
train,Ses01M_script02_2,9,Ses01M_script02_2_F009,unknown,I'm sorry it still just fish to me.,,,frustrated
train,Ses01M_script02_2,10,Ses01M_script02_2_F010,unknown,"Why do you ask me that?  God damn it, I told you not to ask me that I hate it when you ask me that. It's insulting.",,,anger
train,Ses01M_script02_2,11,Ses01M_script02_2_F011,unknown,"I just, we just have different ideas of what this evening is supposed to look like.",,,anger
train,Ses01M_script02_2,12,Ses01M_script02_2_F012,unknown,"Oh. Grow up Augie, the fish are not going to come.",,,frustrated
train,Ses01M_script02_2,13,Ses01M_script02_2_F013,unknown,"Because they never do.  Do they, have they ever?",,,anger
train,Ses01M_script02_2,14,Ses01M_script02_2_F014,unknown,Twice is every year we've tried that's ever.,,,anger
train,Ses01M_script02_2,15,Ses01M_script02_2_F015,unknown,No we won't.  It's pointless it's like a waiting up to see Santa Claus.,,,anger
train,Ses01M_script02_2,16,Ses01M_script02_2_F016,unknown,"I feel like my whole life is going to be spent here on the beach with my eyes wide open and my hands clasped expectantly, waiting for fish to show up and the fish never show.",,,anger
train,Ses01M_script02_2,17,Ses01M_script02_2_F017,unknown,You don't understand anything I'm saying.,,,frustrated
train,Ses01M_script02_2,19,Ses01M_script02_2_F019,unknown,Do you remember the first year we came here? It's about four years ago right after we got married.,,,neutral
train,Ses01M_script02_2,22,Ses01M_script02_2_F022,unknown,"And I remember thinking this is it. finally, finally I'm as happy as I'm supposed to be.",,,sadness
train,Ses01M_script02_2,24,Ses01M_script02_2_F024,unknown,I'd rather not remember some things.  I'd rather not hope for some things.,,,sadness
train,Ses01M_script02_2,25,Ses01M_script02_2_F025,unknown,No.,,,sadness
train,Ses01M_script02_2,26,Ses01M_script02_2_F026,unknown,No.,,,sadness
train,Ses01M_script02_2,28,Ses01M_script02_2_F028,unknown,No.,,,frustrated
train,Ses01M_script02_2,29,Ses01M_script02_2_F029,unknown,No.,,,frustrated
train,Ses01M_script02_2,30,Ses01M_script02_2_F030,unknown,I want something to turn out the way that it's supposed to.,,,anger
train,Ses01M_script02_2,31,Ses01M_script02_2_F031,unknown,This what?  What is this?  This isn't even anything.,,,anger
train,Ses01M_script02_2,32,Ses01M_script02_2_F032,unknown,"Oh, sure this is standing on the beach, this is waiting, fighting.",,,anger
train,Ses01M_script02_2,33,Ses01M_script02_2_F033,unknown,This isn't anything like I thought anything would be.,,,sadness
train,Ses01M_script02_2,34,Ses01M_script02_2_F034,unknown,This is just this.  I mean it includes a lot and everything but it's--do you understand what I'm saying?,,,sadness
train,Ses01M_script02_2,35,Ses01M_script02_2_F035,unknown,"I know that Augie, I really do.",,,sadness
train,Ses01M_script02_2,36,Ses01M_script02_2_F036,unknown,"I just can't help wishing that I was somebody, somewhere else.",,,sadness
train,Ses01M_script02_2,37,Ses01M_script02_2_F037,unknown,I didn't say that.,,,sadness
train,Ses01M_script02_2,38,Ses01M_script02_2_F038,unknown,Are you kidding me?  For heaven sake Augie anything I'm doing I'd rather be doing it with you.,,,sur
train,Ses01M_script02_2,39,Ses01M_script02_2_F039,unknown,"Yes, don't be ridiculous.  Don't you know that?",,,sur
train,Ses01M_script02_2,40,Ses01M_script02_2_F040,unknown,"You are the one who probably wishes he was with somebody else, someone who didn't take everything so seriously, someone who would enjoy yourself.",,,sadness
train,Ses01M_script02_2,44,Ses01M_script02_2_F044,unknown,I guess we don't need glasses.,,,joy
train,Ses01M_script02_2,45,Ses01M_script02_2_F045,unknown,I'm beginning to think you might be right.  I think this might be the spot after all.,,,joy
train,Ses01M_script02_2,46,Ses01M_script02_2_F046,unknown,"Augie, I'm sorry.",,,sadness
train,Ses01M_script02_2,47,Ses01M_script02_2_F047,unknown,Or not.,,,neutral
train,Ses01M_script02_2,1,Ses01M_script02_2_M001,unknown,...to this spot for this massive celebration of like sex and death...,,,excited
train,Ses01M_script02_2,2,Ses01M_script02_2_M002,unknown,"Look at this, my hairs are standing up my arm. I'm giving myself goose bumps.",,,excited
train,Ses01M_script02_2,3,Ses01M_script02_2_M003,unknown,"Well, so?  What do you think?",,,excited
train,Ses01M_script02_2,6,Ses01M_script02_2_M006,unknown,"It's not just me, okay?  Look at like all the people.",,,frustrated
train,Ses01M_script02_2,8,Ses01M_script02_2_M008,unknown,Can I ask you a question?  Are you on your period?,,,neutral
train,Ses01M_script02_2,10,Ses01M_script02_2_M010,unknown,"Is not supposed to like anything.  We come down here, we look at the fish, they arrive, we go woo-ah fish.",,,frustrated
train,Ses01M_script02_2,12,Ses01M_script02_2_M012,unknown,Why not?,,,frustrated
train,Ses01M_script02_2,13,Ses01M_script02_2_M013,unknown,We missed them twice.,,,neutral
train,Ses01M_script02_2,14,Ses01M_script02_2_M014,unknown,"Okay we'll see them this year, this is a much better spot. Trust me.",,,frustrated
train,Ses01M_script02_2,15,Ses01M_script02_2_M015,unknown,"Okay, I'm trying to work this backwards",,,frustrated
train,Ses01M_script02_2,16,Ses01M_script02_2_M016,unknown,and figure out where we took a turn to the worst thing.,,,frustrated
train,Ses01M_script02_2,17,Ses01M_script02_2_M017,unknown,Of course not.,,,frustrated
train,Ses01M_script02_2,18,Ses01M_script02_2_M018,unknown,"Okay.  I'm trying to work this backwards here and I'm trying to figure out the exact moment that you took a turn for the worst here, now.",,,frustrated
train,Ses01M_script02_2,19,Ses01M_script02_2_M019,unknown,"you were fine during the phone call from Marge, dinner was okay, doing the dishes was fine.",,,neutral
train,Ses01M_script02_2,20,Ses01M_script02_2_M020,unknown,"Let's see, uh, I took a shower and, um, you were watching the news and you said the ""the Grunions are running tonight,"" and I said ""okay great, let's go.""",,,neutral
train,Ses01M_script02_2,21,Ses01M_script02_2_M021,unknown,So I'm putting the animals out we're getting the car to the garage and--,,,neutral
train,Ses01M_script02_2,22,Ses01M_script02_2_M022,unknown,"Wait a minute, I've got it.",,,neutral
train,Ses01M_script02_2,23,Ses01M_script02_2_M023,unknown,"It was when we were driving passed that knickerbocker liquor locker and you would said, no you said ""let's get some champagne"" and I said ""no time to wasting"" or something like that.  That's what it is, right?",,,neutral
train,Ses01M_script02_2,25,Ses01M_script02_2_M025,unknown,"Oh right sure, of course.",,,neutral
train,Ses01M_script02_2,27,Ses01M_script02_2_M027,unknown,You want me to go get some champagne?,,,neutral
train,Ses01M_script02_2,28,Ses01M_script02_2_M028,unknown,Do you want to take off our shoes?,,,neutral
train,Ses01M_script02_2,29,Ses01M_script02_2_M029,unknown,What? Huh?,,,neutral
train,Ses01M_script02_2,30,Ses01M_script02_2_M030,unknown,You want to get married again?,,,neutral
train,Ses01M_script02_2,31,Ses01M_script02_2_M031,unknown,What?  What?  You want to divorce?,,,frustrated
train,Ses01M_script02_2,32,Ses01M_script02_2_M032,unknown,A vacation?,,,frustrated
train,Ses01M_script02_2,33,Ses01M_script02_2_M033,unknown,"A new carpet, a poodle, a suicide pact, ice cream, a back rub, what?  What?  What the hell do you want?",,,anger
train,Ses01M_script02_2,34,Ses01M_script02_2_M034,unknown,"Well, welcome to the human race.",,,frustrated
train,Ses01M_script02_2,35,Ses01M_script02_2_M035,unknown,You think nothing turns out how it's supposed to.  You think I had some grand idea going that four years down the line.  We would come to this beach and argue over fish?  No.,,,anger
train,Ses01M_script02_2,37,Ses01M_script02_2_M037,unknown,"No, no I'm just like you, I thought it was going to be all rosy cheeks and the bills would pay themselves and fish will always come and--",,,sadness
train,Ses01M_script02_2,38,Ses01M_script02_2_M038,unknown,No.  You know what you get?  You know what you get?  You get this.,,,sadness
train,Ses01M_script02_2,39,Ses01M_script02_2_M039,unknown,"Yeah, it is.",,,neutral
train,Ses01M_script02_2,40,Ses01M_script02_2_M040,unknown,Right.,,,neutral
train,Ses01M_script02_2,41,Ses01M_script02_2_M041,unknown,I know me neither.,,,sadness
train,Ses01M_script02_2,42,Ses01M_script02_2_M042,unknown,I'm doing the best I can.,,,sadness
train,Ses01M_script02_2,43,Ses01M_script02_2_M043,unknown,Maybe if you were with somebody else too?,,,sadness
train,Ses01M_script02_2,44,Ses01M_script02_2_M044,unknown,"No, I know but--I know I don't make you happy.",,,sadness
train,Ses01M_script02_2,45,Ses01M_script02_2_M045,unknown,Yeah?,,,sadness
train,Ses01M_script02_2,49,Ses01M_script02_2_M049,unknown,Look what we got here.,,,joy
train,Ses01M_script02_2,50,Ses01M_script02_2_M050,unknown,It's not champagne.,,,neutral
train,Ses01M_script02_2,51,Ses01M_script02_2_M051,unknown,"Are you cold, huh?  Do you want to go home?",,,neutral
train,Ses01M_script02_2,52,Ses01M_script02_2_M052,unknown,Shh...,,,joy
train,Ses01M_script02_2,53,Ses01M_script02_2_M053,unknown,"If we are really quiet, the fish might come.",,,joy
train,Ses01M_script02_2,54,Ses01M_script02_2_M054,unknown,Or not.,,,neutral
train,Ses01M_script03_1,1,Ses01M_script03_1_F001,unknown,Freda is the only one who knows we are here. She wouldn't ring up.,,,fea
train,Ses01M_script03_1,2,Ses01M_script03_1_F002,unknown,What we're going to do?,,,fea
train,Ses01M_script03_1,3,Ses01M_script03_1_F003,unknown,Now and always sweet.,,,joy
train,Ses01M_script03_1,4,Ses01M_script03_1_F004,unknown,It had to happen sooner or later.,,,joy
train,Ses01M_script03_1,7,Ses01M_script03_1_F007,unknown,[BREATHING],,,excited
train,Ses01M_script03_1,8,Ses01M_script03_1_F008,unknown,Oh. Behave exquisitely...,,,joy
train,Ses01M_script03_1,9,Ses01M_script03_1_F009,unknown,[LAUGHTER] I think I shall do a court curtsey.,,,joy
train,Ses01M_script03_1,10,Ses01M_script03_1_F010,unknown,[LAUGHTER],,,joy
train,Ses01M_script03_1,11,Ses01M_script03_1_F011,unknown,Mmm...,,,joy
train,Ses01M_script03_1,14,Ses01M_script03_1_F014,unknown,"Oh, yes meaning just that.",,,joy
train,Ses01M_script03_1,15,Ses01M_script03_1_F015,unknown,[LAUGHTER] Don't laugh at me I'm being serious.,,,joy
train,Ses01M_script03_1,17,Ses01M_script03_1_F017,unknown,"Mmhmm If I must laugh at everything, I must laugh at us too.",,,joy
train,Ses01M_script03_1,18,Ses01M_script03_1_F018,unknown,"How long will it last, this ludicrous, overbearing love of ours?",,,joy
train,Ses01M_script03_1,19,Ses01M_script03_1_F019,unknown,Shall we always want to bicker and fight?,,,joy
train,Ses01M_script03_1,21,Ses01M_script03_1_F021,unknown,If one of us dies...,,,joy
train,Ses01M_script03_1,24,Ses01M_script03_1_F024,unknown,I think you're talking nonsense.,,,joy
train,Ses01M_script03_1,30,Ses01M_script03_1_F030,unknown,Which particular one?,,,joy
train,Ses01M_script03_1,31,Ses01M_script03_1_F031,unknown,"Oh, Charles.  That was his name Charles. He did wriggle so beautifully.",,,excited
train,Ses01M_script03_1,34,Ses01M_script03_1_F034,unknown,Cannes...mmhmm...,,,joy
train,Ses01M_script03_1,36,Ses01M_script03_1_F036,unknown,The manager came in he found us rolling about the floor.  [LAUGHTER],,,joy
train,Ses01M_script03_1,37,Ses01M_script03_1_F037,unknown,Scratching and biting like panthers. [LAUGHTER] Oh...,,,joy
train,Ses01M_script03_1,38,Ses01M_script03_1_F038,unknown,"Utterly, utterly ridiculous.",,,joy
train,Ses01M_script03_1,39,Ses01M_script03_1_F039,unknown,oh...[LAUGHTER],,,joy
train,Ses01M_script03_1,40,Ses01M_script03_1_F040,unknown,Very much sillier.,,,joy
train,Ses01M_script03_1,41,Ses01M_script03_1_F041,unknown,Oh you knew there was nothing in that.,,,excited
train,Ses01M_script03_1,0,Ses01M_script03_1_M000,unknown,Good God.,,,fea
train,Ses01M_script03_1,1,Ses01M_script03_1_M001,unknown,I wonder.,,,fea
train,Ses01M_script03_1,3,Ses01M_script03_1_M003,unknown,"We're okay, right darling?  Whatever happens, we're okay?",,,fea
train,Ses01M_script03_1,4,Ses01M_script03_1_M004,unknown,I don't care then.,,,joy
train,Ses01M_script03_1,10,Ses01M_script03_1_M010,unknown,With perfect poise...,,,joy
train,Ses01M_script03_1,11,Ses01M_script03_1_M011,unknown,Ah...,,,joy
train,Ses01M_script03_1,12,Ses01M_script03_1_M012,unknown,Ah...Strange...,,,joy
train,Ses01M_script03_1,13,Ses01M_script03_1_M013,unknown,"Things that just ought to matter dreadfully, you know they just don't matter at all when one is happy, do they?",,,joy
train,Ses01M_script03_1,14,Ses01M_script03_1_M014,unknown,"Darling, don't say that.",,,sadness
train,Ses01M_script03_1,16,Ses01M_script03_1_M016,unknown,"Oh, dear god what is that all mean, dear god?",,,joy
train,Ses01M_script03_1,17,Ses01M_script03_1_M017,unknown,"You mustn't be so serious, darling, it just what they want.",,,joy
train,Ses01M_script03_1,19,Ses01M_script03_1_M019,unknown,Flippancy brings out the acid in their darn sweetness and light.,,,joy
train,Ses01M_script03_1,21,Ses01M_script03_1_M021,unknown,We are figures of fun all right,,,joy
train,Ses01M_script03_1,22,Ses01M_script03_1_M022,unknown,Ahh...who knows.,,,joy
train,Ses01M_script03_1,28,Ses01M_script03_1_M028,unknown,"Let's pity the poor philosophers, huh?  Let's enjoy the party for as long as we can, okay?  Let's blow trumpets and squeakers and sit like small idiotic school children. [LAUGHTER]",,,excited
train,Ses01M_script03_1,29,Ses01M_script03_1_M029,unknown,"Come here darling, kiss me",,,excited
train,Ses01M_script03_1,30,Ses01M_script03_1_M030,unknown,before your body rots and worms pop out of your eye sockets.,,,joy
train,Ses01M_script03_1,31,Ses01M_script03_1_M031,unknown,"See, you know I don't care what you do.  You could paint yourself green and run naked to the Place Vendome.",,,joy
train,Ses01M_script03_1,33,Ses01M_script03_1_M033,unknown,Do you remember that row we did have in Venice?,,,joy
train,Ses01M_script03_1,37,Ses01M_script03_1_M037,unknown,But you know it wasn't as bad as the one we had in Cannes...mmhmm...where your curling irons burnt a hole in my dressing gown.,,,excited
train,Ses01M_script03_1,39,Ses01M_script03_1_M039,unknown,I will never forget the look on his face.,,,joy
train,Ses01M_script03_1,40,Ses01M_script03_1_M040,unknown,oh...,,,joy
train,Ses01M_script03_1,41,Ses01M_script03_1_M041,unknown,We were very much younger then.,,,joy
train,Ses01M_script03_2,3,Ses01M_script03_2_F003,unknown,Presents? It was a trivial little broach.,,,sur
train,Ses01M_script03_2,6,Ses01M_script03_2_F006,unknown,"Well, what of it?",,,neutral
train,Ses01M_script03_2,10,Ses01M_script03_2_F010,unknown,"No, thank you.",,,neutral
train,Ses01M_script03_2,11,Ses01M_script03_2_F011,unknown,I don't see why you want any you already had two glasses.,,,anger
train,Ses01M_script03_2,15,Ses01M_script03_2_F015,unknown,"Don't be stupid, what?",,,anger
train,Ses01M_script03_2,17,Ses01M_script03_2_F017,unknown,Well it's a woman's duty to allure the man. Watch me a minute will you?,,,anger
train,Ses01M_script03_2,22,Ses01M_script03_2_F022,unknown,They sting.,,,anger
train,Ses01M_script03_2,23,Ses01M_script03_2_F023,unknown,"I don't care.  I don't care, do you understand?  I don't mind if they bark and they roll about like hoops.",,,anger
train,Ses01M_script03_2,24,Ses01M_script03_2_F024,unknown,"Yes, I did quite a lot.",,,anger
train,Ses01M_script03_2,25,Ses01M_script03_2_F025,unknown,"Oh, mind you own business.",,,anger
train,Ses01M_script03_2,26,Ses01M_script03_2_F026,unknown,"You're quite insufferable, I expect it's because you're drunk.",,,anger
train,Ses01M_script03_2,27,Ses01M_script03_2_F027,unknown,You always had a weak head.,,,anger
train,Ses01M_script03_2,28,Ses01M_script03_2_F028,unknown,"On the contrary, a child two could get violently drunk on only one glass of brandy.",,,anger
train,Ses01M_script03_2,29,Ses01M_script03_2_F029,unknown,Shut up.,,,anger
train,Ses01M_script03_2,30,Ses01M_script03_2_F030,unknown,Not very funny darling.  Why don't you have some more brandy?,,,anger
train,Ses01M_script03_2,31,Ses01M_script03_2_F031,unknown,Why?,,,anger
train,Ses01M_script03_2,33,Ses01M_script03_2_F033,unknown,They are away in Tunis.,,,anger
train,Ses01M_script03_2,34,Ses01M_script03_2_F034,unknown,"Turn it on again, please.",,,anger
train,Ses01M_script03_2,35,Ses01M_script03_2_F035,unknown,Very well if you insist on being boorish and idiotic.,,,anger
train,Ses01M_script03_2,36,Ses01M_script03_2_F036,unknown,I won't.,,,anger
train,Ses01M_script03_2,37,Ses01M_script03_2_F037,unknown,Stop it. No. Go away.,,,anger
train,Ses01M_script03_2,38,Ses01M_script03_2_F038,unknown,"listen Oh I'm sick and tired of listening to you, you damn sadistic bully.",,,anger
train,Ses01M_script03_2,39,Ses01M_script03_2_F039,unknown,"Oh you're cruel you're...you're...I hate you, I hate you. Go away. You're conceited. You're overbearing. You're utterly impossible.",,,anger
train,Ses01M_script03_2,40,Ses01M_script03_2_F040,unknown,This is the end do you hear me?  Finally and forever.,,,anger
train,Ses01M_script03_2,41,Ses01M_script03_2_F041,unknown,"Oh yes I am...Oh yes I am. Let go of me. You let go. You...urgh...You're a cruel friend. I loathe and I hate you. Marry you again...Ha...Never, never, never, never. I hope you die in torment. You beast.",,,anger
train,Ses01M_script03_2,12,Ses01M_script03_2_M012,unknown,"I'll have a little, I think.",,,neutral
train,Ses01M_script03_2,13,Ses01M_script03_2_M013,unknown,"Oh, you know no particular reason besides they are very small glasses.",,,neutral
train,Ses01M_script03_2,16,Ses01M_script03_2_M016,unknown,"Really, Amanda.",,,frustrated
train,Ses01M_script03_2,17,Ses01M_script03_2_M017,unknown,Nothing.,,,frustrated
train,Ses01M_script03_2,18,Ses01M_script03_2_M018,unknown,Are you going out somewhere dear?,,,neutral
train,Ses01M_script03_2,22,Ses01M_script03_2_M022,unknown,"You know, it's a pity you didn't have any more brandy. It would have made you just a little less disagreeable.",,,anger
train,Ses01M_script03_2,23,Ses01M_script03_2_M023,unknown,"You know what?  You snap, you snap, you snap you're like a little adder.",,,anger
train,Ses01M_script03_2,24,Ses01M_script03_2_M024,unknown,Nonsense.  They have a bag of venom behind of fangs and they snap.,,,anger
train,Ses01M_script03_2,25,Ses01M_script03_2_M025,unknown,Did you see much of Peter Burden after our divorce?,,,anger
train,Ses01M_script03_2,26,Ses01M_script03_2_M026,unknown,I suppose you let him just kiss you or good deal more than too.,,,anger
train,Ses01M_script03_2,27,Ses01M_script03_2_M027,unknown,"I suppose you two had a riotous time, huh?  No restrain at all, very enjoyable, he never had much any how.",,,anger
train,Ses01M_script03_2,28,Ses01M_script03_2_M028,unknown,I am not in the least bit drunk.,,,anger
train,Ses01M_script03_2,29,Ses01M_script03_2_M029,unknown,I think I told you once before that I had three minute liquor glasses the whole evening long.  A Child of two cannot get drunk on that.,,,anger
train,Ses01M_script03_2,30,Ses01M_script03_2_M030,unknown,"Oh very, very interesting Amanda.  How about the child of uh... four, six or maybe nine---you know, we could work up a splendid little debate about it, you know?  Intemperate tots.",,,anger
train,Ses01M_script03_2,31,Ses01M_script03_2_M031,unknown,That's a very good idea I think I will.,,,anger
train,Ses01M_script03_2,32,Ses01M_script03_2_M032,unknown,Would you uh...turn that off please? You're going to wake the people upstairs.,,,anger
train,Ses01M_script03_2,33,Ses01M_script03_2_M033,unknown,Well then you'll wake the people downstairs.,,,anger
train,Ses01M_script03_2,34,Ses01M_script03_2_M034,unknown,This is no time a year for Tunis.,,,anger
train,Ses01M_script03_2,35,Ses01M_script03_2_M035,unknown,I will do no such thing.,,,anger
train,Ses01M_script03_2,36,Ses01M_script03_2_M036,unknown,Turn it off. It's driving me mad.,,,anger
train,Ses01M_script03_2,37,Ses01M_script03_2_M037,unknown,Turn it off.,,,anger
train,Ses01M_script03_2,38,Ses01M_script03_2_M038,unknown,Amanda listen. Listen.,,,anger
train,Ses01M_script03_2,39,Ses01M_script03_2_M039,unknown,That's very amusing indeed.,,,anger
train,Ses01M_script03_2,40,Ses01M_script03_2_M040,unknown,"You...You're an evil minded, self-centered little wench and I never want to see you again.",,,anger
train,Ses01M_script03_2,41,Ses01M_script03_2_M041,unknown,You're not going like this.,,,anger
train,Ses01M_script03_2,42,Ses01M_script03_2_M042,unknown,No you're not.,,,anger
train,Ses01M_script03_2,43,Ses01M_script03_2_M043,unknown,Shut up. Shut up. I wouldn't marry you again if you came crawling back to me on a bended knee. You are an evil tempered little vampire and I never want to see you again as long as I live.,,,anger
train,Ses02F_impro01,0,Ses02F_impro01_F000,unknown,"Hi. Excuse me.  Um, I'd like to put in this application for my registration.",,,neutral
train,Ses02F_impro01,1,Ses02F_impro01_F001,unknown,My--my original birth certificate?  But I don't carry that with me.,,,sur
train,Ses02F_impro01,3,Ses02F_impro01_F003,unknown,No it doesn't say it on the form.,,,frustrated
train,Ses02F_impro01,4,Ses02F_impro01_F004,unknown,"I mean it just says that you need some form of identification, but it doesn't say what kind of identification.",,,frustrated
train,Ses02F_impro01,5,Ses02F_impro01_F005,unknown,I mean if I had known--I would have brought it.,,,frustrated
train,Ses02F_impro01,6,Ses02F_impro01_F006,unknown,"Look, I've been waiting in line for a really long time.  I mean, you've seen how long it is.",,,frustrated
train,Ses02F_impro01,7,Ses02F_impro01_F007,unknown,It's lunch hour.,,,frustrated
train,Ses02F_impro01,8,Ses02F_impro01_F008,unknown,"Well, no.  I mean, I don't carry my original documents with me because if those things get destroyed, then what do you, you know what I mean, like if I loose my wallet or something, I'll never have them again.",,,frustrated
train,Ses02F_impro01,9,Ses02F_impro01_F009,unknown,I have my passport and I have my driver's license. And that's all I have.,,,frustrated
train,Ses02F_impro01,10,Ses02F_impro01_F010,unknown,"But, isn't there anything you can do.  Can't you make an exception this one time?  My picture is on both of those identifications.  It's not like you don't know that it's me.",,,frustrated
train,Ses02F_impro01,11,Ses02F_impro01_F011,unknown,And I can give you my social--,,,frustrated
train,Ses02F_impro01,12,Ses02F_impro01_F012,unknown,"Well, I can give you my Social Security Number.",,,frustrated
train,Ses02F_impro01,13,Ses02F_impro01_F013,unknown,And I can tell you where I was born and what time and by who and what day.,,,frustrated
train,Ses02F_impro01,14,Ses02F_impro01_F014,unknown,I can't go--I have to go back to work.  I don't have time to go back to my house and get all of that stuff and then get back in line and wait for another forty five minutes.,,,frustrated
train,Ses02F_impro01,15,Ses02F_impro01_F015,unknown,"Um, I have kids.  I have to take them places on the weekends.  I don't have time to come back here.  Please.  I really need you to help me.",,,frustrated
train,Ses02F_impro01,16,Ses02F_impro01_F016,unknown,Well.  [BREATHING] I just--I just don't.  I-I'm sorry that I'm standing here-- But I can't leave. I-,,,frustrated
train,Ses02F_impro01,17,Ses02F_impro01_F017,unknown,"I really need this done today.  As you can see, the deadline is almost up and I can't come back.",,,frustrated
train,Ses02F_impro01,18,Ses02F_impro01_F018,unknown,"Well, why didn't the D.M.V. put that you needed your birth certificate on the application then?",,,anger
train,Ses02F_impro01,19,Ses02F_impro01_F019,unknown,"Yeah, but your birth certificate--I mean, who carries around their birth certificate?  Nobody does that.",,,anger
train,Ses02F_impro01,20,Ses02F_impro01_F020,unknown,With your driver's license and your passport.  Just like everybody else.,,,anger
train,Ses02F_impro01,21,Ses02F_impro01_F021,unknown,"Who--you always use your driver's license.  I mean, you're not coming to the D.M.V. if you're not over sixteen and that's when you get your driver's license so you're never gonna need it anyway.",,,anger
train,Ses02F_impro01,22,Ses02F_impro01_F022,unknown,Do you have a supervisor?,,,frustrated
train,Ses02F_impro01,23,Ses02F_impro01_F023,unknown,"Well, thank you very much.  You've been very helpful.",,,frustrated
train,Ses02F_impro01,0,Ses02F_impro01_M000,unknown,Hi.,,,neutral
train,Ses02F_impro01,1,Ses02F_impro01_M001,unknown,"Okay.  Let me see here.  Um, we need--we need your original birth certificate.",,,neutral
train,Ses02F_impro01,2,Ses02F_impro01_M002,unknown,Right.  Well.  We still need it.,,,neutral
train,Ses02F_impro01,4,Ses02F_impro01_M004,unknown,um Sorry.,,,neutral
train,Ses02F_impro01,5,Ses02F_impro01_M005,unknown,"Okay.  Um, I'm sorry but I--I can't help you.  You're gonna have to go back and uh...",,,frustrated
train,Ses02F_impro01,6,Ses02F_impro01_M006,unknown,Right.  It's the D.M.V..,,,frustrated
train,Ses02F_impro01,7,Ses02F_impro01_M007,unknown,"I know, it gets long, but I can't do anything without your--do you have Social Security card, maybe?",,,frustrated
train,Ses02F_impro01,8,Ses02F_impro01_M008,unknown,"Alright, I don't know what to tell you right.",,,frustrated
train,Ses02F_impro01,9,Ses02F_impro01_M009,unknown,"I think you're just gonna--you're gonna have to get 'em and then you can back and then, we'll help you out.  Maybe, we can-",,,frustrated
train,Ses02F_impro01,10,Ses02F_impro01_M010,unknown,I can't.,,,frustrated
train,Ses02F_impro01,11,Ses02F_impro01_M011,unknown,"I make an exception for you and I have to make an exception for everyone.  I mean, I-I've seen this before and I know it's frustrating, but there's nothing I can do. You just have to-",,,frustrated
train,Ses02F_impro01,12,Ses02F_impro01_M012,unknown,"No, it's--",,,frustrated
train,Ses02F_impro01,13,Ses02F_impro01_M013,unknown,"Okay.  But how do I--that's- that's not proof to me.  How do I know that, you know, that it's really you.  I need--",,,frustrated
train,Ses02F_impro01,14,Ses02F_impro01_M014,unknown,"Well, the weekends are not as busy.  Maybe you can uh, come and try to get here early--",,,frustrated
train,Ses02F_impro01,15,Ses02F_impro01_M015,unknown,I can't.  There's nothing I can do.  I'm sorry.,,,frustrated
train,Ses02F_impro01,17,Ses02F_impro01_M017,unknown,"Ok, but you're right now you're holding up more people in line by standing here-- and letting",,,anger
train,Ses02F_impro01,18,Ses02F_impro01_M018,unknown,"I--when you're going to the D.M.V., you usually need pretty professional identification--",,,frustrated
train,Ses02F_impro01,19,Ses02F_impro01_M019,unknown,"You know, Official documentation--",,,anger
train,Ses02F_impro01,20,Ses02F_impro01_M020,unknown,"No, but you come--you come to the D.M.V., it's something-- You should've- You should've figured--",,,frustrated
train,Ses02F_impro01,21,Ses02F_impro01_M021,unknown,"But, without your drive--where-where- what about your identification without your driver's license?  I mean, you need--you needed something before then?",,,frustrated
train,Ses02F_impro01,22,Ses02F_impro01_M022,unknown,"All right.  Well, um, you know, I'd love to help you, but--nothing I can do.",,,frustrated
train,Ses02F_impro01,23,Ses02F_impro01_M023,unknown,"So, if you wanna go get your birth certificate, um, maybe come back--I don't--maybe you can talk to the person in the--in the front of line maybe.  I don't know.",,,frustrated
train,Ses02F_impro01,24,Ses02F_impro01_M024,unknown,I am the supervisor.  So--,,,frustrated
train,Ses02F_impro02,0,Ses02F_impro02_F000,unknown,It's almost time for me to go.,,,sadness
train,Ses02F_impro02,1,Ses02F_impro02_F001,unknown,"There's nothing I can do.  I mean, the government you know--",,,sadness
train,Ses02F_impro02,2,Ses02F_impro02_F002,unknown,"You're gonna have to.  I mean, you're a great father.  You can do it.  I know you can.",,,sadness
train,Ses02F_impro02,3,Ses02F_impro02_F003,unknown,I don't think so.,,,sadness
train,Ses02F_impro02,4,Ses02F_impro02_F004,unknown,"Well, we can do the best we can and-and, with um, you know like wireless internet these days--I think that we could-- Talk every once in awhile.",,,sadness
train,Ses02F_impro02,5,Ses02F_impro02_F005,unknown,You could send me pictures.,,,sadness
train,Ses02F_impro02,6,Ses02F_impro02_F006,unknown,"Their not gonna let you.  You have to stay home and I have to go.  I mean, that's all--",,,sadness
train,Ses02F_impro02,7,Ses02F_impro02_F007,unknown,"and--I mean, my daughter--I don't want to put her in danger.  You know?  She has to stay.",,,sadness
train,Ses02F_impro02,8,Ses02F_impro02_F008,unknown,"I know, but, she needs to be safe more.  She needs to be around kids her age--own age.  She needs to be able to play on the streets and--",,,sadness
train,Ses02F_impro02,9,Ses02F_impro02_F009,unknown,You can just remember it for me.,,,sadness
train,Ses02F_impro02,10,Ses02F_impro02_F010,unknown,"Well, I need--I need you to be able to do this for me 'cause I can't do anything about it.",,,sadness
train,Ses02F_impro02,11,Ses02F_impro02_F011,unknown,"I mean, it's just as hard for me, but--I know that we can do it, you know",,,sadness
train,Ses02F_impro02,12,Ses02F_impro02_F012,unknown,I don't want you in danger.  And I don't want her in danger.,,,sadness
train,Ses02F_impro02,13,Ses02F_impro02_F013,unknown,I have no choice. There's nothing I can do.,,,sadness
train,Ses02F_impro02,1,Ses02F_impro02_M001,unknown,What--what're we gonna do here?  I can't--I can't do this by myself.  I--,,,frustrated
train,Ses02F_impro02,2,Ses02F_impro02_M002,unknown,"But, I'm--I'm nothing--I'm nothing without you here.  Maybe we can--we can get out of this somehow.",,,frustrated
train,Ses02F_impro02,3,Ses02F_impro02_M003,unknown,"Well, come on.  You've gotta think of something.  A year--a year away, it's gonna tear us apart.  I don't even--I don't even wanna think about it.  I mean, I don't even know if I'll be able to get in touch with you or--",,,frustrated
train,Ses02F_impro02,5,Ses02F_impro02_M005,unknown,"What if--maybe--what if, uh, we went somewhere over there?  I don't--I don't know--I--I need to figure something out for this because--",,,frustrated
train,Ses02F_impro02,6,Ses02F_impro02_M006,unknown,This is gonna be a--a crucial yet--she's--she's growing up.  She's gonna need you.,,,frustrated
train,Ses02F_impro02,7,Ses02F_impro02_M007,unknown,But she's--you're not gonna--you're not gonna be here for--for her first words.  For her first steps.  I mean--it's something that you're supposed to be here for that--,,,sadness
train,Ses02F_impro02,8,Ses02F_impro02_M008,unknown,I don't know--I don't know--I don't know how--I don't know how this could even be possible for you--I--if I was--,,,frustrated
train,Ses02F_impro02,9,Ses02F_impro02_M009,unknown,"I mean, you just get to--go off and do your thing.  I mean, yeah, we're both--I don't know--it's bad for both of us, but--",,,frustrated
train,Ses02F_impro02,10,Ses02F_impro02_M010,unknown,...it would be so much better if we can--if we could stay together somehow.  You know--we could--we could do this together.,,,frustrated
train,Ses02F_impro02,12,Ses02F_impro02_M012,unknown,All right.,,,sadness
train,Ses02F_impro03,0,Ses02F_impro03_F000,unknown,"Oh my God.  Guess what, guess what, guess what, guess what, guess what, guess what?",,,excited
train,Ses02F_impro03,1,Ses02F_impro03_F001,unknown,"Well, guess.  Guess, guess, guess, guess.",,,excited
train,Ses02F_impro03,4,Ses02F_impro03_F004,unknown,I'm so excited.,,,excited
train,Ses02F_impro03,9,Ses02F_impro03_F009,unknown,"like all they have And I was like, what's going on?  And he like takes my hand and pulls me into the middle and he's like--you know, get's on his knee and everything--And says will you marry me? And I flipped out.",,,excited
train,Ses02F_impro03,11,Ses02F_impro03_F011,unknown,'Cause- 'Cause he was with me. You didn't do it did you?,,,excited
train,Ses02F_impro03,12,Ses02F_impro03_F012,unknown,You didn't know anything?,,,excited
train,Ses02F_impro03,13,Ses02F_impro03_F013,unknown,"I was just--it was so like I thought this might happen eventually, but like not yet, you know what I mean?  Like--",,,excited
train,Ses02F_impro03,14,Ses02F_impro03_F014,unknown,"It is good.  It's totally good.  I mean, it like oh, you know.",,,excited
train,Ses02F_impro03,15,Ses02F_impro03_F015,unknown,I know. So we're gonna take it--Like we're not gonna get married right away--'Cause we want to like have plenty of time to plan everything out,,,joy
train,Ses02F_impro03,16,Ses02F_impro03_F016,unknown,"...and, um, my parents want to like be part of it and help out and everything--So we want to give it lots of time to like--",,,joy
train,Ses02F_impro03,17,Ses02F_impro03_F017,unknown,"Yeah, yeah, I called them. I called them And, of course, they were so excited 'cause they love him. Like they always have.  Um--",,,joy
train,Ses02F_impro03,18,Ses02F_impro03_F018,unknown,"So, yeah, I mean, it'll be good.  We wanna like, uh, I think we're gonna have it in spring time, like early Spring--So it's no too hot yet.  And um--",,,joy
train,Ses02F_impro03,19,Ses02F_impro03_F019,unknown,"I don't know.  I mean, I kinda like the idea of having something outside, but--Like--is a- Yeah,",,,joy
train,Ses02F_impro03,21,Ses02F_impro03_F021,unknown,"Yeah, I don't know-[LAUGHTER]-I mean--I can't even--the whole idea of like living--spending my whole life with somebody--that's crazy",,,excited
train,Ses02F_impro03,23,Ses02F_impro03_F023,unknown,Thank you. Thank you so much.,,,joy
train,Ses02F_impro03,24,Ses02F_impro03_F024,unknown,"Oh, you will--You'll find just the right girl.  And she'll be perfect for you and everything will be great.",,,excited
train,Ses02F_impro03,26,Ses02F_impro03_F026,unknown,"Yeah, it's pretty good.",,,joy
train,Ses02F_impro03,27,Ses02F_impro03_F027,unknown,"Of course, of course--you'll be able to be a part of it.  You can come help me pick my colors.",,,joy
train,Ses02F_impro03,28,Ses02F_impro03_F028,unknown,"It's so girly.  I don't even know how to like--It's so weird, but it'll be fun.  My mom will love to be like--she'll get so into it, I'm sure.",,,excited
train,Ses02F_impro03,29,Ses02F_impro03_F029,unknown,She'll be like--flowers and the--,,,joy
train,Ses02F_impro03,30,Ses02F_impro03_F030,unknown,"Oh, thank you. [LAUGHTER]",,,joy
train,Ses02F_impro03,1,Ses02F_impro03_M001,unknown,"Um, you--",,,neutral
train,Ses02F_impro03,2,Ses02F_impro03_M002,unknown,No.  Let me see.,,,sur
train,Ses02F_impro03,4,Ses02F_impro03_M004,unknown,That is great.  You look radiant.  I should've guess.,,,joy
train,Ses02F_impro03,5,Ses02F_impro03_M005,unknown,"Well, Tell me about him.  What happened.",,,excited
train,Ses02F_impro03,6,Ses02F_impro03_M006,unknown,What?,,,sur
train,Ses02F_impro03,7,Ses02F_impro03_M007,unknown,That--that is the most romantic thing I have ever heard.,,,sur
train,Ses02F_impro03,9,Ses02F_impro03_M009,unknown,"Yeah.  I mean candles wouldn't stay--No, I didn't--I didn't know anything about it.",,,joy
train,Ses02F_impro03,10,Ses02F_impro03_M010,unknown,No. I'm just as happy as you are.  This is--,,,joy
train,Ses02F_impro03,11,Ses02F_impro03_M011,unknown,"So, I mean--it's good though.",,,joy
train,Ses02F_impro03,12,Ses02F_impro03_M012,unknown,"Yeah, I know.  Wow.  I'm shaking.  I can't even--",,,excited
train,Ses02F_impro03,13,Ses02F_impro03_M013,unknown,"Oh. Do they--do they know yet? Have you told them? Oh, that's--",,,neutral
train,Ses02F_impro03,14,Ses02F_impro03_M014,unknown,That's great.  Yeah.,,,neutral
train,Ses02F_impro03,15,Ses02F_impro03_M015,unknown,Okay. You know--you know where?  Or--,,,neutral
train,Ses02F_impro03,16,Ses02F_impro03_M016,unknown,"Uh, huh. I mean, you know, it's spring--It'll be--",,,neutral
train,Ses02F_impro03,17,Ses02F_impro03_M017,unknown,Spring's nice though.,,,neutral
train,Ses02F_impro03,18,Ses02F_impro03_M018,unknown,"Yeah, that is--how long you guys been together now?",,,neutral
train,Ses02F_impro03,19,Ses02F_impro03_M019,unknown,Okay.  All right.  So-[LAUGHTER]-quite a while.  I mean--That's-  That's good.  I'm so happy for you. [LAUGHTER],,,joy
train,Ses02F_impro03,20,Ses02F_impro03_M020,unknown,"Yeah, I'd love to be in that same situation some day, but, wow- so-",,,joy
train,Ses02F_impro03,22,Ses02F_impro03_M022,unknown,"Oh, I approve. I-[LAUGHTER]-I more than approve.",,,joy
train,Ses02F_impro03,23,Ses02F_impro03_M023,unknown,"I mean, I'm surprised he didn't, ya know--go get a plane to fly over and shine--But candles on the beach, that's okay too I guess--",,,joy
train,Ses02F_impro03,24,Ses02F_impro03_M024,unknown,"Well--can--I mean, let me know--I want- I want invitations and--",,,excited
train,Ses02F_impro03,25,Ses02F_impro03_M025,unknown,"Oh, yes.  This is the whole [GARBAGE]",,,excited
train,Ses02F_impro03,26,Ses02F_impro03_M026,unknown,"It'll be good.  Wow, that's great.",,,joy
train,Ses02F_impro04,0,Ses02F_impro04_F000,unknown,I'm--every lead that I get ends up just being a dead end.  You know what I mean.  People are sick of me calling--,,,frustrated
train,Ses02F_impro04,1,Ses02F_impro04_F001,unknown,"Yeah, but it--I mean it's the same response you get over and over again.  Like--",,,frustrated
train,Ses02F_impro04,2,Ses02F_impro04_F002,unknown,"Oh, we're not hiring at this time or thank you, we already have your information on file--We'll call you when we're ready.",,,frustrated
train,Ses02F_impro04,3,Ses02F_impro04_F003,unknown,"But, it's been so long, like--I mine as well just take a job at McDonald's.  Like, I don't--",,,frustrated
train,Ses02F_impro04,4,Ses02F_impro04_F004,unknown,"I just--I can't do it anymore.  Like, it just takes it out of you--",,,frustrated
train,Ses02F_impro04,5,Ses02F_impro04_F005,unknown,I just keep getting rejected.  I just keep getting rejected over and over and over again and it starts to make you feel like there must be something wrong with you that you can't get a job.,,,frustrated
train,Ses02F_impro04,6,Ses02F_impro04_F006,unknown,"Yeah, but maybe--if just because it's competitive, like maybe I'm just not good enough.  Maybe the level is here and I'm here and there's just no way I'm ever gonna do that--",,,frustrated
train,Ses02F_impro04,7,Ses02F_impro04_F007,unknown,"I didn't have like one of those starts, you know, like a family member who was already in the business or something you know that could like give me a helping hand.",,,frustrated
train,Ses02F_impro04,8,Ses02F_impro04_F008,unknown,"It's just so frustrating.  Like, I just--I just don't wanna do it anymore.  You know?  I just don't wanna like hit the pavement every single day with my resumes and going out there all the time.  You know, it's just like--",,,frustrated
train,Ses02F_impro04,9,Ses02F_impro04_F009,unknown,I feel so worthless.,,,sadness
train,Ses02F_impro04,10,Ses02F_impro04_F010,unknown,And what would make you say that?  There doesn't seem to be any indicators that anything's going to get better.,,,frustrated
train,Ses02F_impro04,11,Ses02F_impro04_F011,unknown,"It's just really hard.  I feel like their starting to get like a personal prejudice against me.  You know what I mean?  Like it's like suddenly it starts to feel like it's just you that they say no to and it's not that they're not taking applications and it's not that they're not hiring people, it's just you particularly they have some particular reason for just hating you.  You know?",,,frustrated
train,Ses02F_impro04,12,Ses02F_impro04_F012,unknown,Or they'll never talk to me again.,,,frustrated
train,Ses02F_impro04,13,Ses02F_impro04_F013,unknown,"I-I just I think maybe I should try something else.  I mean, I-I don't know.  All growing up this is the only thing that I ever wanted to do and yet I can't.  I'm not physically able apparently.  I mean--",,,frustrated
train,Ses02F_impro04,14,Ses02F_impro04_F014,unknown,"I guess the money shouldn't matter to me, but--Somehow it does.  You know? It's not like I do it for the money, but",,,frustrated
train,Ses02F_impro04,15,Ses02F_impro04_F015,unknown,"you have to--I mean, if you're hired by somebody, then you're not a professional, you're an amateur and that means that you're not good enough.",,,frustrated
train,Ses02F_impro04,16,Ses02F_impro04_F016,unknown,"I just wanna crawl in a hole, you know.  Like it just makes you not wanna even open your eyes in the morning.",,,sadness
train,Ses02F_impro04,0,Ses02F_impro04_M000,unknown,"So, uh, so how's it been going?  I mean, you have any needs or anything?",,,neutral
train,Ses02F_impro04,1,Ses02F_impro04_M001,unknown,"No.  You can't think that way.  I mean it's good--it's good that you're--that you're calling, you know. you can't",,,neutral
train,Ses02F_impro04,3,Ses02F_impro04_M003,unknown,"No, come on.  Don't [GARBAGE]",,,neutral
train,Ses02F_impro04,4,Ses02F_impro04_M004,unknown,"I know.  I know. It's hard, but you just--you gotta keep going.  I mean, you've been going at it for so long, you know.  Something is definitely going to come up.  I-I know it will, because you're a good worker--",,,neutral
train,Ses02F_impro04,5,Ses02F_impro04_M005,unknown,"No.  It's--I mean, it's competitive, you know.  That's-That's what it is.  that's what you gotta be is competitive.",,,neutral
train,Ses02F_impro04,6,Ses02F_impro04_M006,unknown,"There...There are plenty of people out there with--with like, good jobs, you know, that are a lot...",,,neutral
train,Ses02F_impro04,7,Ses02F_impro04_M007,unknown,...dumber than you.  I mean they're a lot worse off than you.  You are much better off than like a lot of those people in there. I know,,,neutral
train,Ses02F_impro04,8,Ses02F_impro04_M008,unknown,"I know.  It makes it harder.  I mean it's definitely who you know in a lot of cases, but--",,,neutral
train,Ses02F_impro04,9,Ses02F_impro04_M009,unknown,"But you gotta.  Otherwise, what is--what's your other option?",,,neutral
train,Ses02F_impro04,10,Ses02F_impro04_M010,unknown,"It's not worthless 'cause it's definitely gonna--it's definitely gonna pay off.  I know it.  I mean, I can--I've just--I've seen your work etiquette.  You know, you're a good worker and...",,,neutral
train,Ses02F_impro04,11,Ses02F_impro04_M011,unknown,... and there's no reason that--that something won't come up like really soon.  All right?  So you just gotta--,,,neutral
train,Ses02F_impro04,12,Ses02F_impro04_M012,unknown,"Because I know you.  You know, and maybe once you get to know some more people, like talking to them and everything, they'll get to know you too and they'll realize they should've hired you three years ago.  You know? but  And- and they'll finally come around and believe me--it'll--you gotta-",,,neutral
train,Ses02F_impro04,13,Ses02F_impro04_M013,unknown,"Well maybe yeah, but maybe you get to that point where it's like you bug 'em and then they just don't wanna hear from you anymore, but you keep bugging them and bugging them and then it's gonna annoy them so much that they're gonna be like all right fine. you know",,,neutral
train,Ses02F_impro04,14,Ses02F_impro04_M014,unknown,"Or, well, no.  Okay. you -[GARBAGE]",,,frustrated
train,Ses02F_impro04,15,Ses02F_impro04_M015,unknown,"That obviously that's not true though.  I mean, you've done this before.  You've done all the work like this before, you know, and and you've gotten people saying oh, you're so good and like you know--",,,neutral
train,Ses02F_impro04,16,Ses02F_impro04_M016,unknown,Right.,,,neutral
train,Ses02F_impro04,17,Ses02F_impro04_M017,unknown,"Well, you've gotta live.",,,neutral
train,Ses02F_impro04,18,Ses02F_impro04_M018,unknown,"I mean, it's just, it's really--I don't know, yeah, it's about their opinions and it's about, I don't know, just getting yourself out there and--",,,neutral
train,Ses02F_impro04,19,Ses02F_impro04_M019,unknown,"Well, come on, come on.  Thinking about it like this is definitely not gonna help either though.",,,neutral
train,Ses02F_impro05,0,Ses02F_impro05_F000,unknown,"Hi, um, excuse me, I believe that the airline lost my baggage.",,,neutral
train,Ses02F_impro05,1,Ses02F_impro05_F001,unknown,"No, it didn't. um It didn't come out and I don't see it anywhere around here, so what can you do about that?",,,neutral
train,Ses02F_impro05,2,Ses02F_impro05_F002,unknown,Some problems?  What is that supposed to mean?,,,sur
train,Ses02F_impro05,3,Ses02F_impro05_F003,unknown,How do you lose a suitcase?  A huge suitcase?,,,sur
train,Ses02F_impro05,4,Ses02F_impro05_F004,unknown,How much?,,,neutral
train,Ses02F_impro05,5,Ses02F_impro05_F005,unknown,"Fifty dollars?  For my suitcase?  I mean, the suitcase itself was like a hundred and fifty dollar just for the suitcase, but all the things inside, all my clothes, all my personal belongings, the sentimental value, not to mention, which is more-more than all of that together.",,,sur
train,Ses02F_impro05,6,Ses02F_impro05_F006,unknown,"That's all, that's all, that's all you're going to do is just give me fifty dollars and say go have fun on your vacation without any of your stuff?",,,anger
train,Ses02F_impro05,7,Ses02F_impro05_F007,unknown,"Yes, yes, I would like to file a claim, but what are you gonna--I mean, is it just gonna show up magically out of nowhere?",,,frustrated
train,Ses02F_impro05,10,Ses02F_impro05_F010,unknown,"Because you don't seem to care very much, you know.",,,anger
train,Ses02F_impro05,11,Ses02F_impro05_F011,unknown,I didn't sign anything.,,,frustrated
train,Ses02F_impro05,13,Ses02F_impro05_F013,unknown,"[BREATHING] Well, sure, yeah, I guess I'll go buy dinner and then be--have nothing for the rest of my entire vacation.  I'm supposed to be here for three weeks.  What am I gonna do without anything for three weeks?",,,frustrated
train,Ses02F_impro05,14,Ses02F_impro05_F014,unknown,But fifty dollars isn't going to get me anything.,,,frustrated
train,Ses02F_impro05,15,Ses02F_impro05_F015,unknown,Isn't there anything else you can do?,,,frustrated
train,Ses02F_impro05,16,Ses02F_impro05_F016,unknown,"I mean, is there somebody you can call?  Or the guy that put the stuff on the--on the plane.  I mean, are they--they must be really irresponsible to have just disappeared my baggage.  I mean, did it get stolen?",,,frustrated
train,Ses02F_impro05,17,Ses02F_impro05_F017,unknown,"Yeah, I'm sure you -- You're like, hmm, do you take baggage?  No.  Oh, okay, thanks.  Great.  I mean how--",,,frustrated
train,Ses02F_impro05,18,Ses02F_impro05_F018,unknown,There needs to be better security here.,,,frustrated
train,Ses02F_impro05,19,Ses02F_impro05_F019,unknown,It sounds like it's such a little like oh well no big deal whatever.  It's a big deal to me.,,,anger
train,Ses02F_impro05,20,Ses02F_impro05_F020,unknown,"Well, can I at least have my fifty dollars, please?",,,frustrated
train,Ses02F_impro05,22,Ses02F_impro05_F022,unknown,Thank you very much.,,,frustrated
train,Ses02F_impro05,0,Ses02F_impro05_M000,unknown,"Um, okay, it didn't--didn't come out on the carrousel--",,,neutral
train,Ses02F_impro05,1,Ses02F_impro05_M001,unknown,"Okay.  Um, well, unfortunately yeah there was a some- some problems with the--",,,neutral
train,Ses02F_impro05,2,Ses02F_impro05_M002,unknown,"Uh, well some-some of the bags were--were lost on the way over here. uh-",,,neutral
train,Ses02F_impro05,3,Ses02F_impro05_M003,unknown,"You know, I mean, there's a lot of things that go on under the plane and sometimes, you know, that kind of things happen.",,,neutral
train,Ses02F_impro05,4,Ses02F_impro05_M004,unknown,"Uh, But, we are willing to reimburse you for the bag and and for the contents--",,,neutral
train,Ses02F_impro05,5,Ses02F_impro05_M005,unknown,"Um, we'd be willing to give you uh fifty dollars for--",,,neutral
train,Ses02F_impro05,6,Ses02F_impro05_M006,unknown,"Right.  Uh We realize, you know, that that it's a bad situation, but I'm sorry, there's nothing that we can really do.",,,neutral
train,Ses02F_impro05,7,Ses02F_impro05_M007,unknown,"I think, um, maybe you can file a claim if you want and turn it in to our main office--",,,neutral
train,Ses02F_impro05,8,Ses02F_impro05_M008,unknown,"Right.  No.  I mean they- they might--they might--if you-if you are argue the case more, maybe they'll reimburse you more, but, right now--",,,neutral
train,Ses02F_impro05,9,Ses02F_impro05_M009,unknown,"Yes, I know. I know-. It's It's frustrating.  Unfortunately though-- um",,,neutral
train,Ses02F_impro05,10,Ses02F_impro05_M010,unknown,"By checking your bags, you--you, you know- admit to the liability that's- that's at risk--",,,neutral
train,Ses02F_impro05,11,Ses02F_impro05_M011,unknown,"Right, well, by checking in your bags, you agreed to, you know, at the will of the--",,,neutral
train,Ses02F_impro05,12,Ses02F_impro05_M012,unknown,"You paid for the flight and then your bags were checked at--it's a service that the airline provides for us.  So so, really, it's really the risk was taken and, I'm sorry, but there's really nothing else we can do.  So do you want--do you want the reimbursement?",,,neutral
train,Ses02F_impro05,13,Ses02F_impro05_M013,unknown,"Well, there are-there are some shops here in- in the airport--",,,neutral
train,Ses02F_impro05,14,Ses02F_impro05_M014,unknown,"No, um, like I said you can file a claim and, uh, maybe get reimbursed for more-- you",,,neutral
train,Ses02F_impro05,15,Ses02F_impro05_M015,unknown,probably even talk to--,,,neutral
train,Ses02F_impro05,16,Ses02F_impro05_M016,unknown,"Right, that--that gets taken care of-- That gets taken care of.  We get we do, you know, we investigate those and just make sure that um- they're not doing their own thing with them so--uh",,,neutral
train,Ses02F_impro05,17,Ses02F_impro05_M017,unknown,but Unfortunately sometimes is--,,,neutral
train,Ses02F_impro05,18,Ses02F_impro05_M018,unknown,"Well, that's--that's what I'm saying--",,,neutral
train,Ses02F_impro05,19,Ses02F_impro05_M019,unknown,"Okay.  Well that that could be something that you put on on the claim--on on the complaint form if you want.  And provide us with your information while you're here and then, maybe, if it turns up, then we'll send it right over.",,,neutral
train,Ses02F_impro05,20,Ses02F_impro05_M020,unknown,"All right, Miss, I-I know.  I realize this. But Like I said, there are several people that are in your same situation, so, um, it's not--it's not totally uncommon and I'm actually gonna have to ask you to move so I can help the next person.",,,neutral
train,Ses02F_impro05,21,Ses02F_impro05_M021,unknown,"Yes, all right.  There you go, now you can file a claim over to the left--And they'll help you out.",,,neutral
train,Ses02F_impro07,1,Ses02F_impro07_F001,unknown,I got into U.S.C.,,,excited
train,Ses02F_impro07,2,Ses02F_impro07_F002,unknown,"Yeah, I'm so excited.  So I'm gonna say--",,,excited
train,Ses02F_impro07,3,Ses02F_impro07_F003,unknown,"Yeah, I think, I mean because where else would I gonna go?  Like the other places that I applied to I really didn't like that much anyway.",,,excited
train,Ses02F_impro07,4,Ses02F_impro07_F004,unknown,So--,,,excited
train,Ses02F_impro07,5,Ses02F_impro07_F005,unknown,"Yeah, I know.",,,excited
train,Ses02F_impro07,6,Ses02F_impro07_F006,unknown,Absolutely. I'm so excited.,,,excited
train,Ses02F_impro07,7,Ses02F_impro07_F007,unknown,"I know.  I know. And we'll all get to hang out.  And I'm--even though we'll be at like at different parts of the city, we can still, like...",,,excited
train,Ses02F_impro07,8,Ses02F_impro07_F008,unknown,"...hang out and, like, have our different lives--And meet each other's friends and stuff.  So, I'm just so glad 'cause they have such a good school",,,excited
train,Ses02F_impro07,9,Ses02F_impro07_F009,unknown,"and like-- The football team--And like all the-...you- what I mean, like...",,,excited
train,Ses02F_impro07,10,Ses02F_impro07_F010,unknown,"You can walk somewhere and be anywhere in the country and be like, oh, yeah, I am at U.S.C.",,,excited
train,Ses02F_impro07,11,Ses02F_impro07_F011,unknown,"And you know what, you know what I mean, like it's recognizable rather than just being like I went some random school. It's like people really know what you...",,,excited
train,Ses02F_impro07,12,Ses02F_impro07_F012,unknown,"...like, they feel like--I feel like it's going to be so like accomplished.  Do you know what I mean?",,,excited
train,Ses02F_impro07,13,Ses02F_impro07_F013,unknown,Like it has some prestige. so,,,excited
train,Ses02F_impro07,14,Ses02F_impro07_F014,unknown,"Yeah, I mean there's all the money stuff and my mom's helping me with the financial aid and stuff.  But, it'll be fine--",,,excited
train,Ses02F_impro07,15,Ses02F_impro07_F015,unknown,"Like, now that I'm accepted, it's just, like, such a huge load off my mind.",,,excited
train,Ses02F_impro07,16,Ses02F_impro07_F016,unknown,I don't mind worrying about all the paperwork.  You know--,,,excited
train,Ses02F_impro07,17,Ses02F_impro07_F017,unknown,"Because, I don't have to like make that decision anymore.  I don't have to try and decide, like, what the bad school I'm going to go to is. you know",,,excited
train,Ses02F_impro07,18,Ses02F_impro07_F018,unknown,"I know. I know.  I think you go and you like stay for a couple of days and you meet people and--And they'll give you like a tour--And show you everything.  Oh, man, I'm just so--I'm so excited.",,,excited
train,Ses02F_impro07,19,Ses02F_impro07_F019,unknown,"Yeah, oh totally.  It's a beautiful campus.  It's gonna be really nice.  Um, and everyone is friendly and like there's ivy on all the walls.  Oh, it's just so--it's so like collegiate.",,,excited
train,Ses02F_impro07,20,Ses02F_impro07_F020,unknown,"You know what I mean?  Like, it's like exactly what I want.",,,excited
train,Ses02F_impro07,21,Ses02F_impro07_F021,unknown,"Well, you know, I've thought about it but they have so many things that I might--Like try some things out first...",,,excited
train,Ses02F_impro07,22,Ses02F_impro07_F022,unknown,"...because also on the list of their, um, like G.E.'s or whatever, you have a lot of choices within every single one.  So you can, like, try things out and not just be like, oh, I have to take math, oh, I have to take this.  You know what I mean?",,,excited
train,Ses02F_impro07,23,Ses02F_impro07_F023,unknown,"So, um, so I don't know.",,,excited
train,Ses02F_impro07,24,Ses02F_impro07_F024,unknown,I mean I'm gonna take a bunch of stuff and see.,,,excited
train,Ses02F_impro07,25,Ses02F_impro07_F025,unknown,"I- They have like--they just have so many like prestigious like this school is top ten and like the departments within it, you know what I mean.",,,excited
train,Ses02F_impro07,26,Ses02F_impro07_F026,unknown,"I know, I get to be one of those now--I'll like walk around and be like a U.S.C..  You know what I mean.",,,excited
train,Ses02F_impro07,27,Ses02F_impro07_F027,unknown,And you'll be like...,,,excited
train,Ses02F_impro07,28,Ses02F_impro07_F028,unknown,"Student. I'm a student. Yes I am, Thank you very much.",,,excited
train,Ses02F_impro07,29,Ses02F_impro07_F029,unknown,[BREATHING],,,excited
train,Ses02F_impro07,30,Ses02F_impro07_F030,unknown,I know.  I'm excited.,,,excited
train,Ses02F_impro07,31,Ses02F_impro07_F031,unknown,"Well, that'll take a while. [GARBAGE]",,,excited
train,Ses02F_impro07,32,Ses02F_impro07_F032,unknown,That's going to be a lot of work.,,,excited
train,Ses02F_impro07,33,Ses02F_impro07_F033,unknown,"But, it'll be fine, I mean.  I'm so excited. It's going to be so fun.",,,excited
train,Ses02F_impro07,34,Ses02F_impro07_F034,unknown,"I know, and I mean the area's not great, but like the school makes up for it. It'll be fine. It'll be good.",,,excited
train,Ses02F_impro07,35,Ses02F_impro07_F035,unknown,I know. I know. So fun.  I can't wait.,,,excited
train,Ses02F_impro07,36,Ses02F_impro07_F036,unknown,I will. I will. Thank you.,,,excited
train,Ses02F_impro07,37,Ses02F_impro07_F037,unknown,Thanks.,,,excited
train,Ses02F_impro07,0,Ses02F_impro07_M000,unknown,"So, how's it going?",,,neutral
train,Ses02F_impro07,1,Ses02F_impro07_M001,unknown,"Oh, you got what?  Where?",,,excited
train,Ses02F_impro07,2,Ses02F_impro07_M002,unknown,"Oh, no way.",,,excited
train,Ses02F_impro07,3,Ses02F_impro07_M003,unknown,Are you gonna go? you gonna-,,,excited
train,Ses02F_impro07,4,Ses02F_impro07_M004,unknown,"Wow, that's...",,,excited
train,Ses02F_impro07,5,Ses02F_impro07_M005,unknown,"...that's first choice, huh? That's so awesome and now look you're gonna be--you're gonna be here. you know",,,excited
train,Ses02F_impro07,6,Ses02F_impro07_M006,unknown,"Yeah, no, definitely--It's gonna..",,,excited
train,Ses02F_impro07,7,Ses02F_impro07_M007,unknown,Yeah.,,,excited
train,Ses02F_impro07,8,Ses02F_impro07_M008,unknown,Yeah,,,excited
train,Ses02F_impro07,9,Ses02F_impro07_M009,unknown,Fight on.,,,excited
train,Ses02F_impro07,10,Ses02F_impro07_M010,unknown,[LAUGHTER],,,excited
train,Ses02F_impro07,11,Ses02F_impro07_M011,unknown,Wow. That's cool.,,,excited
train,Ses02F_impro07,16,Ses02F_impro07_M016,unknown,So...,,,neutral
train,Ses02F_impro07,17,Ses02F_impro07_M017,unknown,"Right.  Right.  Right. Oh, man, then you're going to have to do orientation, I guess.",,,excited
train,Ses02F_impro07,18,Ses02F_impro07_M018,unknown,That'll be awesome.,,,joy
train,Ses02F_impro07,19,Ses02F_impro07_M019,unknown,"I mean because you went to the campus before, right?",,,joy
train,Ses02F_impro07,23,Ses02F_impro07_M023,unknown,Oh man.,,,excited
train,Ses02F_impro07,27,Ses02F_impro07_M027,unknown,Ahh. Yeah. [GARBAGE],,,excited
train,Ses02F_impro07,28,Ses02F_impro07_M028,unknown,"You'll be like are you a fan or a student you know? Student. [LAUGHTER] Oh man, that's awesome.",,,excited
train,Ses02F_impro07,29,Ses02F_impro07_M029,unknown,A U.S.C. graduate now. You're set.,,,excited
train,Ses02F_impro07,34,Ses02F_impro07_M034,unknown,You're getting close to the beach.  I mean geez.,,,excited
train,Ses02F_impro08,0,Ses02F_impro08_F000,unknown,"Hi, my name is Shiloh, welcome to--Airline Six.  Hi, how may I help you?",,,neutral
train,Ses02F_impro08,1,Ses02F_impro08_F001,unknown,"All right, sir.",,,neutral
train,Ses02F_impro08,2,Ses02F_impro08_F002,unknown,I completely understand.  Automated systems are very difficult sometimes.,,,neutral
train,Ses02F_impro08,3,Ses02F_impro08_F003,unknown,"Um, how may I help you.  You're trying to book a specific flight?",,,neutral
train,Ses02F_impro08,4,Ses02F_impro08_F004,unknown,"Oh, yeah, absolutely.  You know, and especially because you've been waiting so long and I know that, um, you've been having a difficult time.",,,neutral
train,Ses02F_impro08,5,Ses02F_impro08_F005,unknown,"I want to definitely give you our special package today, which um is usually only for valued customers who have a record of having previous,",,,neutral
train,Ses02F_impro08,6,Ses02F_impro08_F006,unknown,"um lots of purchases, but we're gonna go ahead and give that to you anyway. uh,  Just to make sure that you're happy with your service here.",,,neutral
train,Ses02F_impro08,7,Ses02F_impro08_F007,unknown,Is that all right?,,,neutral
train,Ses02F_impro08,8,Ses02F_impro08_F008,unknown,"I can do that right now for you. No, absolutely.  I can take care of you all the way through to the end.",,,neutral
train,Ses02F_impro08,9,Ses02F_impro08_F009,unknown,All I'm going to need is your credit card number but just give me one moment. So-,,,neutral
train,Ses02F_impro08,10,Ses02F_impro08_F010,unknown,"um, you're scheduling a flight as well--And you would like to, um, we have a highly discounted hotel rate that goes along with that so that everything is all in one deal.  You're taken care of by the time that you get there.",,,neutral
train,Ses02F_impro08,11,Ses02F_impro08_F011,unknown,Absolutely. we we,,,neutral
train,Ses02F_impro08,12,Ses02F_impro08_F012,unknown,"Yes, I completely understand.  Actually, our-our airline only uses five star hotel and above.  Except we charge at a three star hotel rate because, as a corporation, we are able to get a deal from the hotels themselves.",,,neutral
train,Ses02F_impro08,13,Ses02F_impro08_F013,unknown,"So, you will absolutely be in a high rated great hotel and we can make sure that it's in a area of town that you like as well.",,,neutral
train,Ses02F_impro08,14,Ses02F_impro08_F014,unknown,Yeah.,,,neutral
train,Ses02F_impro08,15,Ses02F_impro08_F015,unknown,Okay.,,,neutral
train,Ses02F_impro08,16,Ses02F_impro08_F016,unknown,Great.  How many seats?,,,neutral
train,Ses02F_impro08,17,Ses02F_impro08_F017,unknown,Okay.  Great.  Four seats.  I'll book you for four seats.,,,neutral
train,Ses02F_impro08,18,Ses02F_impro08_F018,unknown,"Oh, yeah, absolutely.  Um- Would you like window seats or aisles?",,,neutral
train,Ses02F_impro08,19,Ses02F_impro08_F019,unknown,"Okay, I can do um- a win- -two like a window and a aisle and a window and an aisle next to each other so that each of you can sit two by two. And switch around maybe?",,,neutral
train,Ses02F_impro08,20,Ses02F_impro08_F020,unknown,Okay.  Great.  What time of the day would you like?,,,neutral
train,Ses02F_impro08,21,Ses02F_impro08_F021,unknown,All right.  Great.  Well we have a very open flight that leaves at nine a.m. and fortunately uh the time change actually goes um backwards from that.,,,neutral
train,Ses02F_impro08,22,Ses02F_impro08_F022,unknown,"So, it's a five hour flight, but you'll arrive only at eleven a clock in the morning.  So that day, you can have plenty of time to get to your hotel--Rest up and then still have a nice afternoon your first afternoon in Maui.",,,neutral
train,Ses02F_impro08,23,Ses02F_impro08_F023,unknown,Absolutely.  That actually goes in on the same package with our hotel.  You just give me your address.  We'll come and pick up a time that allows you to get to your flight with plenty of time to spare.,,,neutral
train,Ses02F_impro08,24,Ses02F_impro08_F024,unknown,And a there will also be a shuttle waiting for you to take you to the appropriate hotel.,,,neutral
train,Ses02F_impro08,25,Ses02F_impro08_F025,unknown,Yeah--I completely understand.  It's a difficult process sometimes and we want to make traveling as easy as possible.,,,neutral
train,Ses02F_impro08,26,Ses02F_impro08_F026,unknown,Absolutely. Thank you so much for calling and we hope that you will come to us again.,,,neutral
train,Ses02F_impro08,27,Ses02F_impro08_F027,unknown,Thank you.,,,neutral
train,Ses02F_impro08,0,Ses02F_impro08_M000,unknown,"Yeah, hello.",,,frustrated
train,Ses02F_impro08,1,Ses02F_impro08_M001,unknown,Ok.  I've- I've just been talking to this machine for the past half hour and I can't-can't get anything done.  I've been trying to book this vacation this entire time.,,,frustrated
train,Ses02F_impro08,2,Ses02F_impro08_M002,unknown,"I know, I'm sorry.  It's-It's just that it's been a little frustrating because--",,,frustrated
train,Ses02F_impro08,3,Ses02F_impro08_M003,unknown,Okay.,,,neutral
train,Ses02F_impro08,4,Ses02F_impro08_M004,unknown,"Well, yeah, I mean I heard there was like these package deals and that maybe I could get a like a hotel or something like that. and-",,,frustrated
train,Ses02F_impro08,5,Ses02F_impro08_M005,unknown,You- You can do that--You can do that now? I don't have to get like transferred through or anything like that.,,,neutral
train,Ses02F_impro08,6,Ses02F_impro08_M006,unknown,[BREATHING] that's good.,,,neutral
train,Ses02F_impro08,7,Ses02F_impro08_M007,unknown,"All right.  I want to make sure it's like a nice hotel--I mean-mean I'm gonna be paying a lot of money for this so I don't wanna-I don't wanna, you know, I don't wanna to be a waste of time.",,,neutral
train,Ses02F_impro08,8,Ses02F_impro08_M008,unknown,Okay. So--,,,neutral
train,Ses02F_impro08,9,Ses02F_impro08_M009,unknown,"Well, you know, we wanted to--we wanted to go to Maui and--That was a",,,neutral
train,Ses02F_impro08,10,Ses02F_impro08_M010,unknown,"--you know, the kids wanna go to the beach and stuff and so--um",,,neutral
train,Ses02F_impro08,11,Ses02F_impro08_M011,unknown,"Well, it's gonna be four of them.",,,neutral
train,Ses02F_impro08,12,Ses02F_impro08_M012,unknown,All right.  And can they like all get together?,,,neutral
train,Ses02F_impro08,13,Ses02F_impro08_M013,unknown,"Um- You know, window is nice. I guess",,,neutral
train,Ses02F_impro08,15,Ses02F_impro08_M015,unknown,"Uh, well, yeah, I think we were just--you know, whenever best available, I guess.  You know--",,,neutral
train,Ses02F_impro08,16,Ses02F_impro08_M016,unknown,"And, like, there's there's shuttles or something that I can get to the hotel.",,,neutral
train,Ses02F_impro08,18,Ses02F_impro08_M018,unknown,All right.  So we're confirmed then or do you--All right.,,,neutral
train,Ses02F_impro08,19,Ses02F_impro08_M019,unknown,Okay.,,,neutral
train,Ses02F_script01_1,4,Ses02F_script01_1_F004,unknown,Did you talk to him?,,,sadness
train,Ses02F_script01_1,5,Ses02F_script01_1_F005,unknown,He cried hard?,,,sadness
train,Ses02F_script01_1,6,Ses02F_script01_1_F006,unknown,What was he doing out here at that hour?,,,sadness
train,Ses02F_script01_1,11,Ses02F_script01_1_F011,unknown,What do you want to do argue with him?,,,frustrated
train,Ses02F_script01_1,12,Ses02F_script01_1_F012,unknown,You can't say that to him.,,,frustrated
train,Ses02F_script01_1,13,Ses02F_script01_1_F013,unknown,Can you prove it?  How can you prove it?,,,frustrated
train,Ses02F_script01_1,14,Ses02F_script01_1_F014,unknown,"To you it is and to me, but not to him.  I mean, you can talk yourself blue in the face, but he--there's no body and no grave so where are you?",,,frustrated
train,Ses02F_script01_1,17,Ses02F_script01_1_F017,unknown,"I've got an idea, but what's the story?",,,sadness
train,Ses02F_script01_1,18,Ses02F_script01_1_F018,unknown,"Well, that's only your business, Chris.",,,neutral
train,Ses02F_script01_1,19,Ses02F_script01_1_F019,unknown,What do you want me to do?  You're old enough to know your own mind.,,,anger
train,Ses02F_script01_1,21,Ses02F_script01_1_F021,unknown,I'm just saying that--,,,neutral
train,Ses02F_script01_1,23,Ses02F_script01_1_F023,unknown,"From your father's point of view, he isn't dead.  And you've no right to take his girl.",,,frustrated
train,Ses02F_script01_1,24,Ses02F_script01_1_F024,unknown,"And you can go on from there if you know where to go, but I don't know where to go.  See, I don't know.  Now what can I do for you?",,,frustrated
train,Ses02F_script01_1,25,Ses02F_script01_1_F025,unknown,You're a considerate fellow.  There's nothing wrong with that.,,,neutral
train,Ses02F_script01_1,26,Ses02F_script01_1_F026,unknown,[BREATHING] Have you asked Annie yet?,,,neutral
train,Ses02F_script01_1,27,Ses02F_script01_1_F027,unknown,"Well, how do you know she'll marry you?  Maybe she feels the same way your father does.",,,neutral
train,Ses02F_script01_1,28,Ses02F_script01_1_F028,unknown,"Trouble is, you don't see enough women.",,,sadness
train,Ses02F_script01_1,29,Ses02F_script01_1_F029,unknown,You never did.,,,frustrated
train,Ses02F_script01_1,30,Ses02F_script01_1_F030,unknown,I just don't see why it has to be Annie.,,,frustrated
train,Ses02F_script01_1,31,Ses02F_script01_1_F031,unknown,"Well, that's a good answer, but it doesn't answer anything.  I mean, you've been away for--at war.  It's been five years.",,,frustrated
train,Ses02F_script01_1,32,Ses02F_script01_1_F032,unknown,"I don't want a diagram.  Umm-- He thinks he's coming back, Chris.  You marry that girl and you're pronouncing him dead.",,,frustrated
train,Ses02F_script01_1,33,Ses02F_script01_1_F033,unknown,"I mean, what's gonna happen to your father?  Do you know?  I don't.",,,frustrated
train,Ses02F_script01_1,34,Ses02F_script01_1_F034,unknown,I just--give it some more thought.,,,frustrated
train,Ses02F_script01_1,35,Ses02F_script01_1_F035,unknown,What the hell is this?,,,sur
train,Ses02F_script01_1,36,Ses02F_script01_1_F036,unknown,Are you crazy?,,,anger
train,Ses02F_script01_1,37,Ses02F_script01_1_F037,unknown,What about the business?  What the hell is this?,,,anger
train,Ses02F_script01_1,38,Ses02F_script01_1_F038,unknown,Must you be inspired?,,,anger
train,Ses02F_script01_1,40,Ses02F_script01_1_F040,unknown,"Well, you don't want to think like that.",,,anger
train,Ses02F_script01_1,42,Ses02F_script01_1_F042,unknown,"All right.  Just-- just don't go thinkin' that way, you hear me?",,,frustrated
train,Ses02F_script01_1,43,Ses02F_script01_1_F043,unknown,"I don't understand you, do I?",,,frustrated
train,Ses02F_script01_1,44,Ses02F_script01_1_F044,unknown,I can see that.,,,sadness
train,Ses02F_script01_1,11,Ses02F_script01_1_M011,unknown,Why shouldn't he dream of him and walk the nights waiting for him?  Do we contradict him?  Do we say straight out that we don't have any hope anymore?  That we haven't had hope for years now?,,,anger
train,Ses02F_script01_1,12,Ses02F_script01_1_M012,unknown,We've got to say it to him.,,,frustrated
train,Ses02F_script01_1,13,Ses02F_script01_1_M013,unknown,"For God sakes, it's been three years.  Nobody comes back after three years.  It's insane.",,,anger
train,Ses02F_script01_1,15,Ses02F_script01_1_M015,unknown,All right.  All right.  Listen to me.  You know why I brought Annie here don't you?,,,frustrated
train,Ses02F_script01_1,17,Ses02F_script01_1_M017,unknown,I'm gonna ask her to marry me.,,,neutral
train,Ses02F_script01_1,18,Ses02F_script01_1_M018,unknown,You know it's not only my business.,,,frustrated
train,Ses02F_script01_1,19,Ses02F_script01_1_M019,unknown,So it's all right then?,,,frustrated
train,Ses02F_script01_1,20,Ses02F_script01_1_M020,unknown,I'll go ahead with it?,,,frustrated
train,Ses02F_script01_1,21,Ses02F_script01_1_M021,unknown,"Well, then it isn't just my business--",,,anger
train,Ses02F_script01_1,23,Ses02F_script01_1_M023,unknown,She's not Larry's girl.,,,anger
train,Ses02F_script01_1,24,Ses02F_script01_1_M024,unknown,"I don't know why, but, every time I reach out for something that I want, I have to pull back 'cause someone else will suffer.  My whole bloody life.  Time after time after time.",,,frustrated
train,Ses02F_script01_1,25,Ses02F_script01_1_M025,unknown,To hell with that.,,,anger
train,Ses02F_script01_1,27,Ses02F_script01_1_M027,unknown,"Well, if she does, then that's the end of it.  But from her letters, I think she's forgotten him.  I'll find out.  And then we'll thrash it out with Dad, right?  Mom, don't avoid me.",,,sadness
train,Ses02F_script01_1,29,Ses02F_script01_1_M029,unknown,Because it is.,,,neutral
train,Ses02F_script01_1,31,Ses02F_script01_1_M031,unknown,"These years when I think of a wife, I think of Annie.  What do you want, a diagram?",,,frustrated
train,Ses02F_script01_1,32,Ses02F_script01_1_M032,unknown,"All right.  All right, then, Mom.",,,frustrated
train,Ses02F_script01_1,33,Ses02F_script01_1_M033,unknown,I've given it three years of thought.  I thought that if I waited Dad would forget about Larry and we could have a regular wedding and everything happy.,,,frustrated
train,Ses02F_script01_1,36,Ses02F_script01_1_M036,unknown,I've been a good son too long.  A good sucker.  I'm through with it.,,,anger
train,Ses02F_script01_1,37,Ses02F_script01_1_M037,unknown,The business?  The business doesn't inspire me.,,,anger
train,Ses02F_script01_1,38,Ses02F_script01_1_M038,unknown,"Yes.  I like it an hour a day.  If I'm gonna grub for my money all day long, at least in the evening I want it beautiful.",,,anger
train,Ses02F_script01_1,40,Ses02F_script01_1_M040,unknown,"Yes, on this I would.",,,neutral
train,Ses02F_script01_1,42,Ses02F_script01_1_M042,unknown,"I know.  I know, Mom.  Just help me stay here.",,,frustrated
train,Ses02F_script01_1,43,Ses02F_script01_1_M043,unknown,I am thinkin' that way.,,,neutral
train,Ses02F_script01_1,44,Ses02F_script01_1_M044,unknown,"No, you don't.  I'm a pretty tough guy.",,,neutral
train,Ses02F_script01_2,4,Ses02F_script01_2_F004,unknown,-he's not gonna marry her.,,,oth
train,Ses02F_script01_2,5,Ses02F_script01_2_F005,unknown,It's got that all about it.,,,anger
train,Ses02F_script01_2,8,Ses02F_script01_2_F008,unknown,"Well then why is she still single?  I mean, New York is full of men.  Why isn't she married?  Probably a hundred people told her she's crazy, but she's waited.",,,frustrated
train,Ses02F_script01_2,9,Ses02F_script01_2_F009,unknown,"She knows what I know, that's why.  She's faithful as a rock.  In my worst moments I think of her waiting and I know again that I'm right.",,,frustrated
train,Ses02F_script01_2,11,Ses02F_script01_2_F011,unknown,I want you to act like he's coming back.  Both of you.  Don't you think I haven't noticed since she got here.  I won't stand for any nonsense.,,,frustrated
train,Ses02F_script01_2,12,Ses02F_script01_2_F012,unknown,"Because if he's not coming back, I'll kill myself.  I mean, laugh--laugh at me, but...",,,anger
train,Ses02F_script01_2,13,Ses02F_script01_2_F013,unknown,But why did that happen the very night she came here?  She sleeps in his room and his memorial breaks to pieces.  Just look.  Look at it.,,,anger
train,Ses02F_script01_2,14,Ses02F_script01_2_F014,unknown,"Believe with me, Joe.  I can't stand all alone.",,,frustrated
train,Ses02F_script01_2,15,Ses02F_script01_2_F015,unknown,"Last week, a man turned up in Detroit missing longer than Larry.  I mean, you read it yourself.",,,frustrated
train,Ses02F_script01_2,16,Ses02F_script01_2_F016,unknown,"You, above all, have to believe.",,,frustrated
train,Ses02F_script01_2,17,Ses02F_script01_2_F017,unknown,Just--just don't stop believing.,,,frustrated
train,Ses02F_script01_2,18,Ses02F_script01_2_F018,unknown,I can't help it.,,,frustrated
train,Ses02F_script01_2,1,Ses02F_script01_2_M001,unknown,"Well, maybe he just wanted to see her again.",,,neutral
train,Ses02F_script01_2,2,Ses02F_script01_2_M002,unknown,What do you mean?  He lived next door to the girl all his life.  Why wouldn't he want to see her again?,,,neutral
train,Ses02F_script01_2,4,Ses02F_script01_2_M004,unknown,How do you know he's even thinking of it?,,,neutral
train,Ses02F_script01_2,5,Ses02F_script01_2_M005,unknown,"Well, so what?",,,neutral
train,Ses02F_script01_2,6,Ses02F_script01_2_M006,unknown,"Now, listen Kate.",,,neutral
train,Ses02F_script01_2,7,Ses02F_script01_2_M007,unknown,You can't read her mind.,,,neutral
train,Ses02F_script01_2,8,Ses02F_script01_2_M008,unknown,How do you know why she's waited?,,,neutral
train,Ses02F_script01_2,9,Ses02F_script01_2_M009,unknown,"Look, it's a nice day.  What are we arguing for?",,,frustrated
train,Ses02F_script01_2,10,Ses02F_script01_2_M010,unknown,"Well, what do you want me to do about it?",,,frustrated
train,Ses02F_script01_2,11,Ses02F_script01_2_M011,unknown,But Kate--,,,frustrated
train,Ses02F_script01_2,12,Ses02F_script01_2_M012,unknown,Calm yourself.,,,frustrated
train,Ses02F_script01_2,13,Ses02F_script01_2_M013,unknown,Calm yourself.,,,frustrated
train,Ses02F_script01_2,14,Ses02F_script01_2_M014,unknown,All right.  All right.  Calm yourself.,,,frustrated
train,Ses02F_script01_2,16,Ses02F_script01_2_M016,unknown,What does that mean?  Me above all?,,,anger
train,Ses02F_script01_2,17,Ses02F_script01_2_M017,unknown,Look at you.  Look at you shaking.,,,anger
train,Ses02F_script01_2,18,Ses02F_script01_2_M018,unknown,What have I got to hide?  What the hell is the matter with you Kate?,,,anger
train,Ses02F_script01_3,9,Ses02F_script01_3_F009,unknown,"from her point of view, why else would I come?",,,sadness
train,Ses02F_script01_3,12,Ses02F_script01_3_F012,unknown,I almost got married two years ago.,,,joy
train,Ses02F_script01_3,13,Ses02F_script01_3_F013,unknown,You started to write me and--,,,joy
train,Ses02F_script01_3,14,Ses02F_script01_3_F014,unknown,Every day since.,,,joy
train,Ses02F_script01_3,16,Ses02F_script01_3_F016,unknown,I will never forgive you.  Why did you wait all these years?  All I did was sit and wonder if I was crazy for thinking of you.,,,joy
train,Ses02F_script01_3,20,Ses02F_script01_3_F020,unknown,"Then, what's wrong?  I mean, even in your letters there was some--something ashamed.",,,sadness
train,Ses02F_script01_3,21,Ses02F_script01_3_F021,unknown,You've gotta tell me.,,,sadness
train,Ses02F_script01_3,22,Ses02F_script01_3_F022,unknown,It wouldn't work this way.,,,sadness
train,Ses02F_script01_3,23,Ses02F_script01_3_F023,unknown,"Yeah, sure.",,,sadness
train,Ses02F_script01_3,24,Ses02F_script01_3_F024,unknown,How many?,,,sadness
train,Ses02F_script01_3,25,Ses02F_script01_3_F025,unknown,"Oh, gee.",,,sadness
train,Ses02F_script01_3,26,Ses02F_script01_3_F026,unknown,You still feel that way?,,,sadness
train,Ses02F_script01_3,29,Ses02F_script01_3_F029,unknown,What'll I do with a fortune?,,,joy
train,Ses02F_script01_3,1,Ses02F_script01_3_M001,unknown,You're not sorry you came?,,,neutral
train,Ses02F_script01_3,10,Ses02F_script01_3_M010,unknown,"You feel it's wrong here, don't you?  This yard, this chair.  I want you to be ready for me.  I don't want to have to win you away from anything.",,,excited
train,Ses02F_script01_3,20,Ses02F_script01_3_M020,unknown,No.  Nothing like that.,,,sadness
train,Ses02F_script01_3,21,Ses02F_script01_3_M021,unknown,"Yeah, I suppose I have been.  But it's going from me.",,,sadness
train,Ses02F_script01_3,22,Ses02F_script01_3_M022,unknown,I don't know how to start.,,,sadness
train,Ses02F_script01_3,23,Ses02F_script01_3_M023,unknown,"It's all mixed up with so many other things.  You remember overseas, I was in command of a company?",,,sadness
train,Ses02F_script01_3,24,Ses02F_script01_3_M024,unknown,"Well, I lost them.",,,sadness
train,Ses02F_script01_3,25,Ses02F_script01_3_M025,unknown,Just about all.,,,sadness
train,Ses02F_script01_3,26,Ses02F_script01_3_M026,unknown,It takes some time for a guy to toss that off.  'Cause they weren't just men.,,,sadness
train,Ses02F_script01_3,27,Ses02F_script01_3_M027,unknown,"For instance, one time, it had been raining several days and this kid came to me and gave me his last pair of dry socks.  I put them in pocket.  It's only a little thing, but that's the kind of guys I had.",,,sadness
train,Ses02F_script01_3,28,Ses02F_script01_3_M028,unknown,"They didn't die, they killed themselves for each other.  I mean that exactly.  A little more selfish and they'd have been here today.",,,sadness
train,Ses02F_script01_3,29,Ses02F_script01_3_M029,unknown,"I got this idea watching them go down.  Everything was being destroyed, see, but it seemed that there was one new thing being made.  A sort of responsibility.  Man for man.",,,sadness
train,Ses02F_script01_3,30,Ses02F_script01_3_M030,unknown,"You know what I mean?  To show that, to bring that onto the Earth again, like some kind of monument and everyone would feel it standing behind him and it would make a difference to him.",,,sadness
train,Ses02F_script01_3,31,Ses02F_script01_3_M031,unknown,Then I came back and it was incredible.  There was no meaning in it here.  The whole thing to them seemed like sort of a bus accident.  I went to work with Dad and that rat race again.,,,sadness
train,Ses02F_script01_3,32,Ses02F_script01_3_M032,unknown,"And I felt what you said, ashamed somehow 'cause nobody was changed at all.  It seemed to make suckers out of a lot of guys.  I felt wrong to be alive to open the new bank book, drive the new car, see the new refrigerator.",,,sadness
train,Ses02F_script01_3,33,Ses02F_script01_3_M033,unknown,"I mean, you can take those things out of a war, but when you drive that car, you've gotta know that it came out of the love a man can have for a man.  You've gotta be a little better because of it.",,,sadness
train,Ses02F_script01_3,34,Ses02F_script01_3_M034,unknown,Because otherwise all you have is really loot and there's blood on it.  And I didn't want to take any of it.  And I guess that included you.,,,sadness
train,Ses02F_script02_1,1,Ses02F_script02_1_F001,unknown,What flashlight?,,,neutral
train,Ses02F_script02_1,5,Ses02F_script02_1_F005,unknown,Yeah.,,,neutral
train,Ses02F_script02_1,7,Ses02F_script02_1_F007,unknown,"It's after eleven, let's just go home.",,,frustrated
train,Ses02F_script02_1,13,Ses02F_script02_1_F013,unknown,"Pass up what?  These little fish swim onto the beach, they flop around, and swim away.  And then they die.",,,frustrated
train,Ses02F_script02_1,14,Ses02F_script02_1_F014,unknown,"What are you so excited about?  I mean, it's not a moon landing we're talking about here.  It's fish.  It's a fish nobody even eats.",,,frustrated
train,Ses02F_script02_1,15,Ses02F_script02_1_F015,unknown,"Ah, Augie.",,,frustrated
train,Ses02F_script02_1,16,Ses02F_script02_1_F016,unknown,I'm just not.,,,frustrated
train,Ses02F_script02_1,18,Ses02F_script02_1_F018,unknown,"Last year, you will also remember our shoes got wet, I got sand in my panties, you got a sore throat, we got in a big fight over nothing, and we didn't see the grunions.",,,frustrated
train,Ses02F_script02_1,19,Ses02F_script02_1_F019,unknown,We didn't see them the first time either.,,,neutral
train,Ses02F_script02_1,21,Ses02F_script02_1_F021,unknown,About what?,,,neutral
train,Ses02F_script02_1,0,Ses02F_script02_1_M000,unknown,What time is it?  They're supposed to run around midnight.,,,excited
train,Ses02F_script02_1,1,Ses02F_script02_1_M001,unknown,"This is great, isn't it?  Look at the night we've got here, couldn't be better.",,,excited
train,Ses02F_script02_1,2,Ses02F_script02_1_M002,unknown,"I would have liked to have gone a little further up the coast to get away from the lights and the people, but I was afraid we'd miss it.",,,excited
train,Ses02F_script02_1,3,Ses02F_script02_1_M003,unknown,How you doing?,,,excited
train,Ses02F_script02_1,4,Ses02F_script02_1_M004,unknown,Is that--no--is that just foam?  I can't even tell.,,,excited
train,Ses02F_script02_1,5,Ses02F_script02_1_M005,unknown,"Well, I guess we can tell, it probably isn't right?  Probably be unmistakable don't you think?",,,excited
train,Ses02F_script02_1,6,Ses02F_script02_1_M006,unknown,"How you doing?  Aw, you know what I forgot?  I forgot to bring my flashlight.  Oh, how could I be so stupid?  I should've brought my flashlight.",,,excited
train,Ses02F_script02_1,9,Ses02F_script02_1_M009,unknown,"Oh, well sure.",,,neutral
train,Ses02F_script02_1,10,Ses02F_script02_1_M010,unknown,"Right, of course.  Our flashlight.  Mine and yours.  I mean, me flashlight is su flashlight naturally.",,,neutral
train,Ses02F_script02_1,12,Ses02F_script02_1_M012,unknown,"I wonder, do they always run during a full moon?  I can't remember if it was full last year.  Do you remember?",,,neutral
train,Ses02F_script02_1,13,Ses02F_script02_1_M013,unknown,"You cold?  Do you want my jacket?  Oh, we should've brought the blanket.  Our blanket.",,,neutral
train,Ses02F_script02_1,14,Ses02F_script02_1_M014,unknown,"This is great, isn't it?  A six pack would be just the ticket right now.",,,excited
train,Ses02F_script02_1,15,Ses02F_script02_1_M015,unknown,I can't believe I forgot.  I'm like a kid.  It's amazing I got out of the house with my fly zipped.,,,excited
train,Ses02F_script02_1,16,Ses02F_script02_1_M016,unknown,You think they can hear us talk?  Or feel the vibrations in the sand when we move around?,,,excited
train,Ses02F_script02_1,17,Ses02F_script02_1_M017,unknown,Do you want my jacket?,,,neutral
train,Ses02F_script02_1,19,Ses02F_script02_1_M019,unknown,Right.,,,neutral
train,Ses02F_script02_1,20,Ses02F_script02_1_M020,unknown,That's my point too.,,,neutral
train,Ses02F_script02_1,21,Ses02F_script02_1_M021,unknown,No. No. That's not my point.  The point is there's no point in coming down if we just leave.  Don't you want to see it?,,,neutral
train,Ses02F_script02_1,24,Ses02F_script02_1_M024,unknown,"Think about the people in Kansas, they had to get plane tickets and hotel reservations to see this.  We live forty minutes away.  It's too good to pass up.",,,excited
train,Ses02F_script02_1,25,Ses02F_script02_1_M025,unknown,"Yeah, but that moment on the beach, is the highlight of their little lives.  All that flopping is laying eggs or what do you--spawning or mating.  I mean,",,,excited
train,Ses02F_script02_1,26,Ses02F_script02_1_M026,unknown,this is a big night for these guys.  Life's last orgy.,,,excited
train,Ses02F_script02_1,27,Ses02F_script02_1_M027,unknown,Yeah they do.,,,frustrated
train,Ses02F_script02_1,28,Ses02F_script02_1_M028,unknown,Alright.  But it's fish that do something that none of the other fish do.  Like the swallows returning to Capistrano or the lemmings throwing themselves off the cliffs.,,,excited
train,Ses02F_script02_1,31,Ses02F_script02_1_M031,unknown,"I don't get it.  The first time we came here, you said it was the best night of your life.",,,neutral
train,Ses02F_script02_1,33,Ses02F_script02_1_M033,unknown,We weren't in a good spot.,,,neutral
train,Ses02F_script02_1,35,Ses02F_script02_1_M035,unknown,There is that--no that's just seaweed isn't it?,,,excited
train,Ses02F_script02_1,36,Ses02F_script02_1_M036,unknown,"Oh man, this is great, isn't it?  I wouldn't miss this for anything.  Here, think about this, all right, I know you're not interested, but think about this.",,,excited
train,Ses02F_script02_1,39,Ses02F_script02_1_M039,unknown,"all as one, this time release instinctual little firecracker went off and they all turned and formed a line as long as the California coast and started swimming.  And they're swimming right now as if that's all that matters.",,,excited
train,Ses02F_script02_1,40,Ses02F_script02_1_M040,unknown,It's like single mindedness with no mind.  It's urgency that's pure urge.  They don't know what drives them.  They don't ask it a question or give it a name.,,,excited
train,Ses02F_script02_1,41,Ses02F_script02_1_M041,unknown,"They just turn as one and start the swim that brings them right here to where we stand, for a massive celebration of sex and death.",,,excited
train,Ses02F_script02_1,42,Ses02F_script02_1_M042,unknown,"Ah, God, I'm giving myself goose bumps.  Look, all my hairs are popped up.",,,excited
train,Ses02F_script02_1,43,Ses02F_script02_1_M043,unknown,"Well, so what do you think?",,,neutral
train,Ses02F_script02_1,44,Ses02F_script02_1_M044,unknown,What I was saying.,,,neutral
train,Ses02F_script02_2,0,Ses02F_script02_2_F000,unknown,About what?,,,neutral
train,Ses02F_script02_2,1,Ses02F_script02_2_F001,unknown,It's ridiculous.,,,frustrated
train,Ses02F_script02_2,5,Ses02F_script02_2_F005,unknown,"God damn it, Augie, don't ask me that.  I hate it when you ask me that.  You always ask me that.  It's insulting.",,,anger
train,Ses02F_script02_2,6,Ses02F_script02_2_F006,unknown,We just have different ideas of what this evening is supposed to look like.,,,anger
train,Ses02F_script02_2,7,Ses02F_script02_2_F007,unknown,"For heaven sake, we're not going to see the grunions.",,,frustrated
train,Ses02F_script02_2,8,Ses02F_script02_2_F008,unknown,"We never do, do we?  I mean, have we ever?",,,frustrated
train,Ses02F_script02_2,9,Ses02F_script02_2_F009,unknown,Twice is every time we've tried. That's ever.,,,frustrated
train,Ses02F_script02_2,10,Ses02F_script02_2_F010,unknown,"No, we won't.  It's pointless.  It's like waiting up to see Santa Claus.",,,frustrated
train,Ses02F_script02_2,11,Ses02F_script02_2_F011,unknown,"I mean, I feel like my whole life is gonna be spent standing on the beach with my eyes wide open and my hands clasped expectantly waiting for the fish to show up.  And the fish won't show up.",,,anger
train,Ses02F_script02_2,12,Ses02F_script02_2_F012,unknown,You don't understand anything I'm saying.,,,frustrated
train,Ses02F_script02_2,13,Ses02F_script02_2_F013,unknown,I did want to see it.  I always do.  I keep thinking that this is gonna be the time and it never is.,,,frustrated
train,Ses02F_script02_2,15,Ses02F_script02_2_F015,unknown,"Do you remember the first time we came to see it?  It was about four years ago, right after we got married.",,,sadness
train,Ses02F_script02_2,16,Ses02F_script02_2_F016,unknown,"I thought I was pregnant, you had a bottle of champagne, but no glasses.  You asked me to dance, so we kicked off our shoes and you popped the cork.",,,sadness
train,Ses02F_script02_2,17,Ses02F_script02_2_F017,unknown,"And while we were dancing, you said the softest, most intimate things to me right into my ear so that I could feel them as much as hear them.",,,sadness
train,Ses02F_script02_2,18,Ses02F_script02_2_F018,unknown,"And I remember thinking, this is it.  You know, at last--at last I am as happy as I am supposed to be.",,,sadness
train,Ses02F_script02_2,19,Ses02F_script02_2_F019,unknown,"Just dancing barefoot in the sand, drinking champagne out of the bottle.",,,sadness
train,Ses02F_script02_2,20,Ses02F_script02_2_F020,unknown,I'd rather not remember some things.  I would rather not hope for some things.,,,sadness
train,Ses02F_script02_2,21,Ses02F_script02_2_F021,unknown,No.,,,sadness
train,Ses02F_script02_2,22,Ses02F_script02_2_F022,unknown,No.,,,sadness
train,Ses02F_script02_2,24,Ses02F_script02_2_F024,unknown,No.,,,sadness
train,Ses02F_script02_2,25,Ses02F_script02_2_F025,unknown,No.,,,frustrated
train,Ses02F_script02_2,26,Ses02F_script02_2_F026,unknown,No.,,,frustrated
train,Ses02F_script02_2,27,Ses02F_script02_2_F027,unknown,No.,,,frustrated
train,Ses02F_script02_2,31,Ses02F_script02_2_F031,unknown,Well.  This isn't anything like I thought anything would be like.,,,sadness
train,Ses02F_script02_2,33,Ses02F_script02_2_F033,unknown,"I know that, Augie.  Really, I do.",,,sadness
train,Ses02F_script02_2,34,Ses02F_script02_2_F034,unknown,"I know that you meant this to be special and nice and the sand and the moon and all, but I just couldn't help thinking about being somewhere else.",,,sadness
train,Ses02F_script02_2,35,Ses02F_script02_2_F035,unknown,I didn't say that.,,,sadness
train,Ses02F_script02_2,38,Ses02F_script02_2_F038,unknown,You're the one who probably wishes you were with someone else.  Someone who--you'd rather enjoy yourself and didn't take everything so hard.,,,sadness
train,Ses02F_script02_2,41,Ses02F_script02_2_F041,unknown,"Augie, you brought refreshments.",,,joy
train,Ses02F_script02_2,42,Ses02F_script02_2_F042,unknown,"Well, then we don't need glasses.",,,joy
train,Ses02F_script02_2,43,Ses02F_script02_2_F043,unknown,No.  I think you might be right.  Maybe this is the spot after all.,,,joy
train,Ses02F_script02_2,44,Ses02F_script02_2_F044,unknown,"Augie, I'm sorry.",,,sadness
train,Ses02F_script02_2,45,Ses02F_script02_2_F045,unknown,Or not.,,,joy
train,Ses02F_script02_2,0,Ses02F_script02_2_M000,unknown,"Well, so what do you think?",,,excited
train,Ses02F_script02_2,1,Ses02F_script02_2_M001,unknown,What I was saying.,,,neutral
train,Ses02F_script02_2,2,Ses02F_script02_2_M002,unknown,It certainly is not.  It's slightly exaggerated scientific fact.,,,neutral
train,Ses02F_script02_2,3,Ses02F_script02_2_M003,unknown,"Well, I'm not the only one.  Look at all these people.",,,neutral
train,Ses02F_script02_2,5,Ses02F_script02_2_M005,unknown,"Carla, can I ask you something?  Don't take this wrong, but are you having your period?",,,neutral
train,Ses02F_script02_2,6,Ses02F_script02_2_M006,unknown,"Well, what's bugging you?",,,frustrated
train,Ses02F_script02_2,7,Ses02F_script02_2_M007,unknown,"There's nothing to it.  We come here, the grunion arrive, they do their little fish business, we go ooh, ah, look at the fish.  They go home. We go home.",,,neutral
train,Ses02F_script02_2,8,Ses02F_script02_2_M008,unknown,Why not?,,,frustrated
train,Ses02F_script02_2,9,Ses02F_script02_2_M009,unknown,We've missed them twice.  That's not ever.,,,neutral
train,Ses02F_script02_2,10,Ses02F_script02_2_M010,unknown,"Well, we'll see them this year.",,,neutral
train,Ses02F_script02_2,11,Ses02F_script02_2_M011,unknown,I thought you wanted to see it.,,,frustrated
train,Ses02F_script02_2,12,Ses02F_script02_2_M012,unknown,"No, of course not.",,,frustrated
train,Ses02F_script02_2,13,Ses02F_script02_2_M013,unknown,It's just fish.  Nothing to get traumatized about.,,,neutral
train,Ses02F_script02_2,14,Ses02F_script02_2_M014,unknown,"All right.  Look, I've been trying to work this backwards, but I cannot seem to figure out the exact moment that we took a turn for the worst.",,,frustrated
train,Ses02F_script02_2,16,Ses02F_script02_2_M016,unknown,"You said, ""Hey the grunion are running tonight.""  I said, ""Great, let's go.  I feel lucky.""",,,neutral
train,Ses02F_script02_2,17,Ses02F_script02_2_M017,unknown,"Okay, so I'm putting on my jacket, putting out the animals, getting the car out of the garage--",,,neutral
train,Ses02F_script02_2,18,Ses02F_script02_2_M018,unknown,Wait a minute.  I've got it.,,,neutral
train,Ses02F_script02_2,19,Ses02F_script02_2_M019,unknown,"It was in the car, right?  Driving past the Knickerbocker Liquor Locker, you said, ""let's get some champagne,"" and I said, ""time's a wasting"" or something like that, right?",,,neutral
train,Ses02F_script02_2,20,Ses02F_script02_2_M020,unknown,"Yeah, of course, I see it now.  You want this to be like that other time, right?  That's it, right?",,,neutral
train,Ses02F_script02_2,21,Ses02F_script02_2_M021,unknown,"Okay, yeah, sure, I see it now.  Listen, you wanna dance?",,,neutral
train,Ses02F_script02_2,22,Ses02F_script02_2_M022,unknown,You want me to go get some champagne?,,,neutral
train,Ses02F_script02_2,23,Ses02F_script02_2_M023,unknown,Take off our shoes?,,,neutral
train,Ses02F_script02_2,24,Ses02F_script02_2_M024,unknown,"Well, what?  You want me to breathe in your ear?",,,frustrated
train,Ses02F_script02_2,25,Ses02F_script02_2_M025,unknown,You wanna get married again?,,,frustrated
train,Ses02F_script02_2,26,Ses02F_script02_2_M026,unknown,What?  What?  You want a divorce?,,,frustrated
train,Ses02F_script02_2,27,Ses02F_script02_2_M027,unknown,A vacation?,,,frustrated
train,Ses02F_script02_2,28,Ses02F_script02_2_M028,unknown,"A new carpet?  A poodle?  Ice cream?  Back rub?  A suicide pact?  What?  What?  Carla, what the hell do you want?",,,frustrated
train,Ses02F_script02_2,29,Ses02F_script02_2_M029,unknown,"Well, welcome to the human race.  Do you think this is what I had in mind when I proposed?  That four years down the road, we'd be at the beach yelling at each other over fish?",,,anger
train,Ses02F_script02_2,31,Ses02F_script02_2_M031,unknown,"No, Carla, I'm just like you.  I thought it was gonna be all peaches and roses and sand in our toes and wind in our hair and the fish will always come and the bills will pay themselves and we'll have three fat rosy kids and ha, ha, baby, the joke's on us",,,sadness
train,Ses02F_script02_2,32,Ses02F_script02_2_M032,unknown,"'cause you know what you get, Carla?  You know what you get?  This.",,,frustrated
train,Ses02F_script02_2,33,Ses02F_script02_2_M033,unknown,"Yes, it is.",,,neutral
train,Ses02F_script02_2,34,Ses02F_script02_2_M034,unknown,Right.,,,neutral
train,Ses02F_script02_2,35,Ses02F_script02_2_M035,unknown,"I know, me neither.",,,sadness
train,Ses02F_script02_2,36,Ses02F_script02_2_M036,unknown,I'm doing the best I can.,,,sadness
train,Ses02F_script02_2,37,Ses02F_script02_2_M037,unknown,Maybe if you were with somebody else too.,,,sadness
train,Ses02F_script02_2,38,Ses02F_script02_2_M038,unknown,"No, I know.  But still.  I know I don't make you happy.",,,sadness
train,Ses02F_script02_2,39,Ses02F_script02_2_M039,unknown,Yeah?,,,sur
train,Ses02F_script02_2,41,Ses02F_script02_2_M041,unknown,"I don't know.  It seemed like a pretty good spot to me.  I mean, look at the view you have of the moon from here.",,,joy
train,Ses02F_script02_2,42,Ses02F_script02_2_M042,unknown,"Well, look what we have here.",,,joy
train,Ses02F_script02_2,43,Ses02F_script02_2_M043,unknown,It's not champagne.,,,joy
train,Ses02F_script02_2,45,Ses02F_script02_2_M045,unknown,Shh.  If we're very quiet the fish might come.,,,joy
train,Ses02F_script02_2,46,Ses02F_script02_2_M046,unknown,Or not.,,,joy
train,Ses02F_script03_1,0,Ses02F_script03_1_F000,unknown,Do you think it's them?,,,fea
train,Ses02F_script03_1,1,Ses02F_script03_1_F001,unknown,"Well, nobody know we're here except Freda and she wouldn't ring up.",,,fea
train,Ses02F_script03_1,2,Ses02F_script03_1_F002,unknown,What're we gonna do?,,,fea
train,Ses02F_script03_1,5,Ses02F_script03_1_F005,unknown,"Ah, it send shivers up my spine.",,,excited
train,Ses02F_script03_1,6,Ses02F_script03_1_F006,unknown,Behave exquisitely.,,,joy
train,Ses02F_script03_1,7,Ses02F_script03_1_F007,unknown,"Oh, of course.  I shall probably do a court curtsy.",,,joy
train,Ses02F_script03_1,8,Ses02F_script03_1_F008,unknown,What's so horrible is that one can't stay happy.,,,joy
train,Ses02F_script03_1,9,Ses02F_script03_1_F009,unknown,It's true.  The whole business is a very poor joke.,,,joy
train,Ses02F_script03_1,10,Ses02F_script03_1_F010,unknown,"Yes, meaning just that.",,,joy
train,Ses02F_script03_1,12,Ses02F_script03_1_F012,unknown,Who's they?,,,neutral
train,Ses02F_script03_1,13,Ses02F_script03_1_F013,unknown,"If I laugh at everything, then I must laugh at us too.",,,neutral
train,Ses02F_script03_1,14,Ses02F_script03_1_F014,unknown,"Well how long will it last us, this ludicrous overbearing love of ours.",,,neutral
train,Ses02F_script03_1,15,Ses02F_script03_1_F015,unknown,"Well, shall we always want to bicker and fight?",,,neutral
train,Ses02F_script03_1,16,Ses02F_script03_1_F016,unknown,"Oh, dear, shall we like that?",,,neutral
train,Ses02F_script03_1,17,Ses02F_script03_1_F017,unknown,"Well, what happens if one of us dies?  I mean, does the one that's left still laugh?",,,neutral
train,Ses02F_script03_1,19,Ses02F_script03_1_F019,unknown,"Darling, I believe you're talking nonsense.",,,joy
train,Ses02F_script03_1,20,Ses02F_script03_1_F020,unknown,"Elliott, worms don't pop.",,,joy
train,Ses02F_script03_1,21,Ses02F_script03_1_F021,unknown,"Oh, thank you, dear.  The same applies to you except that if I catch so much as looking at another woman, I'll kill you.",,,joy
train,Ses02F_script03_1,22,Ses02F_script03_1_F022,unknown,Which particular one?,,,joy
train,Ses02F_script03_1,23,Ses02F_script03_1_F023,unknown,Charles.  That was his name.  Charles.  He did wriggle so beautifully.,,,joy
train,Ses02F_script03_1,24,Ses02F_script03_1_F024,unknown,"Yes, I know you did.  You threw it out of the window into the Grand Canal.  I don't think I'll ever forgive you for that.",,,joy
train,Ses02F_script03_1,25,Ses02F_script03_1_F025,unknown,It went in intermittently for days.,,,joy
train,Ses02F_script03_1,26,Ses02F_script03_1_F026,unknown,It burned my comb too and all the towels in the bathroom.,,,joy
train,Ses02F_script03_1,27,Ses02F_script03_1_F027,unknown,That was the first time you ever hit me.,,,neutral
train,Ses02F_script03_1,28,Ses02F_script03_1_F028,unknown,"The manager came in and found us rolling around on the floor, biting and scratching like panthers.",,,joy
train,Ses02F_script03_1,29,Ses02F_script03_1_F029,unknown,It was ridiculous.  Completely ridiculous.,,,excited
train,Ses02F_script03_1,1,Ses02F_script03_1_M001,unknown,I wonder.,,,neutral
train,Ses02F_script03_1,4,Ses02F_script03_1_M004,unknown,I don't care then.,,,neutral
train,Ses02F_script03_1,5,Ses02F_script03_1_M005,unknown,Hello?  Hello?  What?  Wrong number.,,,neutral
train,Ses02F_script03_1,7,Ses02F_script03_1_M007,unknown,With the most perfect poise?,,,neutral
train,Ses02F_script03_1,8,Ses02F_script03_1_M008,unknown,Things that ought to matter dreadfully don't matter at all when one's happy.  Do they?,,,neutral
train,Ses02F_script03_1,9,Ses02F_script03_1_M009,unknown,"Oh, darling, don't say that.",,,neutral
train,Ses02F_script03_1,10,Ses02F_script03_1_M010,unknown,"Meaning that sacred and beautiful thing, love?",,,neutral
train,Ses02F_script03_1,12,Ses02F_script03_1_M012,unknown,"You mustn't be serious, my dear one.  That's just what they want.",,,neutral
train,Ses02F_script03_1,13,Ses02F_script03_1_M013,unknown,All those futile moralists that try to make life unbearable.  Laugh at them.  Be flippant.  Laugh at everything.  All their sacred shibboleths.,,,neutral
train,Ses02F_script03_1,14,Ses02F_script03_1_M014,unknown,Flippancy brings out the acid in their damn sweetness and light.,,,neutral
train,Ses02F_script03_1,15,Ses02F_script03_1_M015,unknown,"Certainly, you must.  We're figures of fun, alright.",,,neutral
train,Ses02F_script03_1,16,Ses02F_script03_1_M016,unknown,Who knows.,,,neutral
train,Ses02F_script03_1,17,Ses02F_script03_1_M017,unknown,"No, that desire will fade.  Along with our passion.",,,neutral
train,Ses02F_script03_1,18,Ses02F_script03_1_M018,unknown,Depends on how well we've played.,,,neutral
train,Ses02F_script03_1,19,Ses02F_script03_1_M019,unknown,Yes.  Yes. With all his might.,,,excited
train,Ses02F_script03_1,20,Ses02F_script03_1_M020,unknown,"No. No, it isn't.  Death is very laughable.  Such a cunning little mystery.  All done with mirrors.",,,excited
train,Ses02F_script03_1,21,Ses02F_script03_1_M021,unknown,So is everyone else in the long run.,,,neutral
train,Ses02F_script03_1,22,Ses02F_script03_1_M022,unknown,"Let's be superficial and pity the poor philosophers.  Let's blow our trumpets and squeakers and enjoy the party as much as we can.  Like quite idiotic, very small school children.  Let's savor the delight of the moment.",,,excited
train,Ses02F_script03_1,23,Ses02F_script03_1_M023,unknown,"Come and kiss me, darling, before your body rots and worms pop in and out of your eye sockets.",,,excited
train,Ses02F_script03_1,24,Ses02F_script03_1_M024,unknown,"I don't care what you do.  See, you could paint yourself green and dance naked in the Place Vendome and rush off madly with all the men in the world and I shan't say a word.  As long as you love me best.",,,neutral
train,Ses02F_script03_1,25,Ses02F_script03_1_M025,unknown,You remember that awful scene we had in Venice?,,,neutral
train,Ses02F_script03_1,26,Ses02F_script03_1_M026,unknown,The one when you bought that little painted wooden snake in the Piazza and put it on my bed.,,,neutral
train,Ses02F_script03_1,28,Ses02F_script03_1_M028,unknown,How long did that row last?,,,neutral
train,Ses02F_script03_1,29,Ses02F_script03_1_M029,unknown,The worst one was in Cannes when your curling iron burnt a hole in my new dressing gown.,,,neutral
train,Ses02F_script03_1,31,Ses02F_script03_1_M031,unknown,I didn't hit you very hard.,,,neutral
train,Ses02F_script03_1,32,Ses02F_script03_1_M032,unknown,"Oh, I'll never forget his face.",,,excited
train,Ses02F_script03_1,33,Ses02F_script03_1_M033,unknown,We were very much younger then.,,,neutral
train,Ses02F_script03_1,34,Ses02F_script03_1_M034,unknown,"As a matter of fact, the real cause of that row was Peter Burden.",,,neutral
train,Ses02F_script03_2,7,Ses02F_script03_2_F007,unknown,"Well, if you hadn't been so suspicious and nosey, you never would have known a thing about it.",,,neutral
train,Ses02F_script03_2,11,Ses02F_script03_2_F011,unknown,Just seems so silly to go on and on and on with such a thing.,,,neutral
train,Ses02F_script03_2,12,Ses02F_script03_2_F012,unknown,"Well, it's become a habit with you.",,,neutral
train,Ses02F_script03_2,13,Ses02F_script03_2_F013,unknown,Don't be so stupid.,,,anger
train,Ses02F_script03_2,14,Ses02F_script03_2_F014,unknown,What?,,,anger
train,Ses02F_script03_2,16,Ses02F_script03_2_F016,unknown,"A woman's job is to allure the man.  Watch me a minute, will you?",,,excited
train,Ses02F_script03_2,17,Ses02F_script03_2_F017,unknown,"No, it isn't.",,,frustrated
train,Ses02F_script03_2,18,Ses02F_script03_2_F018,unknown,"Oh, be quiet.",,,anger
train,Ses02F_script03_2,19,Ses02F_script03_2_F019,unknown,Doesn't seem to have worked such wonders with you.,,,frustrated
train,Ses02F_script03_2,20,Ses02F_script03_2_F020,unknown,"Adders don't snap, they sting.",,,anger
train,Ses02F_script03_2,22,Ses02F_script03_2_F022,unknown,"I don't care, do you understand?  I don't care.  I don't care if they bark or roll about like hoops.",,,frustrated
train,Ses02F_script03_2,24,Ses02F_script03_2_F024,unknown,Mind your own business.,,,frustrated
train,Ses02F_script03_2,25,Ses02F_script03_2_F025,unknown,You're quite insufferable,,,anger
train,Ses02F_script03_2,26,Ses02F_script03_2_F026,unknown,I expect it's because you're drunk.,,,frustrated
train,Ses02F_script03_2,28,Ses02F_script03_2_F028,unknown,"On the contrary, a child of two could get violently drunk on only one glass of brandy.",,,frustrated
train,Ses02F_script03_2,29,Ses02F_script03_2_F029,unknown,Shut up.,,,anger
train,Ses02F_script03_2,30,Ses02F_script03_2_F030,unknown,"Not very funny, dear.  You'd better have some more brandy.",,,frustrated
train,Ses02F_script03_2,31,Ses02F_script03_2_F031,unknown,Why?,,,anger
train,Ses02F_script03_2,32,Ses02F_script03_2_F032,unknown,There aren't any people upstairs.  It's a photographer's studio.,,,frustrated
train,Ses02F_script03_2,34,Ses02F_script03_2_F034,unknown,"Turn it on again, please.",,,anger
train,Ses02F_script03_2,35,Ses02F_script03_2_F035,unknown,"Very well, if you insist on being boorish and idiotic.",,,anger
train,Ses02F_script03_2,36,Ses02F_script03_2_F036,unknown,You are far too temperamental.  Try to control yourself.,,,anger
train,Ses02F_script03_2,37,Ses02F_script03_2_F037,unknown,Stop it.  Go away.  I hate you.,,,anger
train,Ses02F_script03_2,38,Ses02F_script03_2_F038,unknown,"Listen?  Listen, indeed.  I am sick and tired of listening to you, damn sadistic bully.",,,anger
train,Ses02F_script03_2,39,Ses02F_script03_2_F039,unknown,"I hate you.  Stop it.  Stop it.  I hate you, do you hear?  You're conceited and overbearing and utterly impossible.",,,anger
train,Ses02F_script03_2,40,Ses02F_script03_2_F040,unknown,This is the end.  Finally and forever.  Do you hear me?  The end.,,,anger
train,Ses02F_script03_2,41,Ses02F_script03_2_F041,unknown,"Oh Yes, I am.",,,anger
train,Ses02F_script03_2,42,Ses02F_script03_2_F042,unknown,I am.  Let go of me.  You're a cruel fiend and I hate and loathe you.,,,anger
train,Ses02F_script03_2,43,Ses02F_script03_2_F043,unknown,Thank God I realized what you are-- I'd never marry you again ever in my life. You're a cruel fiend and I hate you. You're a beast. You're a beast--I hate you. Stop it.  Stop it.,,,anger
train,Ses02F_script03_2,0,Ses02F_script03_2_M000,unknown,"As a matter of fact, the real cause of that row was Peter Burden.",,,neutral
train,Ses02F_script03_2,1,Ses02F_script03_2_M001,unknown,I knew nothing of the sort.  You took presents from him.,,,neutral
train,Ses02F_script03_2,6,Ses02F_script03_2_M006,unknown,What of it?,,,anger
train,Ses02F_script03_2,7,Ses02F_script03_2_M007,unknown,"Well, what about me?",,,anger
train,Ses02F_script03_2,9,Ses02F_script03_2_M009,unknown,"Me, too.  Bored stiff.  You want some brandy?",,,neutral
train,Ses02F_script03_2,11,Ses02F_script03_2_M011,unknown,No particular reason.  Anyhow they were very small ones.,,,neutral
train,Ses02F_script03_2,12,Ses02F_script03_2_M012,unknown,You can hardly call three liquor glasses in a whole evening going on and on and on.,,,frustrated
train,Ses02F_script03_2,13,Ses02F_script03_2_M013,unknown,"You needn't be so grand, just because you don't happen to want any yourself at the moment.",,,anger
train,Ses02F_script03_2,15,Ses02F_script03_2_M015,unknown,Nothing.,,,frustrated
train,Ses02F_script03_2,19,Ses02F_script03_2_M019,unknown,"Yes, it is.",,,frustrated
train,Ses02F_script03_2,21,Ses02F_script03_2_M021,unknown,"Snap, snap, snap, like a little adder.",,,frustrated
train,Ses02F_script03_2,22,Ses02F_script03_2_M022,unknown,Nonsense.  They have a little bag of venom behind their fangs and they snap.,,,frustrated
train,Ses02F_script03_2,23,Ses02F_script03_2_M023,unknown,They snap.,,,frustrated
train,Ses02F_script03_2,27,Ses02F_script03_2_M027,unknown,I'm not in the least drunk.,,,anger
train,Ses02F_script03_2,28,Ses02F_script03_2_M028,unknown,"As I mentioned before, I have had three minute liquor glasses of brandy the whole evening long.  A child of two couldn't get drunk on that.",,,frustrated
train,Ses02F_script03_2,29,Ses02F_script03_2_M029,unknown,"Oh, very interesting.  How about a child of four?  A child of six?  Or a child of nine?",,,frustrated
train,Ses02F_script03_2,30,Ses02F_script03_2_M030,unknown,"We could get a good debate going about this, don't you think?  Intemperate tots.",,,anger
train,Ses02F_script03_2,33,Ses02F_script03_2_M033,unknown,Because it's late and it'll annoy the people upstairs.,,,frustrated
train,Ses02F_script03_2,34,Ses02F_script03_2_M034,unknown,There are people downstairs I suppose?,,,frustrated
train,Ses02F_script03_2,35,Ses02F_script03_2_M035,unknown,This is no time of the year for Tunis.,,,frustrated
train,Ses02F_script03_2,36,Ses02F_script03_2_M036,unknown,I'll do no such thing.,,,anger
train,Ses02F_script03_2,37,Ses02F_script03_2_M037,unknown,Turn it off.  It's driving me mad.,,,anger
train,Ses02F_script03_2,38,Ses02F_script03_2_M038,unknown,Turn it off.,,,anger
train,Ses02F_script03_2,39,Ses02F_script03_2_M039,unknown,"Amanda, listen. listen",,,anger
train,Ses02F_script03_2,40,Ses02F_script03_2_M040,unknown,"Very amusing, indeed.",,,frustrated
train,Ses02F_script03_2,41,Ses02F_script03_2_M041,unknown,"You're a vile, tempered, loose living, wicked little beast and I hope to never see you again as long as I live.",,,anger
train,Ses02F_script03_2,42,Ses02F_script03_2_M042,unknown,You're not going like this.,,,anger
train,Ses02F_script03_2,43,Ses02F_script03_2_M043,unknown,You're not.,,,anger
train,Ses02F_script03_2,44,Ses02F_script03_2_M044,unknown,Shut up. Shut up.,,,anger
train,Ses02F_script03_2,45,Ses02F_script03_2_M045,unknown,I wouldn't-- I wouldn't marry--,,,anger
train,Ses02F_script03_2,46,Ses02F_script03_2_M046,unknown,I wouldn't marry you if you came in crawling on your knees,,,anger
train,Ses02F_script03_2,47,Ses02F_script03_2_M047,unknown,You're a evil vampire and I hope to God I never see you again as long as I live.,,,anger
train,Ses02M_impro01,0,Ses02M_impro01_F000,unknown,"Hi, How can I help you?",,,neutral
train,Ses02M_impro01,1,Ses02M_impro01_F001,unknown,"Sure, um",,,neutral
train,Ses02M_impro01,2,Ses02M_impro01_F002,unknown,do you have two forms of ID with you?,,,neutral
train,Ses02M_impro01,3,Ses02M_impro01_F003,unknown,"I actually need two forms of ID. I need either a passport or a birth certificate, or social security card. I'm sorry.",,,neutral
train,Ses02M_impro01,4,Ses02M_impro01_F004,unknown,Well,,,neutral
train,Ses02M_impro01,5,Ses02M_impro01_F005,unknown,I- I can take your driver's license but I need another form of ID in order to process this paper work.,,,neutral
train,Ses02M_impro01,6,Ses02M_impro01_F006,unknown,"Um, that you would need to go home and get another form of ID and come back.",,,neutral
train,Ses02M_impro01,7,Ses02M_impro01_F007,unknown,"Well, I'm sorry sir but",,,frustrated
train,Ses02M_impro01,8,Ses02M_impro01_F008,unknown,you need to bring two forms of ID there is nothing we can do about it.,,,frustrated
train,Ses02M_impro01,9,Ses02M_impro01_F009,unknown,"Well, it's actually-",,,frustrated
train,Ses02M_impro01,10,Ses02M_impro01_F010,unknown,"It's standard that you bring a couple of forms of ID, I'm sorry.",,,frustrated
train,Ses02M_impro01,11,Ses02M_impro01_F011,unknown,"Well, I'm sorry, sir, but we're not responsible.",,,frustrated
train,Ses02M_impro01,12,Ses02M_impro01_F012,unknown,"Yes, you did, thank you very much, but we're not responsible if you've forgotten something, and we need to have two forms of ID.",,,frustrated
train,Ses02M_impro01,13,Ses02M_impro01_F013,unknown,"I'm sorry, but there is a lot of people waiting so you're just going to have to get in line again.",,,frustrated
train,Ses02M_impro01,14,Ses02M_impro01_F014,unknown,"It just happens to people all the time, I'm sorry sir, but I can't make an exception for you.",,,frustrated
train,Ses02M_impro01,15,Ses02M_impro01_F015,unknown,"I'm sorry, sir.",,,neutral
train,Ses02M_impro01,16,Ses02M_impro01_F016,unknown,there is nothing I can do.,,,neutral
train,Ses02M_impro01,17,Ses02M_impro01_F017,unknown,"I know sir, but we have to have two forms. There is nothing I can do about it, I'm sorry.",,,frustrated
train,Ses02M_impro01,18,Ses02M_impro01_F018,unknown,"I'm sorry, sir. There is nothing I can do.",,,frustrated
train,Ses02M_impro01,19,Ses02M_impro01_F019,unknown,"Well, if you had checked the web site it would have said.",,,frustrated
train,Ses02M_impro01,20,Ses02M_impro01_F020,unknown,If you had checked the website it would have said that you needed two forms of identification.,,,frustrated
train,Ses02M_impro01,21,Ses02M_impro01_F021,unknown,"Well, maybe you should",,,frustrated
train,Ses02M_impro01,22,Ses02M_impro01_F022,unknown,Right. So maybe you should go home now and get your paperwork and come back.,,,frustrated
train,Ses02M_impro01,23,Ses02M_impro01_F023,unknown,"I'm sorry sir but there's a lot of people waiting. So if you won't move out of the way, then I'm going to have to call security.",,,frustrated
train,Ses02M_impro01,24,Ses02M_impro01_F024,unknown,"I'm sorry, sir, it's not my choice.",,,frustrated
train,Ses02M_impro01,0,Ses02M_impro01_M000,unknown,All right. Finally. Here you go.,,,frustrated
train,Ses02M_impro01,1,Ses02M_impro01_M001,unknown,"Yea. I just want to get this done,",,,neutral
train,Ses02M_impro01,2,Ses02M_impro01_M002,unknown,get my new license.,,,neutral
train,Ses02M_impro01,3,Ses02M_impro01_M003,unknown,"Um, no, I got my driver's license though.",,,neutral
train,Ses02M_impro01,4,Ses02M_impro01_M004,unknown,"Uh, sorry, I forgot them. I mean I've got to -",,,neutral
train,Ses02M_impro01,5,Ses02M_impro01_M005,unknown,well is the dri-driver's license going to work?,,,neutral
train,Ses02M_impro01,6,Ses02M_impro01_M006,unknown,"Okay, so what are you saying? What-",,,frustrated
train,Ses02M_impro01,7,Ses02M_impro01_M007,unknown,"What? I- You telling me I waited in that huge line to go and sit down and get my number called, like after",,,anger
train,Ses02M_impro01,8,Ses02M_impro01_M008,unknown,three hours and,,,anger
train,Ses02M_impro01,9,Ses02M_impro01_M009,unknown,Shouldn't they have like told us about that? I mean why - why would they make me go and wait three hours if I have got to go and do it again?,,,anger
train,Ses02M_impro01,10,Ses02M_impro01_M010,unknown,"It's standard? I mean I don't work at the D.M.V. how am I supposed to know that, like, I stand in line, I get my",,,anger
train,Ses02M_impro01,11,Ses02M_impro01_M011,unknown,"I filled out the application right, didn't I?",,,anger
train,Ses02M_impro01,12,Ses02M_impro01_M012,unknown,Okay. What about - no -- how about you hold that and I'll - I'll go and I can come back-,,,frustrated
train,Ses02M_impro01,13,Ses02M_impro01_M013,unknown,I've been waiting for three hours.,,,frustrated
train,Ses02M_impro01,14,Ses02M_impro01_M014,unknown,This is ridiculous. Come on,,,frustrated
train,Ses02M_impro01,15,Ses02M_impro01_M015,unknown,"I cannot go back in that line. I've got stuff I need to do, I mean-",,,frustrated
train,Ses02M_impro01,17,Ses02M_impro01_M017,unknown,That doesn't make any sense. Why?,,,frustrated
train,Ses02M_impro01,18,Ses02M_impro01_M018,unknown,You- shouldn't you have like a sign or something maybe like up on the counter when you get the applica- maybe on the application,,,anger
train,Ses02M_impro01,19,Ses02M_impro01_M019,unknown,"What web- I didn't go to a website - why would I need to - it's the D.M.V.. You come to the D.M.V., you wait in line for three hours, and then you go home.",,,anger
train,Ses02M_impro01,20,Ses02M_impro01_M020,unknown,I waited in line now I'm ready to get my stuff and then go home.,,,frustrated
train,Ses02M_impro01,21,Ses02M_impro01_M021,unknown,"God, oh my-",,,frustrated
train,Ses02M_impro01,22,Ses02M_impro01_M022,unknown,This is ridiculous.,,,frustrated
train,Ses02M_impro02,0,Ses02M_impro02_F000,unknown,I don't want you to go.,,,sadness
train,Ses02M_impro02,1,Ses02M_impro02_F001,unknown,"I'm going to miss you too; I don't know what I'm going to do here without you. It's going to be so lonely, and so hard.",,,sadness
train,Ses02M_impro02,2,Ses02M_impro02_F002,unknown,I don't want to be a single mom.,,,sadness
train,Ses02M_impro02,3,Ses02M_impro02_F003,unknown,but,,,sadness
train,Ses02M_impro02,4,Ses02M_impro02_F004,unknown,It's dangerous; I mean how can you make sure that you'll,,,sadness
train,Ses02M_impro02,5,Ses02M_impro02_F005,unknown,I hope so.,,,sadness
train,Ses02M_impro02,6,Ses02M_impro02_F006,unknown,I hope so.,,,sadness
train,Ses02M_impro02,7,Ses02M_impro02_F007,unknown,It's going to be really rough.,,,sadness
train,Ses02M_impro02,8,Ses02M_impro02_F008,unknown,I'll send you lots of pictures.,,,sadness
train,Ses02M_impro02,9,Ses02M_impro02_F009,unknown,"Well, just promise me that you going to be safe.",,,sadness
train,Ses02M_impro02,10,Ses02M_impro02_F010,unknown,"I mean can't they put you in like, you know kitchen work or something where you won't get",,,sadness
train,Ses02M_impro02,11,Ses02M_impro02_F011,unknown,It doesn't make any sense; I don't know why we have to be at war in the first place.,,,frustrated
train,Ses02M_impro02,12,Ses02M_impro02_F012,unknown,"Will you write me letters, paper ones?",,,sadness
train,Ses02M_impro02,13,Ses02M_impro02_F013,unknown,"Our baby needs a dad; you can't leave. Okay, you can't disappear.",,,sadness
train,Ses02M_impro02,14,Ses02M_impro02_F014,unknown,I'll miss you too.,,,sadness
train,Ses02M_impro02,0,Ses02M_impro02_M000,unknown,"I know, I know. I don't want to go either baby. I love you know. And I'm going to miss you a lot.",,,sadness
train,Ses02M_impro02,1,Ses02M_impro02_M001,unknown,"You won't be. I'll be back; I'll be back before you know it. All right, and",,,sadness
train,Ses02M_impro02,2,Ses02M_impro02_M002,unknown,and,,,sadness
train,Ses02M_impro02,3,Ses02M_impro02_M003,unknown,"It's- It's dangerous anywhere, honey. I mean this is -this- I'm just going to go and we'll get it over with,",,,frustrated
train,Ses02M_impro02,7,Ses02M_impro02_M007,unknown,"You gotta take care of our baby for me, alright?",,,sadness
train,Ses02M_impro02,8,Ses02M_impro02_M008,unknown,"I hope so, because I'm not going to be able to survive without all that. I don't know what I'm going to do.",,,sadness
train,Ses02M_impro02,9,Ses02M_impro02_M009,unknown,I've never been - I've never been away from you for two weeks let alone a year.,,,sadness
train,Ses02M_impro02,13,Ses02M_impro02_M013,unknown,there's people that thought it was the right thing to do so now we have to- we have to do what we have to do for our country,,,sadness
train,Ses02M_impro02,14,Ses02M_impro02_M014,unknown,"and it'll work out you know, go there and do that. Yeah, I'll be back",,,neutral
train,Ses02M_impro02,17,Ses02M_impro02_M017,unknown,"Our baby has a dad, alright. Daddy is going to be back soon.",,,sadness
train,Ses02M_impro02,18,Ses02M_impro02_M018,unknown,"I want you to, you know, take lots of video; pictures and I can see you when I get back or while I'm there. I'm going to miss you.",,,sadness
train,Ses02M_impro04,0,Ses02M_impro04_F000,unknown,So how you feeling?,,,neutral
train,Ses02M_impro04,1,Ses02M_impro04_F001,unknown,"You've been doing a lot of work for it, right?",,,neutral
train,Ses02M_impro04,2,Ses02M_impro04_F002,unknown,"Right, so the fact you doing the best that you can is -",,,neutral
train,Ses02M_impro04,3,Ses02M_impro04_F003,unknown,"you know you shouldn't give yourself a hard time for that, it's the best you can.",,,neutral
train,Ses02M_impro04,4,Ses02M_impro04_F004,unknown,"Well, but you care about what you do, right?",,,neutral
train,Ses02M_impro04,5,Ses02M_impro04_F005,unknown,"I understand that it's so frustrating but I know that you're here because you really want it you know and, and uh",,,neutral
train,Ses02M_impro04,6,Ses02M_impro04_F006,unknown,"Well, I mean you're still here you've tried for this long so I think that says something all in itself.",,,neutral
train,Ses02M_impro04,7,Ses02M_impro04_F007,unknown,You are persistence. I mean that's important. that's,,,neutral
train,Ses02M_impro04,8,Ses02M_impro04_F008,unknown,"Well, you're talented so keep that in mind, you know, you shouldn't give yourself too hard of a time.",,,neutral
train,Ses02M_impro04,9,Ses02M_impro04_F009,unknown,I'm sorry.,,,sadness
train,Ses02M_impro04,10,Ses02M_impro04_F010,unknown,"That's- I mean. There are more factors then just whether you're good or not, you know what I mean like",,,neutral
train,Ses02M_impro04,11,Ses02M_impro04_F011,unknown,"and the fact that you know there is always different types of things and what kind of people they want in the office and whether it's male or female or you know what I mean, like things are out of your control.",,,neutral
train,Ses02M_impro04,12,Ses02M_impro04_F012,unknown,So you should take that in consideration rather than giving yourself such a hard time.,,,neutral
train,Ses02M_impro04,14,Ses02M_impro04_F014,unknown,"You know and the fact you still here and still cooking, like it's good that you're thinking about it, that you're reconsidering.",,,neutral
train,Ses02M_impro04,15,Ses02M_impro04_F015,unknown,"But like, just because you're considering why it's been so difficult doesn't mean you should just stop.",,,neutral
train,Ses02M_impro04,16,Ses02M_impro04_F016,unknown,"Maybe you should take a little break from it, but I don't think you should stop.",,,neutral
train,Ses02M_impro04,0,Ses02M_impro04_M000,unknown,"Uhm, I don't know",,,frustrated
train,Ses02M_impro04,1,Ses02M_impro04_M001,unknown,I don't know what I'm going to do about this; I mean,,,frustrated
train,Ses02M_impro04,2,Ses02M_impro04_M002,unknown,"I have got to get a job, you know? Like-",,,frustrated
train,Ses02M_impro04,3,Ses02M_impro04_M003,unknown,"Well, yea you know, I get my resumes and I mean I-",,,frustrated
train,Ses02M_impro04,4,Ses02M_impro04_M004,unknown,"I go out all the places I can, every place that'll give an interview you know.",,,frustrated
train,Ses02M_impro04,5,Ses02M_impro04_M005,unknown,"But it's been so long, like what - what am I - what am I waiting -- I should probably just do something else, or",,,frustrated
train,Ses02M_impro04,6,Ses02M_impro04_M006,unknown,"I don't know, I mean why - why",,,frustrated
train,Ses02M_impro04,7,Ses02M_impro04_M007,unknown,"Yea, but it's - it's almost like it's not worth it you know, if I'm going to waste to have my life like trying to get a job, I mean once I actually do get the job it's like oh, retirement or something. I don't know, you know.",,,frustrated
train,Ses02M_impro04,9,Ses02M_impro04_M009,unknown,"I don't even know if it's going to be worth it because I can't break myself in, you know like I can't - can't even get a foot in the door you know.",,,frustrated
train,Ses02M_impro04,10,Ses02M_impro04_M010,unknown,"Yea, it says I'm stupid enough to be trying this long and not move on somewhere else.",,,frustrated
train,Ses02M_impro04,11,Ses02M_impro04_M011,unknown,"I mean, I can't- I can't be persistent forever, you know, you can't not have a job forever, you know, I've got- I've got to do something, I've got to make money and get food on the table.",,,frustrated
train,Ses02M_impro04,12,Ses02M_impro04_M012,unknown,"I mean, maybe I'm not, you know. I don't have a job. Maybe - maybe I'm not as good as-as I thought I was and",,,frustrated
train,Ses02M_impro04,13,Ses02M_impro04_M013,unknown,I just got a whole skewed opinion on just how this is supposed to work out and,,,frustrated
train,Ses02M_impro04,14,Ses02M_impro04_M014,unknown,"I don't know, it's just not, I don't know - I don't know what to do really, you know, I'm just thinking",,,sadness
train,Ses02M_impro04,15,Ses02M_impro04_M015,unknown,"maybe - maybe take up painting, I don't know, you know.",,,frustrated
train,Ses02M_impro04,16,Ses02M_impro04_M016,unknown,"Do something that I don't have to go out and do something, stay at home, I don't know.",,,frustrated
train,Ses02M_impro04,17,Ses02M_impro04_M017,unknown,Seems like the only option at this point because obviously the outer world has just rejected me of all possible employment.,,,frustrated
train,Ses02M_impro04,18,Ses02M_impro04_M018,unknown,"I know, but I mean- if that's the - you know, I'm either like the worst at this or just the most unlucky person on the planet I mean this doesn't",,,frustrated
train,Ses02M_impro04,19,Ses02M_impro04_M019,unknown,this doesn't happen to a normal person.,,,anger
train,Ses02M_impro04,20,Ses02M_impro04_M020,unknown,"I mean, I don't know, I don't see - I don't see any other way - any other way around it right now.",,,frustrated
train,Ses02M_impro04,22,Ses02M_impro04_M022,unknown,Right. Thanks for talking to me.,,,sadness
train,Ses02M_impro05,0,Ses02M_impro05_F000,unknown,"Hi, can I help you?",,,neutral
train,Ses02M_impro05,1,Ses02M_impro05_F001,unknown,"Oh, did you check? Did you make sure as it went around the second time that it-",,,neutral
train,Ses02M_impro05,2,Ses02M_impro05_F002,unknown,"Okay. Well, um- the f.",,,neutral
train,Ses02M_impro05,3,Ses02M_impro05_F003,unknown,"Actually I'm looking here at the information, the flight that you were on we had some trouble with some of the baggage, it looks like a few peoples' bags didn't make it through. Um, so-",,,neutral
train,Ses02M_impro05,4,Ses02M_impro05_F004,unknown,"Well, you can fill out this paperwork um- and if for some reason it shows up, we can bring it to you, but-",,,neutral
train,Ses02M_impro05,5,Ses02M_impro05_F005,unknown,"Well, sometimes it's just late baggage or misplaced baggage and it comes out but it seems to be here and just I'm reading off of this that",,,neutral
train,Ses02M_impro05,6,Ses02M_impro05_F006,unknown,Uh- it didn't make it into the second plane so it looks like there - they don't actually know what happened to it.,,,neutral
train,Ses02M_impro05,7,Ses02M_impro05_F007,unknown,"Um, well, sometimes there is just difficulties with loading on to the plane. Uh- There can be a theft or uh- some sort of you know mishap with a cart or something.",,,neutral
train,Ses02M_impro05,8,Ses02M_impro05_F008,unknown,"I- I- I understand, but um.",,,neutral
train,Ses02M_impro05,9,Ses02M_impro05_F009,unknown,Okay,,,neutral
train,Ses02M_impro05,10,Ses02M_impro05_F010,unknown,Right.,,,neutral
train,Ses02M_impro05,11,Ses02M_impro05_F011,unknown,"I understand that. Um- So I'm going to put down here that you looking for your baggage, but we actually can't, uh this bag is likely not going to show up so what we're going to do-",,,neutral
train,Ses02M_impro05,12,Ses02M_impro05_F012,unknown,"Sometimes it gets stolen, sometimes it gets misplaced on another plane and",,,neutral
train,Ses02M_impro05,13,Ses02M_impro05_F013,unknown,"they - they, it gets shipped to somewhere else and then it's stuck somewhere and then we have no way of tracking that.",,,neutral
train,Ses02M_impro05,14,Ses02M_impro05_F014,unknown,So we'll- what we'll do,,,neutral
train,Ses02M_impro05,15,Ses02M_impro05_F015,unknown,Right. Like I said sometimes a theft and things happen like that but we are willing to reim-reimburse you.,,,neutral
train,Ses02M_impro05,16,Ses02M_impro05_F016,unknown,"Um, so.",,,neutral
train,Ses02M_impro05,17,Ses02M_impro05_F017,unknown,"We have very tight security but we -uh- there are times when we just can't uh make sure there aren't absolutely no human error, you know",,,neutral
train,Ses02M_impro05,18,Ses02M_impro05_F018,unknown,I'm sorry there is no guarantee on baggage.,,,neutral
train,Ses02M_impro05,19,Ses02M_impro05_F019,unknown,"I understand, so-",,,neutral
train,Ses02M_impro05,20,Ses02M_impro05_F020,unknown,"all right, We've already checked back here for your baggage",,,neutral
train,Ses02M_impro05,21,Ses02M_impro05_F021,unknown,and we will continue to look for it and because your paper-,,,neutral
train,Ses02M_impro05,22,Ses02M_impro05_F022,unknown,"I've already looked, thank you very much and because we've filled out paperwork if it shows up we will send it to you but otherwise what we can do is reimburse you for fifty dollar.",,,frustrated
train,Ses02M_impro05,23,Ses02M_impro05_F023,unknown,"Well, it's- it's just sort of help with the fact uh that you lost some of your possessions and we rather do that than-",,,neutral
train,Ses02M_impro05,24,Ses02M_impro05_F024,unknown,The airline can't afford to give you everything that is in that suitcase. and so-,,,neutral
train,Ses02M_impro05,25,Ses02M_impro05_F025,unknown,Well because lots of people get their baggage lost and we don't want to have false claims or anything like that so we have,,,neutral
train,Ses02M_impro05,26,Ses02M_impro05_F026,unknown,"we can give you fifty dollar to sort of make up for it, to compensate, and we can definitely let you know if it shows up but likely, more than likely-",,,neutral
train,Ses02M_impro05,28,Ses02M_impro05_F028,unknown,I don't believe you should sue the airline company but we do have a policy uh- in which we can reimburse you and that's all we can do and I'm sorry I've done everything I can-,,,frustrated
train,Ses02M_impro05,29,Ses02M_impro05_F029,unknown,There's other people waiting-,,,frustrated
train,Ses02M_impro05,0,Ses02M_impro05_M000,unknown,Hi. Um-,,,neutral
train,Ses02M_impro05,1,Ses02M_impro05_M001,unknown,It seems that uh- my-my bag didn't make it out on the carousel.,,,neutral
train,Ses02M_impro05,2,Ses02M_impro05_M002,unknown,"Yes, yes, it's gone around like you know twenty times. It's been about a half hour.",,,neutral
train,Ses02M_impro05,3,Ses02M_impro05_M003,unknown,Okay. So what-what do I have to get you know,,,neutral
train,Ses02M_impro05,4,Ses02M_impro05_M004,unknown,"For some reason, so you think it won't show up?",,,sur
train,Ses02M_impro05,6,Ses02M_impro05_M006,unknown,I really - I really need that bag.,,,frustrated
train,Ses02M_impro05,8,Ses02M_impro05_M008,unknown,"I mean -- I've been away for a while and- and now I've- I've gifts for- for you know friends and family I mean, I got stuff in the there",,,frustrated
train,Ses02M_impro05,10,Ses02M_impro05_M010,unknown,"Not going to show - well isn't like - wouldn't it just be at the airport, that, like, if it didn't get on the other plane",,,frustrated
train,Ses02M_impro05,11,Ses02M_impro05_M011,unknown,can they check there?,,,frustrated
train,Ses02M_impro05,13,Ses02M_impro05_M013,unknown,"But we have the tags on. I mean like it wouldn't you know, if it got stuck somewhere it's like well this is nobodies bag I mean maybe you know look on the tag and",,,anger
train,Ses02M_impro05,14,Ses02M_impro05_M014,unknown,see where it came from originally. I mean it seems like-,,,frustrated
train,Ses02M_impro05,16,Ses02M_impro05_M016,unknown,"Theft? Don't you know like all these people that are work - you keep like an eye on them, how can they get away with-",,,anger
train,Ses02M_impro05,17,Ses02M_impro05_M017,unknown,This is unbelievable. I've got,,,frustrated
train,Ses02M_impro05,18,Ses02M_impro05_M018,unknown,you don't realize the stuff that I've got in that - I really need to get the suitcase okay,,,anger
train,Ses02M_impro05,19,Ses02M_impro05_M019,unknown,"so if it's back there or something, if there is something you can do",,,frustrated
train,Ses02M_impro05,20,Ses02M_impro05_M020,unknown,"I need you to tell me because I really need to get the bag, okay?",,,frustrated
train,Ses02M_impro05,21,Ses02M_impro05_M021,unknown,You've already checked? Can you check again? [garbage],,,frustrated
train,Ses02M_impro05,23,Ses02M_impro05_M023,unknown,"Uh huh, yea, lost some of my possessions, yes, so if I lost maybe a shoe that was in the suitcase and like a carry-on",,,frustrated
train,Ses02M_impro05,24,Ses02M_impro05_M024,unknown,"that might be like fifty dollars okay, but this - I- [garbage] I had like thousands of dollars worth of stuff in that suitcase.",,,frustrated
train,Ses02M_impro05,25,Ses02M_impro05_M025,unknown,The a- what? Talking about a core they can't afford it? I mean-,,,anger
train,Ses02M_impro05,26,Ses02M_impro05_M026,unknown,I mean you're not helping me here. What do I have to do here? Do I need to sue the airline company is that what I should do,,,anger
train,Ses02M_impro05,27,Ses02M_impro05_M027,unknown,because this is ridiculous?,,,frustrated
train,Ses02M_impro05,28,Ses02M_impro05_M028,unknown,All right. I'm sick- I'm sick of this all right. I'm sick of you and keep your fifty dollar.,,,frustrated
train,Ses02M_impro07,0,Ses02M_impro07_F000,unknown,"Oh, yeah? Have you gotten letters yet?",,,excited
train,Ses02M_impro07,1,Ses02M_impro07_F001,unknown,"Um, I don't know, where?",,,excited
train,Ses02M_impro07,2,Ses02M_impro07_F002,unknown,"Oh, U.S.C.? Oh my Gosh, that's awesome, that was your top choice, right?",,,sur
train,Ses02M_impro07,3,Ses02M_impro07_F003,unknown,"Oh my Gosh, that's so cool.",,,excited
train,Ses02M_impro07,4,Ses02M_impro07_F004,unknown,"[LAUGHTER] It's gotta be it, like-",,,excited
train,Ses02M_impro07,5,Ses02M_impro07_F005,unknown,"Oh my Gosh, that's so cool.",,,excited
train,Ses02M_impro07,6,Ses02M_impro07_F006,unknown,big packet is gotta be the real thing. yeah,,,excited
train,Ses02M_impro07,7,Ses02M_impro07_F007,unknown,"Oh my Gosh. I thought there was like, maybe going to be some, like I don't know if you are going to get in or not, so I'm really glad that you did.",,,excited
train,Ses02M_impro07,8,Ses02M_impro07_F008,unknown,That's so cool.,,,excited
train,Ses02M_impro07,9,Ses02M_impro07_F009,unknown,"Yeah, totally.",,,excited
train,Ses02M_impro07,10,Ses02M_impro07_F010,unknown,So you're going to be right here in Los Angeles; that is so cool.,,,excited
train,Ses02M_impro07,11,Ses02M_impro07_F011,unknown,So can we hang out?,,,excited
train,Ses02M_impro07,12,Ses02M_impro07_F012,unknown,Yay.,,,excited
train,Ses02M_impro07,13,Ses02M_impro07_F013,unknown,"Oh, yay. Thank you. [LAUGHTER].",,,excited
train,Ses02M_impro07,14,Ses02M_impro07_F014,unknown,No but that's an awesome school. That's so cool.,,,joy
train,Ses02M_impro07,15,Ses02M_impro07_F015,unknown,"Oh, totally totally.",,,joy
train,Ses02M_impro07,16,Ses02M_impro07_F016,unknown,you get to like be a part of that.,,,joy
train,Ses02M_impro07,17,Ses02M_impro07_F017,unknown,"Like you get to be a part of that. Like the, like the- Like a cult.",,,joy
train,Ses02M_impro07,18,Ses02M_impro07_F018,unknown,"[LAUGHTER] like a- like a- [LAUGHTER] No, but I mean like everywhere you go people know who you are.",,,joy
train,Ses02M_impro07,19,Ses02M_impro07_F019,unknown,So you know what you are going to do there?,,,joy
train,Ses02M_impro07,20,Ses02M_impro07_F020,unknown,"Okay. They have a lot of good schools, right?",,,joy
train,Ses02M_impro07,21,Ses02M_impro07_F021,unknown,"Yes, it's intimate.",,,joy
train,Ses02M_impro07,22,Ses02M_impro07_F022,unknown,I know. It's so cool.,,,excited
train,Ses02M_impro07,23,Ses02M_impro07_F023,unknown,"Fair for you, Wow, oh my Gosh.",,,excited
train,Ses02M_impro07,24,Ses02M_impro07_F024,unknown,I will do the best I can.,,,joy
train,Ses02M_impro07,25,Ses02M_impro07_F025,unknown,"Well, there are all kinds of awesome secrets so you'll really enjoy it. It's really great. I'm so glad.",,,excited
train,Ses02M_impro07,26,Ses02M_impro07_F026,unknown,Yay,,,excited
train,Ses02M_impro07,27,Ses02M_impro07_F027,unknown,"Okay. Yes, totally come visit",,,excited
train,Ses02M_impro07,28,Ses02M_impro07_F028,unknown,"and we'll explore and you going to have such a good time, you're going to fit in so well, it's going to be awesome",,,joy
train,Ses02M_impro07,29,Ses02M_impro07_F029,unknown,So Congratulations. That's awesome.,,,joy
train,Ses02M_impro07,2,Ses02M_impro07_M002,unknown,U.S.C..,,,excited
train,Ses02M_impro07,6,Ses02M_impro07_M006,unknown,"but big packet, big packet is nice",,,excited
train,Ses02M_impro07,7,Ses02M_impro07_M007,unknown,"So it's like, yes, rip it open and there it is big - oh, yes.",,,excited
train,Ses02M_impro07,8,Ses02M_impro07_M008,unknown,"Yeah. I know, I know.",,,excited
train,Ses02M_impro07,9,Ses02M_impro07_M009,unknown,it was you know I wasn't too sure I mean you know it was kind of last minute for like the application,,,joy
train,Ses02M_impro07,10,Ses02M_impro07_M010,unknown,and everything like but,,,joy
train,Ses02M_impro07,11,Ses02M_impro07_M011,unknown,"it was good, yeah. I mean-",,,joy
train,Ses02M_impro07,13,Ses02M_impro07_M013,unknown,I'm looking forward to it.,,,excited
train,Ses02M_impro07,14,Ses02M_impro07_M014,unknown,"Hey, yes, you know that's - that's what I'm coming for.",,,excited
train,Ses02M_impro07,15,Ses02M_impro07_M015,unknown,You're half the reason I'm going. [LAUGHTER],,,excited
train,Ses02M_impro07,17,Ses02M_impro07_M017,unknown,"You know what I mean, I bet the home games, are just like nuts you know.",,,excited
train,Ses02M_impro07,18,Ses02M_impro07_M018,unknown,What?,,,excited
train,Ses02M_impro07,19,Ses02M_impro07_M019,unknown,[LAUGHTER] I know. I mean part of-,,,excited
train,Ses02M_impro07,20,Ses02M_impro07_M020,unknown,Yeah. Right. A cult. I'm looking forward to being in the cult.,,,excited
train,Ses02M_impro07,21,Ses02M_impro07_M021,unknown,"Right I know, like you, it won't hurt, I mean national champions last year, wow, you know",,,excited
train,Ses02M_impro07,22,Ses02M_impro07_M022,unknown,Maybe we'll do it again this year.,,,excited
train,Ses02M_impro07,23,Ses02M_impro07_M023,unknown,"What's that? ahh Well, you know I'm I'm thinking um I'm leaning towards like communications",,,joy
train,Ses02M_impro07,24,Ses02M_impro07_M024,unknown,"I-I don't know. Kind of a broad,",,,joy
train,Ses02M_impro07,25,Ses02M_impro07_M025,unknown,"yeah, I mean a lot-a lot  of good stuff oh, yeah, I mean it's- it's just a really good school; so really, whatever I pick I can't go wrong. I mean I'm just",,,joy
train,Ses02M_impro07,26,Ses02M_impro07_M026,unknown,"I'm looking forward to getting there. I mean, God, the campus is cool, you know it's like all just very confined I mean just you know it's a college campus you know it's like",,,joy
train,Ses02M_impro07,29,Ses02M_impro07_M029,unknown,I mean you got to - you got to show me the ropes 'cause I've never been there before so I mean you know your way around already and- [LAUGHTER],,,excited
train,Ses02M_impro07,30,Ses02M_impro07_M030,unknown,"Oh, alright.",,,joy
train,Ses02M_impro07,31,Ses02M_impro07_M031,unknown,"I'm-I'm looking forward to that. [BREATHING] man, So yeah, I think I'm going to come out a little early so I mean I'll give you a call and we'll definitely-",,,excited
train,Ses02M_impro07,32,Ses02M_impro07_M032,unknown,"[LAUGHTER] Thanks, yes, thanks, yes That'll be cool.",,,excited
train,Ses02M_script01_1,10,Ses02M_script01_1_F010,unknown,"What do you want to do, argue with him?",,,frustrated
train,Ses02M_script01_1,11,Ses02M_script01_1_F011,unknown,You can't say that to him.,,,frustrated
train,Ses02M_script01_1,12,Ses02M_script01_1_F012,unknown,"Can you prove it, how can you prove it?",,,frustrated
train,Ses02M_script01_1,13,Ses02M_script01_1_F013,unknown,To you it is and to me. You can talk yourself blue in the face but there is no body and no grave so where are you?,,,frustrated
train,Ses02M_script01_1,15,Ses02M_script01_1_F015,unknown,I got an idea but what's the story?,,,neutral
train,Ses02M_script01_1,17,Ses02M_script01_1_F017,unknown,What do you want me to do; you're old enough to know your own mind.,,,frustrated
train,Ses02M_script01_1,18,Ses02M_script01_1_F018,unknown,"Well, you want to make sure that your father isn't-",,,neutral
train,Ses02M_script01_1,19,Ses02M_script01_1_F019,unknown,I'm just saying,,,frustrated
train,Ses02M_script01_1,21,Ses02M_script01_1_F021,unknown,From father's point of you he isn't dead and you have no right to take his girl.,,,neutral
train,Ses02M_script01_1,22,Ses02M_script01_1_F022,unknown,"You can go on from there if you know where to go but I don't know where to go, see I don't know. So what can I do for you?",,,frustrated
train,Ses02M_script01_1,23,Ses02M_script01_1_F023,unknown,You're a considerate fellow.  There's nothing wrong with that.,,,neutral
train,Ses02M_script01_1,24,Ses02M_script01_1_F024,unknown,Have you asked Annie yet?,,,frustrated
train,Ses02M_script01_1,25,Ses02M_script01_1_F025,unknown,How do you know she'll marry you? Maybe she feels the same way your father does.,,,neutral
train,Ses02M_script01_1,26,Ses02M_script01_1_F026,unknown,"Trouble is you don't see enough women, you never did.",,,anger
train,Ses02M_script01_1,27,Ses02M_script01_1_F027,unknown,I just don't see why it has to be Annie.,,,anger
train,Ses02M_script01_1,28,Ses02M_script01_1_F028,unknown,That's a good answer but it doesn't answer anything. I mean you haven't seen her since you went away to war it's five years.,,,frustrated
train,Ses02M_script01_1,29,Ses02M_script01_1_F029,unknown,"I don't want a diagram. He thinks he's coming back. Chris, you marry this girl you're pronouncing him dead.",,,frustrated
train,Ses02M_script01_1,30,Ses02M_script01_1_F030,unknown,"Do you know what's going to happen to your father because I don't, see?",,,frustrated
train,Ses02M_script01_1,32,Ses02M_script01_1_F032,unknown,What the hell is this?,,,anger
train,Ses02M_script01_1,33,Ses02M_script01_1_F033,unknown,"What the hell is this, are you crazy?",,,anger
train,Ses02M_script01_1,34,Ses02M_script01_1_F034,unknown,What about the business? What is this?,,,anger
train,Ses02M_script01_1,35,Ses02M_script01_1_F035,unknown,Must you be inspired?,,,anger
train,Ses02M_script01_1,36,Ses02M_script01_1_F036,unknown,"Tell me, you'd leave the business?",,,anger
train,Ses02M_script01_1,37,Ses02M_script01_1_F037,unknown,"Well, you don't want to think like that.",,,anger
train,Ses02M_script01_1,39,Ses02M_script01_1_F039,unknown,Just don't go thinking that way.,,,frustrated
train,Ses02M_script01_1,40,Ses02M_script01_1_F040,unknown,"I don't understand you, do I?",,,frustrated
train,Ses02M_script01_1,41,Ses02M_script01_1_F041,unknown,"Yea, I can see that.",,,sadness
train,Ses02M_script01_1,3,Ses02M_script01_1_M003,unknown,I don't know. When it cracked he ran into the house and cried in the kitchen.,,,sadness
train,Ses02M_script01_1,4,Ses02M_script01_1_M004,unknown,No. I figured it was best to leave him alone.,,,sadness
train,Ses02M_script01_1,5,Ses02M_script01_1_M005,unknown,I could hear him right through the floor in my room.,,,sadness
train,Ses02M_script01_1,9,Ses02M_script01_1_M009,unknown,You know that Larry is not coming back and I know it. Why do we allow him to go on thinking that we believe with him?,,,frustrated
train,Ses02M_script01_1,10,Ses02M_script01_1_M010,unknown,"No I don't want to argue with him, but it's about time he realized that nobody believes Larry is alive anymore.",,,frustrated
train,Ses02M_script01_1,11,Ses02M_script01_1_M011,unknown,"Why -- why shouldn't he dream of him? Walk around, waiting for him at night I mean do we contradict him, do we say straight out that we don't have any hope anymore that we haven't had hope for years now?",,,frustrated
train,Ses02M_script01_1,12,Ses02M_script01_1_M012,unknown,We've got to say it to him.,,,anger
train,Ses02M_script01_1,13,Ses02M_script01_1_M013,unknown,"For God sakes it's been three years, nobody comes back after three years, that's insane.",,,anger
train,Ses02M_script01_1,15,Ses02M_script01_1_M015,unknown,All right. All right. Listen to me.,,,frustrated
train,Ses02M_script01_1,16,Ses02M_script01_1_M016,unknown,You know why I brought Annie here don't you?,,,neutral
train,Ses02M_script01_1,17,Ses02M_script01_1_M017,unknown,You know.,,,neutral
train,Ses02M_script01_1,18,Ses02M_script01_1_M018,unknown,I'm going to ask her to marry me.,,,neutral
train,Ses02M_script01_1,19,Ses02M_script01_1_M019,unknown,No it's not only my business.,,,frustrated
train,Ses02M_script01_1,20,Ses02M_script01_1_M020,unknown,So it's all right then I'll go ahead with it?,,,frustrated
train,Ses02M_script01_1,21,Ses02M_script01_1_M021,unknown,See it isn't just my business-,,,anger
train,Ses02M_script01_1,23,Ses02M_script01_1_M023,unknown,She's not Larry's girl.,,,frustrated
train,Ses02M_script01_1,24,Ses02M_script01_1_M024,unknown,"I don't know why but every time I reach out for something that I really want, I have to pull back 'cause someone else will suffer. My whole bloody life, time after time after time.",,,anger
train,Ses02M_script01_1,25,Ses02M_script01_1_M025,unknown,To hell with that.,,,anger
train,Ses02M_script01_1,26,Ses02M_script01_1_M026,unknown,I wanted to get this settled first.,,,neutral
train,Ses02M_script01_1,27,Ses02M_script01_1_M027,unknown,"Well, if she does then that's the end of it. From her letters I think she's forgotten him.",,,neutral
train,Ses02M_script01_1,28,Ses02M_script01_1_M028,unknown,"I don't know, I'll find out. Then we'll trash it out with dad, right? Mom, don't avoid me.",,,sadness
train,Ses02M_script01_1,29,Ses02M_script01_1_M029,unknown,So what I'm not fast with women.,,,frustrated
train,Ses02M_script01_1,30,Ses02M_script01_1_M030,unknown,Because it is.,,,frustrated
train,Ses02M_script01_1,31,Ses02M_script01_1_M031,unknown,"I can't help it I know her best. I mean lived next door to her my whole life. These years when I think of a wife, I think of Annie.",,,frustrated
train,Ses02M_script01_1,35,Ses02M_script01_1_M035,unknown,"If I can't do that here well, then I'll have to get out.",,,sadness
train,Ses02M_script01_1,36,Ses02M_script01_1_M036,unknown,"I'll get out. I'll get married and go live some place else, maybe New York.",,,sadness
train,Ses02M_script01_1,37,Ses02M_script01_1_M037,unknown,"I've been a good son too long a good sucker, I'm through with it.",,,anger
train,Ses02M_script01_1,38,Ses02M_script01_1_M038,unknown,The business?  The business doesn't inspire me.,,,anger
train,Ses02M_script01_1,39,Ses02M_script01_1_M039,unknown,"Yes, I like it and hour a day. If I'm going to grub for money all day long, at least in the evening I want it beautiful.",,,anger
train,Ses02M_script01_1,41,Ses02M_script01_1_M041,unknown,"Yes, on this I would.",,,sadness
train,Ses02M_script01_1,42,Ses02M_script01_1_M042,unknown,Then help me stay here.,,,frustrated
train,Ses02M_script01_1,43,Ses02M_script01_1_M043,unknown,I know I know mom. All right. Just help me stay here.,,,frustrated
train,Ses02M_script01_1,44,Ses02M_script01_1_M044,unknown,"Well, I am thinking that way.",,,frustrated
train,Ses02M_script01_2,0,Ses02M_script01_2_F000,unknown,Why did he invite her here?,,,anger
train,Ses02M_script01_2,1,Ses02M_script01_2_F001,unknown,She's been in New York three and half years why all of a sudden-,,,anger
train,Ses02M_script01_2,2,Ses02M_script01_2_F002,unknown,Nobody comes seven hundred miles just to see.,,,anger
train,Ses02M_script01_2,3,Ses02M_script01_2_F003,unknown,He's not going to marry her.,,,anger
train,Ses02M_script01_2,5,Ses02M_script01_2_F005,unknown,What's going on here Joe?,,,anger
train,Ses02M_script01_2,6,Ses02M_script01_2_F006,unknown,-She's not his girl Joe; she knows she's not.,,,anger
train,Ses02M_script01_2,7,Ses02M_script01_2_F007,unknown,"Then why is she still single, I mean New York is full of men, why isn't she married? Probably a hundred people told her she's crazy but she's waited.",,,frustrated
train,Ses02M_script01_2,8,Ses02M_script01_2_F008,unknown,"She knows what I know, that's why. She's faithful as a rock. In my worst moments I think of her waiting and I know again that I'm right.",,,frustrated
train,Ses02M_script01_2,9,Ses02M_script01_2_F009,unknown,"Nobody in this house dares take her faith away Joe. Strangers might, but not his father, not his brother.",,,frustrated
train,Ses02M_script01_2,10,Ses02M_script01_2_F010,unknown,"I want you to act like he's coming back, both of you. Don't you think I haven't noticed since he invited her, I won't stand for any nonsense",,,anger
train,Ses02M_script01_2,11,Ses02M_script01_2_F011,unknown,"Because if he's not coming back, I'll kill myself. And laugh -- laugh at me but",,,frustrated
train,Ses02M_script01_2,13,Ses02M_script01_2_F013,unknown,I need you to believe with me; I can't stand all alone.,,,sadness
train,Ses02M_script01_2,14,Ses02M_script01_2_F014,unknown,"Even last week there was a man who showed up in Detroit missing longer than Larry, you read it yourself.",,,frustrated
train,Ses02M_script01_2,15,Ses02M_script01_2_F015,unknown,Just you above all need to believe.,,,frustrated
train,Ses02M_script01_2,16,Ses02M_script01_2_F016,unknown,Don't stop believing.,,,frustrated
train,Ses02M_script01_2,17,Ses02M_script01_2_F017,unknown,I can't help it.,,,frustrated
train,Ses02M_script01_2,1,Ses02M_script01_2_M001,unknown,"Well, maybe he just wanted to see her again.",,,neutral
train,Ses02M_script01_2,2,Ses02M_script01_2_M002,unknown,"What do you mean? He lived next door to the girl all his life, why wouldn't he want to see her again?",,,frustrated
train,Ses02M_script01_2,3,Ses02M_script01_2_M003,unknown,"Don't look at me like that, he didn't tell me any more than he told you.",,,frustrated
train,Ses02M_script01_2,4,Ses02M_script01_2_M004,unknown,How do you know he's even thinking of it?,,,neutral
train,Ses02M_script01_2,5,Ses02M_script01_2_M005,unknown,"Well, so what?",,,neutral
train,Ses02M_script01_2,7,Ses02M_script01_2_M007,unknown,You can't read her mind.,,,neutral
train,Ses02M_script01_2,8,Ses02M_script01_2_M008,unknown,How do you know why she has waited?,,,frustrated
train,Ses02M_script01_2,9,Ses02M_script01_2_M009,unknown,"Look it's a nice day, what are we arguing for?",,,frustrated
train,Ses02M_script01_2,10,Ses02M_script01_2_M010,unknown,What do you want me to do about it?,,,frustrated
train,Ses02M_script01_2,11,Ses02M_script01_2_M011,unknown,But Kate,,,frustrated
train,Ses02M_script01_2,12,Ses02M_script01_2_M012,unknown,Calm yourself.,,,frustrated
train,Ses02M_script01_2,13,Ses02M_script01_2_M013,unknown,Calm yourself.,,,frustrated
train,Ses02M_script01_2,14,Ses02M_script01_2_M014,unknown,All right. All right. Calm yourself.,,,frustrated
train,Ses02M_script01_2,16,Ses02M_script01_2_M016,unknown,"What does that mean, me above all?",,,anger
train,Ses02M_script01_2,17,Ses02M_script01_2_M017,unknown,Look at you -- look at you shaking.,,,anger
train,Ses02M_script01_2,18,Ses02M_script01_2_M018,unknown,"What have I got to hide? What the hell is the matter with you, Kate?",,,frustrated
train,Ses02M_script01_3,1,Ses02M_script01_3_F001,unknown,It's all right.  It's a good thing.,,,joy
train,Ses02M_script01_3,2,Ses02M_script01_3_F002,unknown,"You know, it's lovely here, the air is sweet.",,,joy
train,Ses02M_script01_3,3,Ses02M_script01_3_F003,unknown,"No, not sorry.  But, um. But I'm not gonna stay.",,,joy
train,Ses02M_script01_3,7,Ses02M_script01_3_F007,unknown,"I knew they would, your mother anyway.",,,joy
train,Ses02M_script01_3,8,Ses02M_script01_3_F008,unknown,"Well, from her point of view, why else would I come?",,,neutral
train,Ses02M_script01_3,9,Ses02M_script01_3_F009,unknown,I guess this is why I came.,,,joy
train,Ses02M_script01_3,12,Ses02M_script01_3_F012,unknown,"Well, you started to write me",,,joy
train,Ses02M_script01_3,13,Ses02M_script01_3_F013,unknown,Every day since.,,,joy
train,Ses02M_script01_3,19,Ses02M_script01_3_F019,unknown,"Well, what's wrong?  I mean, even in your letters there was some--something ashamed.",,,sadness
train,Ses02M_script01_3,21,Ses02M_script01_3_F021,unknown,It wouldn't work this way.,,,sadness
train,Ses02M_script01_3,25,Ses02M_script01_3_F025,unknown,Do you still feel that way?,,,sadness
train,Ses02M_script01_3,26,Ses02M_script01_3_F026,unknown,"'Cause you mustn't feel that way.  Because you have a right to everything you have, Chris.  Everything, you understand that?  Me too.",,,sadness
train,Ses02M_script01_3,27,Ses02M_script01_3_F027,unknown,"I mean, and your money, there's- there's nothing wrong with your money.  I mean, your father put hundreds of planes in the air.  A man should be paid for that.",,,sadness
train,Ses02M_script01_3,28,Ses02M_script01_3_F028,unknown,What'll I do with a fortune?,,,joy
train,Ses02M_script01_3,0,Ses02M_script01_3_M000,unknown,"I know, it went out of style, didn't it?",,,joy
train,Ses02M_script01_3,4,Ses02M_script01_3_M004,unknown,What?,,,sur
train,Ses02M_script01_3,5,Ses02M_script01_3_M005,unknown,"The trouble is, I planned on sort of sneaking up on you on a period of a week or so.  But they take it for granted that we're all set.",,,frustrated
train,Ses02M_script01_3,10,Ses02M_script01_3_M010,unknown,I'm embarrassing you and I didn't want to tell it to you here.  I wanted some place we'd never been before.  A place where we'd be brand new to each other.,,,excited
train,Ses02M_script01_3,13,Ses02M_script01_3_M013,unknown,Why didn't you?,,,sur
train,Ses02M_script01_3,14,Ses02M_script01_3_M014,unknown,You felt something that far back?,,,excited
train,Ses02M_script01_3,15,Ses02M_script01_3_M015,unknown,"Ann, why didn't you let me know?",,,excited
train,Ses02M_script01_3,20,Ses02M_script01_3_M020,unknown,Let's drive someplace.  I want to be alone with you.,,,sadness
train,Ses02M_script01_3,21,Ses02M_script01_3_M021,unknown,No.  Nothing like that.,,,sadness
train,Ses02M_script01_3,22,Ses02M_script01_3_M022,unknown,"Yeah, I suppose I have been.  But it's going from me.",,,sadness
train,Ses02M_script01_3,25,Ses02M_script01_3_M025,unknown,"Well, I lost them.",,,sadness
train,Ses02M_script01_3,26,Ses02M_script01_3_M026,unknown,Just about all.,,,sadness
train,Ses02M_script01_3,27,Ses02M_script01_3_M027,unknown,It takes some time for a guy to toss that off.  'Cause they weren't just men.,,,sadness
train,Ses02M_script01_3,28,Ses02M_script01_3_M028,unknown,"For instance, this one time, it had been raining several days and this kid came to me and gave me his last pair of dry socks.  I put them in pocket.  It's only a little thing, but those are the kind of guys I had.",,,sadness
train,Ses02M_script01_3,29,Ses02M_script01_3_M029,unknown,"They didn't die, they killed themselves for each other.  I mean that exactly.  I mean, a little more selfish and they'd have been here today.",,,sadness
train,Ses02M_script01_3,30,Ses02M_script01_3_M030,unknown,"I got this idea watching 'em go down.  Everything was being destroyed, see, but it seemed that one new thing was made.  A sort of responsibility.  Man for man. You know what I mean?",,,sadness
train,Ses02M_script01_3,31,Ses02M_script01_3_M031,unknown,"To show that, to bring that onto the Earth again, like some kind of monument and everyone can feel it standing behind him and it would make a difference to him.",,,sadness
train,Ses02M_script01_3,32,Ses02M_script01_3_M032,unknown,"Then I came back and it was incredible.  There was no meaning in it here. I mean, the whole thing to them seemed like it's sort of a bus accident.  I went to work with Dad and that rat race again.",,,sadness
train,Ses02M_script01_3,33,Ses02M_script01_3_M033,unknown,"And I felt what you said, ashamed somehow 'cause nobody had changed at all.  It seemed to make suckers out of a lot of guys.  I felt wrong to be alive to open the new bank book, drive the new car, see the new refrigerator.",,,sadness
train,Ses02M_script01_3,34,Ses02M_script01_3_M034,unknown,"I mean, you can take those things out of a war, but when you drive that car, you've gotta realize that it came out of the love a man can have for a man.  You've gotta be a little better because of it.",,,sadness
train,Ses02M_script01_3,35,Ses02M_script01_3_M035,unknown,Otherwise all you have is really loot and there's blood on it.  And I didn't want to take any of that.  And I guess that included you.,,,sadness
train,Ses02M_script01_3,36,Ses02M_script01_3_M036,unknown,I want you now Annie.,,,neutral
train,Ses02M_script02_1,0,Ses02M_script02_1_F000,unknown,Fine.,,,neutral
train,Ses02M_script02_1,1,Ses02M_script02_1_F001,unknown,What flashlight?,,,neutral
train,Ses02M_script02_1,2,Ses02M_script02_1_F002,unknown,That's not your flashlight.,,,frustrated
train,Ses02M_script02_1,3,Ses02M_script02_1_F003,unknown,It's ours; it's mine too.,,,frustrated
train,Ses02M_script02_1,4,Ses02M_script02_1_F004,unknown,But you kept saying my flashlight as if somehow it's just yours. I mean how is it supposed to make me feel?,,,frustrated
train,Ses02M_script02_1,5,Ses02M_script02_1_F005,unknown,Yea.,,,neutral
train,Ses02M_script02_1,6,Ses02M_script02_1_F006,unknown,I'm cold.,,,neutral
train,Ses02M_script02_1,7,Ses02M_script02_1_F007,unknown,It's after eleven. Let's just go home.,,,frustrated
train,Ses02M_script02_1,8,Ses02M_script02_1_F008,unknown,There is no point in coming down here.,,,frustrated
train,Ses02M_script02_1,9,Ses02M_script02_1_F009,unknown,That's my point.,,,frustrated
train,Ses02M_script02_1,10,Ses02M_script02_1_F010,unknown,So let's go.,,,frustrated
train,Ses02M_script02_1,11,Ses02M_script02_1_F011,unknown,Not particularly.,,,neutral
train,Ses02M_script02_1,12,Ses02M_script02_1_F012,unknown,"I don't, it's just stupid.",,,frustrated
train,Ses02M_script02_1,13,Ses02M_script02_1_F013,unknown,"Pass up what? These little fish swim onto the beach flop around and swim away, and then they die.",,,frustrated
train,Ses02M_script02_1,14,Ses02M_script02_1_F014,unknown,What are you so excited about? I mean it's not a moon landing we're talking about here it's fish. It's a fish nobody even eats.,,,frustrated
train,Ses02M_script02_1,15,Ses02M_script02_1_F015,unknown,Augie,,,frustrated
train,Ses02M_script02_1,16,Ses02M_script02_1_F016,unknown,I'm just not.,,,sadness
train,Ses02M_script02_1,17,Ses02M_script02_1_F017,unknown,Yes.,,,neutral
train,Ses02M_script02_1,18,Ses02M_script02_1_F018,unknown,"Last year you'll also remember our shoes got wet, I got sand in my panties, you got a sore throat, we got into a big fight over nothing, and we didn't see the Grunions.",,,anger
train,Ses02M_script02_1,19,Ses02M_script02_1_F019,unknown,We didn't see them the first time either.,,,frustrated
train,Ses02M_script02_1,20,Ses02M_script02_1_F020,unknown,That's the wind.,,,neutral
train,Ses02M_script02_1,21,Ses02M_script02_1_F021,unknown,About what?,,,neutral
train,Ses02M_script02_1,22,Ses02M_script02_1_F022,unknown,It's ridiculous.,,,frustrated
train,Ses02M_script02_1,0,Ses02M_script02_1_M000,unknown,What time is it? They're supposed to run around midnight.,,,excited
train,Ses02M_script02_1,1,Ses02M_script02_1_M001,unknown,"God, this great, isn't it? Like look at the night we go here, it couldn't be better.",,,excited
train,Ses02M_script02_1,3,Ses02M_script02_1_M003,unknown,How you doing?,,,excited
train,Ses02M_script02_1,4,Ses02M_script02_1_M004,unknown,"Is that -- is that, no? Was that just foam? I can't even tell.",,,excited
train,Ses02M_script02_1,5,Ses02M_script02_1_M005,unknown,"Although, I guess you can't tell it probably isn't them. Probably be unmistakable don't you think?",,,excited
train,Ses02M_script02_1,6,Ses02M_script02_1_M006,unknown,How you doing? You know what I forgot? I forgot to bring my flashlight. How - how could I forget to bring my flashlight? How could I be so stupid?,,,excited
train,Ses02M_script02_1,7,Ses02M_script02_1_M007,unknown,"You know the flashlight, the silver one, there is only one, isn't there?",,,frustrated
train,Ses02M_script02_1,8,Ses02M_script02_1_M008,unknown,Who's is it?,,,frustrated
train,Ses02M_script02_1,13,Ses02M_script02_1_M013,unknown,"You cold, you want my jacket? We should've - we should've brought our blanket, our blanket, how could we forget to bring the blanket?",,,excited
train,Ses02M_script02_1,14,Ses02M_script02_1_M014,unknown,"Oh, a six-pack, that's, should've brought a -- a six-pack be just the ticket right now. How could I forget,",,,excited
train,Ses02M_script02_1,15,Ses02M_script02_1_M015,unknown,"oh man. Like a kid, it's amazing I got out of the house with my fly zipped.",,,excited
train,Ses02M_script02_1,16,Ses02M_script02_1_M016,unknown,You think they can hear us talk or feel the vibrations in the sand when we move around?,,,excited
train,Ses02M_script02_1,18,Ses02M_script02_1_M018,unknown,"Are you kidding, we'd miss it. We, we just got here. What's the point in coming down here if we just turn around and go home?",,,frustrated
train,Ses02M_script02_1,22,Ses02M_script02_1_M022,unknown,Why not?,,,sur
train,Ses02M_script02_1,23,Ses02M_script02_1_M023,unknown,"Honey, this is a natural phenomenon. I mean it only happens once a year.",,,excited
train,Ses02M_script02_1,24,Ses02M_script02_1_M024,unknown,"Think about the people in Kansas, they- they'd have to get a plane ticket and hotel reservations to see this. We live forty minutes away it's too good to pass up.",,,excited
train,Ses02M_script02_1,25,Ses02M_script02_1_M025,unknown,"Yea, but that moment on the beach is the highlight of their little lives. I mean all that flopping is laying eggs or what do you, mating or spotting or something like that.",,,excited
train,Ses02M_script02_1,26,Ses02M_script02_1_M026,unknown,"This is a big night for these guys, life's last orgy.",,,excited
train,Ses02M_script02_1,27,Ses02M_script02_1_M027,unknown,Yes they do.,,,frustrated
train,Ses02M_script02_1,28,Ses02M_script02_1_M028,unknown,"Okay. But it's fish that do something none of the other fish do. Like the swallows returning to Capistrano, or the Lemmings throwing themselves off the cliffs",,,excited
train,Ses02M_script02_1,29,Ses02M_script02_1_M029,unknown,"you know there is like, there is a certain mystery here, a magic, a bit of the unexplainable. I don't see how you cannot be interested.",,,excited
train,Ses02M_script02_1,30,Ses02M_script02_1_M030,unknown,For real?,,,sur
train,Ses02M_script02_1,32,Ses02M_script02_1_M032,unknown,"And then last year I remember specifically you were so excited that you stubbed your toe on the way pushing me out of the house, and you didn't even notice until we got in the car.",,,frustrated
train,Ses02M_script02_1,34,Ses02M_script02_1_M034,unknown,We just weren't in a good spot; this is a much better spot. I've got good instincts for these things.,,,frustrated
train,Ses02M_script02_1,35,Ses02M_script02_1_M035,unknown,"There is that, oh no that's just seaweed, isn't it?",,,excited
train,Ses02M_script02_1,36,Ses02M_script02_1_M036,unknown,"This is, this is great, isn't it? I wouldn't miss this for anything. Now listen to this, I know you're not interested but just listen.",,,excited
train,Ses02M_script02_1,37,Ses02M_script02_1_M037,unknown,"Out there somewhere there is this huge mass of silver fish headed this way,",,,excited
train,Ses02M_script02_1,38,Ses02M_script02_1_M038,unknown,"they don't why, we don't know why. They didn't take a vote or anything; they didn't get a map or an invitation.",,,excited
train,Ses02M_script02_1,39,Ses02M_script02_1_M039,unknown,"Just all as one. This little time sensitive firecracker, instinctual firecracker in their body just went off and all as one they turned and formed a line as long the California coast and started swimming. They're swimming right now as if that's the only thing that matters.",,,excited
train,Ses02M_script02_1,40,Ses02M_script02_1_M040,unknown,"It's single mindedness, with no mind, it's urgency that's pure urge, they don't know what drives them. They don't ask it a name or ask it a question,",,,excited
train,Ses02M_script02_1,41,Ses02M_script02_1_M041,unknown,"they just turn as one and start the swim and brings them right here to this spot where we stand, for a massive celebration of sex and death.",,,excited
train,Ses02M_script02_1,42,Ses02M_script02_1_M042,unknown,Look at me; I'm giving myself goose bumps all my hairs are popping up.,,,excited
train,Ses02M_script02_2,1,Ses02M_script02_2_F001,unknown,It's ridiculous.,,,frustrated
train,Ses02M_script02_2,5,Ses02M_script02_2_F005,unknown,Goddamn it Augie don't ask me that. I hate it when you ask me that. You always ask me that. It's insulting.,,,anger
train,Ses02M_script02_2,6,Ses02M_script02_2_F006,unknown,We just have different ideas of what this evening is supposed to look like.,,,anger
train,Ses02M_script02_2,7,Ses02M_script02_2_F007,unknown,For heavens sake we are not going to see the Grunions.,,,frustrated
train,Ses02M_script02_2,8,Ses02M_script02_2_F008,unknown,"We never do, do we? I mean have we ever?",,,frustrated
train,Ses02M_script02_2,9,Ses02M_script02_2_F009,unknown,"Twice is every time we've tried, that's ever.",,,frustrated
train,Ses02M_script02_2,10,Ses02M_script02_2_F010,unknown,"No we won't; it's pointless. It's like waiting up to see Santa Claus,",,,frustrated
train,Ses02M_script02_2,11,Ses02M_script02_2_F011,unknown,I mean I feel like my whole life is going to be spent standing on the beach waiting for the fish to show up with my eyes open and my hands clasped expectantly and the fish won't show up.,,,anger
train,Ses02M_script02_2,12,Ses02M_script02_2_F012,unknown,You don't understand anything I'm saying.,,,frustrated
train,Ses02M_script02_2,13,Ses02M_script02_2_F013,unknown,"I did want to see them, I always do. I mean I keep thinking that this is going to be the time and it never is.",,,anger
train,Ses02M_script02_2,14,Ses02M_script02_2_F014,unknown,For heavens sake this isn't about fish.,,,frustrated
train,Ses02M_script02_2,15,Ses02M_script02_2_F015,unknown,Do you remember the first time we came to see it? It was about four years ago right after we got married.,,,sadness
train,Ses02M_script02_2,16,Ses02M_script02_2_F016,unknown,"We thought I was pregnant and we opened a bottle of champagne but no glasses, you asked me to dance, we kicked off our shoes and you popped the cork.",,,sadness
train,Ses02M_script02_2,17,Ses02M_script02_2_F017,unknown,And when we were dancing you said the softest most intimate things to me right into my ears so I could feel them as much as hear them,,,sadness
train,Ses02M_script02_2,18,Ses02M_script02_2_F018,unknown,"and I remember thinking that this is it you know. At last, at last I am as happy as I am supposed to be",,,sadness
train,Ses02M_script02_2,19,Ses02M_script02_2_F019,unknown,"Just dancing barefoot in the sand, drinking champagne out of the bottle.",,,sadness
train,Ses02M_script02_2,20,Ses02M_script02_2_F020,unknown,I'd rather not remember some things. I would rather not hope for some things.,,,sadness
train,Ses02M_script02_2,21,Ses02M_script02_2_F021,unknown,No.,,,sadness
train,Ses02M_script02_2,22,Ses02M_script02_2_F022,unknown,No.,,,sadness
train,Ses02M_script02_2,25,Ses02M_script02_2_F025,unknown,No.,,,frustrated
train,Ses02M_script02_2,26,Ses02M_script02_2_F026,unknown,No.,,,frustrated
train,Ses02M_script02_2,27,Ses02M_script02_2_F027,unknown,No.,,,frustrated
train,Ses02M_script02_2,28,Ses02M_script02_2_F028,unknown,I want something to turn out the way that it supposed to.,,,frustrated
train,Ses02M_script02_2,29,Ses02M_script02_2_F029,unknown,"This? What, what is this? This isn't even anything.",,,frustrated
train,Ses02M_script02_2,30,Ses02M_script02_2_F030,unknown,"I'm sure, this is standing on the beach, this is waiting, this is fighting.",,,frustrated
train,Ses02M_script02_2,31,Ses02M_script02_2_F031,unknown,"Well, but this isn't anything like I thought anything would be like.",,,sadness
train,Ses02M_script02_2,32,Ses02M_script02_2_F032,unknown,I mean it's -- this is just this. I mean it includes a lot and everything but isn't something else. Do you have any idea what I'm trying to say?,,,frustrated
train,Ses02M_script02_2,34,Ses02M_script02_2_F034,unknown,"I know that you meant this to be special and nice, and there's the sand and the moon and everything but I just couldn't help thinking about being somewhere else.",,,sadness
train,Ses02M_script02_2,37,Ses02M_script02_2_F037,unknown,Don't be ridiculous. I mean don't you know that?,,,joy
train,Ses02M_script02_2,38,Ses02M_script02_2_F038,unknown,"You're the one who probably wishes he was with someone else, someone who knew how to enjoy herself and didn't take everything so hard.",,,sadness
train,Ses02M_script02_2,42,Ses02M_script02_2_F042,unknown,"Well, I guess we don't need glasses.",,,joy
train,Ses02M_script02_2,44,Ses02M_script02_2_F044,unknown,"Augie, I'm sorry.",,,sadness
train,Ses02M_script02_2,45,Ses02M_script02_2_F045,unknown,Or not.,,,joy
train,Ses02M_script02_2,46,Ses02M_script02_2_F046,unknown,Hmm.,,,neutral
train,Ses02M_script02_2,0,Ses02M_script02_2_M000,unknown,So what do you think?,,,neutral
train,Ses02M_script02_2,1,Ses02M_script02_2_M001,unknown,What I was saying.,,,neutral
train,Ses02M_script02_2,2,Ses02M_script02_2_M002,unknown,Certainly it's not. Slightly exaggerated scientific fact.,,,neutral
train,Ses02M_script02_2,5,Ses02M_script02_2_M005,unknown,"Carla, can I ask you something? Don't take this wrong but are you having your period?",,,frustrated
train,Ses02M_script02_2,6,Ses02M_script02_2_M006,unknown,"Well, what's bugging you?",,,frustrated
train,Ses02M_script02_2,7,Ses02M_script02_2_M007,unknown,"There is nothing to it, we come here, the Grunion arrive, then do their little fish business, we go oh ah look, they go home, we go home.",,,frustrated
train,Ses02M_script02_2,8,Ses02M_script02_2_M008,unknown,Why not?,,,frustrated
train,Ses02M_script02_2,9,Ses02M_script02_2_M009,unknown,We've missed them twice; that's not ever.,,,frustrated
train,Ses02M_script02_2,10,Ses02M_script02_2_M010,unknown,"Well, we'll see them this year.",,,neutral
train,Ses02M_script02_2,11,Ses02M_script02_2_M011,unknown,I thought you wanted to see them.,,,frustrated
train,Ses02M_script02_2,12,Ses02M_script02_2_M012,unknown,No of course not.,,,frustrated
train,Ses02M_script02_2,14,Ses02M_script02_2_M014,unknown,All right. I've been trying to work this backwards but I cannot seem to pinpoint the moment that we took a turn for the worst.,,,frustrated
train,Ses02M_script02_2,15,Ses02M_script02_2_M015,unknown,"You were fine during the phone call from Marge, dinner was okay, doing the dishes was no problem, let's see, I took a shower, you watched the news, you said",,,neutral
train,Ses02M_script02_2,16,Ses02M_script02_2_M016,unknown,"""the Grunion are running tonight,"" I said ""great, let's go, I feel lucky,""",,,neutral
train,Ses02M_script02_2,17,Ses02M_script02_2_M017,unknown,"okay so I'm getting on my jacket and putting out the animals, getting the car out of the garage-",,,neutral
train,Ses02M_script02_2,19,Ses02M_script02_2_M019,unknown,"It was in the car, right? Driving past the Knickerbocker Liquor Locker you said, let's get some champagne and I said times are wasting or something like that, right?",,,excited
train,Ses02M_script02_2,20,Ses02M_script02_2_M020,unknown,"Of course, I see it now; you want this to be like that other time, right? That's it, right?",,,excited
train,Ses02M_script02_2,21,Ses02M_script02_2_M021,unknown,"Yea. Okay, sure, no. I see. Listen, you want to dance?",,,neutral
train,Ses02M_script02_2,22,Ses02M_script02_2_M022,unknown,You want to go get some champagne?,,,neutral
train,Ses02M_script02_2,23,Ses02M_script02_2_M023,unknown,Take off our shoes?,,,neutral
train,Ses02M_script02_2,25,Ses02M_script02_2_M025,unknown,Get married again?,,,neutral
train,Ses02M_script02_2,26,Ses02M_script02_2_M026,unknown,What? What? You want a divorce?,,,frustrated
train,Ses02M_script02_2,27,Ses02M_script02_2_M027,unknown,A vacation?,,,frustrated
train,Ses02M_script02_2,28,Ses02M_script02_2_M028,unknown,"A new carpet? A poodle, a ice cream, backrub, a suicide pact, what, what Carla, what the hell do you want?",,,frustrated
train,Ses02M_script02_2,29,Ses02M_script02_2_M029,unknown,"Well welcome to the human race, all right. Do you think this is what I had in mind when I proposed? You think I had this great fantasy going that four years down the road we'd come to the beach and yell at each other over fish?",,,anger
train,Ses02M_script02_2,31,Ses02M_script02_2_M031,unknown,"No, no, just like you I thought it was going to be all like peaches and roses and sand in our toes, and wind in our hair, and the fish will always come and the bills will pay themselves and we'll have three, fat, rosy kids and ha-ha baby the joke is on us",,,frustrated
train,Ses02M_script02_2,32,Ses02M_script02_2_M032,unknown,"'cause you know what you get Carla, you know what you get? This.",,,frustrated
train,Ses02M_script02_2,35,Ses02M_script02_2_M035,unknown,"No, I know. Me neither.",,,sadness
train,Ses02M_script02_2,37,Ses02M_script02_2_M037,unknown,Maybe if you were with somebody else too.,,,sadness
train,Ses02M_script02_2,38,Ses02M_script02_2_M038,unknown,"No, I know. But still, I know I don't make you happy.",,,sadness
train,Ses02M_script02_2,40,Ses02M_script02_2_M040,unknown,"Now that you mention it. No, I don't.",,,joy
train,Ses02M_script02_2,41,Ses02M_script02_2_M041,unknown,I don't know it seemed like a pretty good spot to me. Look at the moon - view the moon view I got from here.,,,joy
train,Ses02M_script02_2,42,Ses02M_script02_2_M042,unknown,What have we got here?,,,joy
train,Ses02M_script02_2,45,Ses02M_script02_2_M045,unknown,"Shh, if we're very quiet the fish might come.",,,joy
train,Ses02M_script02_2,46,Ses02M_script02_2_M046,unknown,Or not.,,,joy
train,Ses02M_script03_1,2,Ses02M_script03_1_F002,unknown,What are we going to do?,,,excited
train,Ses02M_script03_1,3,Ses02M_script03_1_F003,unknown,Now and always sweet.,,,joy
train,Ses02M_script03_1,5,Ses02M_script03_1_F005,unknown,Oh. It sends shivers down my spine.,,,excited
train,Ses02M_script03_1,6,Ses02M_script03_1_F006,unknown,Behave exquisitely.,,,joy
train,Ses02M_script03_1,7,Ses02M_script03_1_F007,unknown,"Yes, I should probably to a court curtsey.",,,joy
train,Ses02M_script03_1,12,Ses02M_script03_1_F012,unknown,Who's they?,,,excited
train,Ses02M_script03_1,15,Ses02M_script03_1_F015,unknown,"Oh dear, should we like that?",,,sadness
train,Ses02M_script03_1,16,Ses02M_script03_1_F016,unknown,"Well, what happens if one of us dies, does the one that's left still laugh?",,,fea
train,Ses02M_script03_1,21,Ses02M_script03_1_F021,unknown,Which particular one?,,,joy
train,Ses02M_script03_1,22,Ses02M_script03_1_F022,unknown,"Oh Charles, that was his name Charles. It did wiggle so beautifully.",,,joy
train,Ses02M_script03_1,23,Ses02M_script03_1_F023,unknown,I know you did. You threw it out of the window into the Grand Canal; I don't think I'll ever forgive you for that.,,,joy
train,Ses02M_script03_1,24,Ses02M_script03_1_F024,unknown,It went on intermittently for days.,,,joy
train,Ses02M_script03_1,25,Ses02M_script03_1_F025,unknown,It burned my comb too and all the towels in the bathroom.,,,joy
train,Ses02M_script03_1,27,Ses02M_script03_1_F027,unknown,The manager came in and found us rolling around on the floor biting and scratching like panthers.,,,joy
train,Ses02M_script03_1,28,Ses02M_script03_1_F028,unknown,"Oh it was ridiculous, completely ridiculous.",,,joy
train,Ses02M_script03_1,29,Ses02M_script03_1_F029,unknown,And very much sillier.,,,joy
train,Ses02M_script03_1,0,Ses02M_script03_1_M000,unknown,Good God.,,,fea
train,Ses02M_script03_1,2,Ses02M_script03_1_M002,unknown,Must be them then.,,,fea
train,Ses02M_script03_1,3,Ses02M_script03_1_M003,unknown,"We're all right darling, aren't we whatever happens?",,,fea
train,Ses02M_script03_1,5,Ses02M_script03_1_M005,unknown,Hello? Hello? What? Wrong number.,,,excited
train,Ses02M_script03_1,6,Ses02M_script03_1_M006,unknown,What do we do if they suddenly walk in on us?,,,fea
train,Ses02M_script03_1,7,Ses02M_script03_1_M007,unknown,With the most perfect poise.,,,joy
train,Ses02M_script03_1,8,Ses02M_script03_1_M008,unknown,"Things that ought to matter dreadfully don't matter at all when one's is happy, do they?",,,joy
train,Ses02M_script03_1,9,Ses02M_script03_1_M009,unknown,Oh darling don't say that.,,,sadness
train,Ses02M_script03_1,10,Ses02M_script03_1_M010,unknown,Meaning that sacred and beautiful thing love?,,,joy
train,Ses02M_script03_1,11,Ses02M_script03_1_M011,unknown,What does it all mean that's what I ask- that's what I ask myself in my ceaseless quest for ultimate truth?  Good God what does it all mean?,,,joy
train,Ses02M_script03_1,12,Ses02M_script03_1_M012,unknown,"You mustn't be serious my dear one, that's just what they want.",,,excited
train,Ses02M_script03_1,14,Ses02M_script03_1_M014,unknown,flippancy brings out the acid in their damned sweetness in light.,,,excited
train,Ses02M_script03_1,15,Ses02M_script03_1_M015,unknown,"Certainly you must, we figures of fun all right.",,,excited
train,Ses02M_script03_1,16,Ses02M_script03_1_M016,unknown,"No, that desire will fade along with our passion.",,,sadness
train,Ses02M_script03_1,18,Ses02M_script03_1_M018,unknown,"Yes, yes, with all his might.",,,excited
train,Ses02M_script03_1,19,Ses02M_script03_1_M019,unknown,"No, no it isn't, death is very laughable, such a cunning little mystery, all done with mirrors.",,,excited
train,Ses02M_script03_1,20,Ses02M_script03_1_M020,unknown,So is everyone else in the long run.,,,excited
train,Ses02M_script03_1,21,Ses02M_script03_1_M021,unknown,"Let's be superficial and pity the poor philosophers, let's blow our trumpets and squeakers and enjoy the party as much as we can. Like quite idiotic, very small, school children. Let's savor the delight of the moment.",,,excited
train,Ses02M_script03_1,22,Ses02M_script03_1_M022,unknown,Come kiss me darling before your body rots and worms pop in and out of your eye sockets.,,,excited
train,Ses02M_script03_1,24,Ses02M_script03_1_M024,unknown,You remember that awful scene we had in Venice?,,,joy
train,Ses02M_script03_1,29,Ses02M_script03_1_M029,unknown,"That was a rouser, wasn't it?",,,joy
train,Ses02M_script03_1,31,Ses02M_script03_1_M031,unknown,I'll never forget his face.,,,joy
train,Ses02M_script03_2,0,Ses02M_script03_2_F000,unknown,You knew there was nothing in that.,,,excited
train,Ses02M_script03_2,1,Ses02M_script03_2_F001,unknown,"Presents, just a trivial little broach.",,,excited
train,Ses02M_script03_2,2,Ses02M_script03_2_F002,unknown,No it wasn't. It was very pretty I still have it and I wear it often.,,,neutral
train,Ses02M_script03_2,3,Ses02M_script03_2_F003,unknown,"No I didn't, you worked the whole thing up in your jealous imagination.",,,neutral
train,Ses02M_script03_2,5,Ses02M_script03_2_F005,unknown,What of it?,,,neutral
train,Ses02M_script03_2,6,Ses02M_script03_2_F006,unknown,"It gave him a lot of pleasure, it didn't hurt me any.",,,neutral
train,Ses02M_script03_2,7,Ses02M_script03_2_F007,unknown,"Well, if you hadn't been so nosey and suspicious you never wouldn't have known anything about it.",,,neutral
train,Ses02M_script03_2,8,Ses02M_script03_2_F008,unknown,I'm bored of this conversation.,,,frustrated
train,Ses02M_script03_2,9,Ses02M_script03_2_F009,unknown,No thanks.,,,neutral
train,Ses02M_script03_2,11,Ses02M_script03_2_F011,unknown,It just seems so silly to go on and on and on with such a thing.,,,neutral
train,Ses02M_script03_2,12,Ses02M_script03_2_F012,unknown,"Well, it's become a habit with you.",,,neutral
train,Ses02M_script03_2,14,Ses02M_script03_2_F014,unknown,What?,,,anger
train,Ses02M_script03_2,15,Ses02M_script03_2_F015,unknown,No I'm just making myself fascinating for you.,,,neutral
train,Ses02M_script03_2,18,Ses02M_script03_2_F018,unknown,"Oh, no it isn't.",,,frustrated
train,Ses02M_script03_2,19,Ses02M_script03_2_F019,unknown,Be quiet.,,,anger
train,Ses02M_script03_2,23,Ses02M_script03_2_F023,unknown,I don't care. Do you understand? I don't care. I don't care if they bark or roll about like hoops.,,,anger
train,Ses02M_script03_2,24,Ses02M_script03_2_F024,unknown,"Yes, I did quite a lot.",,,neutral
train,Ses02M_script03_2,28,Ses02M_script03_2_F028,unknown,Oh be quiet.,,,anger
train,Ses02M_script03_2,34,Ses02M_script03_2_F034,unknown,"Very well, if you insist on being boorish and idiotic.",,,frustrated
train,Ses02M_script03_2,35,Ses02M_script03_2_F035,unknown,You are far too temperamental. Try to control yourself.,,,anger
train,Ses02M_script03_2,36,Ses02M_script03_2_F036,unknown,Stop it. Stop it. I hate you.,,,anger
train,Ses02M_script03_2,37,Ses02M_script03_2_F037,unknown,"Listen indeed. I'm sick and tired of listening to you, damn sadistic bully.",,,anger
train,Ses02M_script03_2,38,Ses02M_script03_2_F038,unknown,"Stop it. Stop it. I hate you, do you hear? You're overbearing and conceited and utterly impossible.",,,anger
train,Ses02M_script03_2,39,Ses02M_script03_2_F039,unknown,"This is the end, do you hear? The end finally and forever.",,,anger
train,Ses02M_script03_2,40,Ses02M_script03_2_F040,unknown,Oh yes I am.,,,anger
train,Ses02M_script03_2,41,Ses02M_script03_2_F041,unknown,"Yes, I am. Let go of me you're cruel fiend and I hate and loathe you. Thank God I realized who you really are before I would ever, ever marry you again. I would never marry you again. I'd rather die in torment.",,,anger
train,Ses02M_script03_2,42,Ses02M_script03_2_F042,unknown,You're a beast. I hate you. Stop it. Stop it.,,,anger
train,Ses02M_script03_2,0,Ses02M_script03_2_M000,unknown,"As a matter of fact, the real cause of that row was Peter Burden.",,,neutral
train,Ses02M_script03_2,1,Ses02M_script03_2_M001,unknown,I knew nothing of the sort. You took presents from him.,,,anger
train,Ses02M_script03_2,3,Ses02M_script03_2_M003,unknown,You went out of your way to torture me over Peter Burden.,,,anger
train,Ses02M_script03_2,5,Ses02M_script03_2_M005,unknown,You let him kiss you; you said you did.,,,anger
train,Ses02M_script03_2,7,Ses02M_script03_2_M007,unknown,What about me?,,,anger
train,Ses02M_script03_2,10,Ses02M_script03_2_M010,unknown,I have a little I think.,,,neutral
train,Ses02M_script03_2,11,Ses02M_script03_2_M011,unknown,"No particular reason. Anyhow, they are very small ones.",,,neutral
train,Ses02M_script03_2,12,Ses02M_script03_2_M012,unknown,You can hardly call three liquor glasses in a whole evening going on and on and on.,,,neutral
train,Ses02M_script03_2,15,Ses02M_script03_2_M015,unknown,Nothing.,,,frustrated
train,Ses02M_script03_2,16,Ses02M_script03_2_M016,unknown,"Going out somewhere, dear?",,,neutral
train,Ses02M_script03_2,18,Ses02M_script03_2_M018,unknown,"As a matter of fact, that's perfectly true.",,,neutral
train,Ses02M_script03_2,21,Ses02M_script03_2_M021,unknown,"Snap, snap, snap, like a little adder.",,,frustrated
train,Ses02M_script03_2,22,Ses02M_script03_2_M022,unknown,Oh nonsense they have a little bag of venom behind their fangs and they snap.,,,frustrated
train,Ses02M_script03_2,23,Ses02M_script03_2_M023,unknown,They snap.,,,frustrated
train,Ses02M_script03_2,24,Ses02M_script03_2_M024,unknown,"Tell me, did you see much of Peter Burden after our divorce?",,,neutral
train,Ses02M_script03_2,26,Ses02M_script03_2_M026,unknown,What riotous time you must have had.,,,anger
train,Ses02M_script03_2,27,Ses02M_script03_2_M027,unknown,"No restraint at all, very enjoyable, never had much anyhow.",,,anger
train,Ses02M_script03_2,31,Ses02M_script03_2_M031,unknown,"We can get a good little debate going about that, don't you think? Intemperate tots.",,,anger
train,Ses02M_script03_2,32,Ses02M_script03_2_M032,unknown,All right. I will.,,,neutral
train,Ses02M_script03_2,33,Ses02M_script03_2_M033,unknown,Better turn that off I think.,,,neutral
train,Ses02M_script03_2,37,Ses02M_script03_2_M037,unknown,I'll do no such thing.,,,frustrated
train,Ses02M_script03_2,39,Ses02M_script03_2_M039,unknown,Turn it off.,,,anger
train,Ses02M_script03_2,40,Ses02M_script03_2_M040,unknown,"Amanda, listen. Listen.",,,anger
train,Ses02M_script03_2,41,Ses02M_script03_2_M041,unknown,Very amusing indeed.,,,anger
train,Ses02M_script03_2,42,Ses02M_script03_2_M042,unknown,"You're a vile tempered, loose living, wicked little beast and I hope I never see you again as long as I live.",,,anger
train,Ses02M_script03_2,43,Ses02M_script03_2_M043,unknown,You're not going like this.,,,anger
train,Ses02M_script03_2,44,Ses02M_script03_2_M044,unknown,You're not.,,,anger
train,Ses02M_script03_2,45,Ses02M_script03_2_M045,unknown,Shut up.,,,anger
train,Ses02M_script03_2,46,Ses02M_script03_2_M046,unknown,Shut up.,,,anger
train,Ses02M_script03_2,47,Ses02M_script03_2_M047,unknown,I wouldn't marry you again if you came to me on your bended knees. You're a evil minded little vampire. I hope to God I never see you again as long as I live.,,,anger
train,Ses03F_impro01,2,Ses03F_impro01_F002,unknown,What's wrong?,,,neutral
train,Ses03F_impro01,3,Ses03F_impro01_F003,unknown,"No, no, no, no, no, no. The lady over there, she told me to fill out the front and she said to wait in this line.",,,frustrated
train,Ses03F_impro01,4,Ses03F_impro01_F004,unknown,I don't know. Some lady. Sonya or something.,,,frustrated
train,Ses03F_impro01,5,Ses03F_impro01_F005,unknown,"Excuse me? No, no. I waited in the line over there..",,,frustrated
train,Ses03F_impro01,6,Ses03F_impro01_F006,unknown,and she told me to come over here and she said to fill out everything on the application and I did that.,,,frustrated
train,Ses03F_impro01,7,Ses03F_impro01_F007,unknown,"Look, I-- No, no, no, I--you don't understand. I have to go back to work.",,,frustrated
train,Ses03F_impro01,8,Ses03F_impro01_F008,unknown,I am not-,,,frustrated
train,Ses03F_impro01,9,Ses03F_impro01_F009,unknown,But you don't understand. I cannot get back in line because I have to go back to work. I will get fired if I don't leave here.,,,frustrated
train,Ses03F_impro01,11,Ses03F_impro01_F011,unknown,[LAUGHTER],,,frustrated
train,Ses03F_impro01,1,Ses03F_impro01_M001,unknown,"Oh, um-",,,neutral
train,Ses03F_impro01,2,Ses03F_impro01_M002,unknown,"You didn't fill this out right. All right. It says that you have to fill out the back sheet of this, but you filled out the yellow sheet of it.",,,neutral
train,Ses03F_impro01,3,Ses03F_impro01_M003,unknown,Who?,,,neutral
train,Ses03F_impro01,4,Ses03F_impro01_M004,unknown,She- she probably doesn't even work here.,,,neutral
train,Ses03F_impro01,5,Ses03F_impro01_M005,unknown,All right  Uh-,,,neutral
train,Ses03F_impro01,6,Ses03F_impro01_M006,unknown,It's not right.,,,frustrated
train,Ses03F_impro01,7,Ses03F_impro01_M007,unknown,You just take--all right.,,,frustrated
train,Ses03F_impro01,8,Ses03F_impro01_M008,unknown,"Well, you didn't fill this paper at work out right and it's going to take another fifteen minutes to do it and look at how long the line we got here so just-",,,frustrated
train,Ses03F_impro01,9,Ses03F_impro01_M009,unknown,"okay, just go back and fill it out real quick and I'm sorry, you have to get back in line and wait. I can't let you cut.",,,frustrated
train,Ses03F_impro02,0,Ses03F_impro02_F000,unknown,"How's it going, babe?",,,neutral
train,Ses03F_impro02,1,Ses03F_impro02_F001,unknown,Yeah?,,,neutral
train,Ses03F_impro02,5,Ses03F_impro02_F005,unknown,oh.,,,excited
train,Ses03F_impro02,7,Ses03F_impro02_F007,unknown,Well umm- actually they--I was promoted.,,,excited
train,Ses03F_impro02,8,Ses03F_impro02_F008,unknown,And Uh- Yeah. Uh- They're going to need um- more nurses on call for uh- to go overseas to help out with the war.,,,sadness
train,Ses03F_impro02,10,Ses03F_impro02_F010,unknown,yeah.,,,sadness
train,Ses03F_impro02,11,Ses03F_impro02_F011,unknown,It's going- It's going to be probably in about three weeks.,,,sadness
train,Ses03F_impro02,12,Ses03F_impro02_F012,unknown,yeah,,,sadness
train,Ses03F_impro02,14,Ses03F_impro02_F014,unknown,Maybe we can still do that,,,frustrated
train,Ses03F_impro02,15,Ses03F_impro02_F015,unknown,"Yeah, and uh--",,,sadness
train,Ses03F_impro02,16,Ses03F_impro02_F016,unknown,"I know, but look, I have to take this. I mean, if I don't, I mean, I could get fired.",,,frustrated
train,Ses03F_impro02,17,Ses03F_impro02_F017,unknown,And we know you need-we need the money. We couldn't even- purchase a house if I didn't take this.,,,frustrated
train,Ses03F_impro02,18,Ses03F_impro02_F018,unknown,"Honey, I'm going to come back. It's not like that.",,,sadness
train,Ses03F_impro02,19,Ses03F_impro02_F019,unknown,But it- it is for a year.,,,sadness
train,Ses03F_impro02,20,Ses03F_impro02_F020,unknown,"Babe, I'm sorry. But I don't want to do.",,,sadness
train,Ses03F_impro02,21,Ses03F_impro02_F021,unknown,"You know as much as -as much as me that I-I want to stay here with you and Amy so bad, but I can't.",,,sadness
train,Ses03F_impro02,22,Ses03F_impro02_F022,unknown,"But you're so good with her. You know, she knows you better than she knows me 'cause I'm at work every day.",,,frustrated
train,Ses03F_impro02,23,Ses03F_impro02_F023,unknown,"Babe, I love you.",,,sadness
train,Ses03F_impro02,24,Ses03F_impro02_F024,unknown,"But she has you. I mean, that's what you're there for. You're my right-hand man.",,,sadness
train,Ses03F_impro02,25,Ses03F_impro02_F025,unknown,It's going to be okay.,,,sadness
train,Ses03F_impro02,26,Ses03F_impro02_F026,unknown,"No, I have to go.",,,sadness
train,Ses03F_impro02,27,Ses03F_impro02_F027,unknown,"Wait, you can write me and as you know, send me pictures.",,,sadness
train,Ses03F_impro02,28,Ses03F_impro02_F028,unknown,What do you mean?,,,sadness
train,Ses03F_impro02,29,Ses03F_impro02_F029,unknown,"Look, I need you to be strong for me. 'Cause I can't be the only one that's strong right now, really, I--",,,sadness
train,Ses03F_impro02,31,Ses03F_impro02_F031,unknown,"and if we survive, if we survive that then babe, you know you know we could survive any--",,,sadness
train,Ses03F_impro02,32,Ses03F_impro02_F032,unknown,I will come back.,,,sadness
train,Ses03F_impro02,34,Ses03F_impro02_F034,unknown,we'll have all the money that we ever needed.,,,sadness
train,Ses03F_impro02,35,Ses03F_impro02_F035,unknown,And- And then I'll stop working and- I'll stay home with the baby.,,,sadness
train,Ses03F_impro02,36,Ses03F_impro02_F036,unknown,It's all I ever knew how to do. I can't quit now.,,,sadness
train,Ses03F_impro02,37,Ses03F_impro02_F037,unknown,"Well, we- we tell her mommy's going on va- on a trip for for- a while.",,,sadness
train,Ses03F_impro02,38,Ses03F_impro02_F038,unknown,Don't do that to me.,,,sadness
train,Ses03F_impro02,39,Ses03F_impro02_F039,unknown,"It's hard enough already, Brian, I can't.",,,sadness
train,Ses03F_impro02,40,Ses03F_impro02_F040,unknown,I know.,,,sadness
train,Ses03F_impro02,41,Ses03F_impro02_F041,unknown,"I didn't expect this to happen. I never planned for this. Some things you just don't plan for, you know.",,,sadness
train,Ses03F_impro02,42,Ses03F_impro02_F042,unknown,"I'm sorry, babe.",,,sadness
train,Ses03F_impro02,43,Ses03F_impro02_F043,unknown,I'm so sorry.,,,sadness
train,Ses03F_impro02,0,Ses03F_impro02_M000,unknown,All right.,,,neutral
train,Ses03F_impro02,1,Ses03F_impro02_M001,unknown,She's doing fine. She just took her first steps today actually. I videotaped it for you so you can watch it.,,,joy
train,Ses03F_impro02,4,Ses03F_impro02_M004,unknown,when?,,,sur
train,Ses03F_impro02,5,Ses03F_impro02_M005,unknown,What? You can't do that. Three weeks?,,,sur
train,Ses03F_impro02,6,Ses03F_impro02_M006,unknown,"God, we're supposed to take a look at a house next week.",,,frustrated
train,Ses03F_impro02,7,Ses03F_impro02_M007,unknown,"I can't- No, I can't do this alone.",,,anger
train,Ses03F_impro02,9,Ses03F_impro02_M009,unknown,God.,,,frustrated
train,Ses03F_impro02,10,Ses03F_impro02_M010,unknown,You know what happened to my cousin. She went and she never came back.,,,frustrated
train,Ses03F_impro02,11,Ses03F_impro02_M011,unknown,Oh,,,frustrated
train,Ses03F_impro02,12,Ses03F_impro02_M012,unknown,I can't-,,,frustrated
train,Ses03F_impro02,14,Ses03F_impro02_M014,unknown,I have to work.,,,sadness
train,Ses03F_impro02,15,Ses03F_impro02_M015,unknown,[BREATHING],,,frustrated
train,Ses03F_impro02,16,Ses03F_impro02_M016,unknown,You can't leave your daughter alone like this.,,,sadness
train,Ses03F_impro02,17,Ses03F_impro02_M017,unknown,You can't postpone it?,,,sadness
train,Ses03F_impro02,18,Ses03F_impro02_M018,unknown,I don't know if I can handle you going another year.,,,sadness
train,Ses03F_impro02,19,Ses03F_impro02_M019,unknown,I don't know if I- if I could take it.,,,sadness
train,Ses03F_impro02,20,Ses03F_impro02_M020,unknown,I can't be that strong. A whole year.,,,sadness
train,Ses03F_impro02,21,Ses03F_impro02_M021,unknown,"me, oh my god.",,,sadness
train,Ses03F_impro02,22,Ses03F_impro02_M022,unknown,What if you don't come back?,,,frustrated
train,Ses03F_impro02,24,Ses03F_impro02_M024,unknown,It doesn't look very good.,,,sadness
train,Ses03F_impro02,25,Ses03F_impro02_M025,unknown,I don't want the money. I want-you here,,,sadness
train,Ses03F_impro02,27,Ses03F_impro02_M027,unknown,If your life is going to be in danger and this family is going to be in danger we don't need the job. We'll find the money.,,,anger
train,Ses03F_impro02,28,Ses03F_impro02_M028,unknown,How are we supposed to tell Amy? How's she supposed to understand that?,,,sadness
train,Ses03F_impro02,29,Ses03F_impro02_M029,unknown,"How is she going to feel the first year in school, no mom.",,,sadness
train,Ses03F_impro02,31,Ses03F_impro02_M031,unknown,"All right, then.",,,sadness
train,Ses03F_impro03,4,Ses03F_impro03_F004,unknown,"at the end of the performance, you know, like we're all clapping and stuff. And all of a sudden I look over and",,,excited
train,Ses03F_impro03,5,Ses03F_impro03_F005,unknown,"Joe's gone. -where did he go, you know?",,,excited
train,Ses03F_impro03,6,Ses03F_impro03_F006,unknown,"And I'm like oh, he went to the- -the bathroom, but he didn't tell me, I didn't even notice him leaving. And all of a sudden, I swear to God, I'm sitting there and-",,,excited
train,Ses03F_impro03,7,Ses03F_impro03_F007,unknown,he comes up onstage-- And the entire cast everyone just like,,,excited
train,Ses03F_impro03,8,Ses03F_impro03_F008,unknown,goes up there and everyone's clapping and he's standing there and they put a spotlight on him.,,,excited
train,Ses03F_impro03,9,Ses03F_impro03_F009,unknown,"And I'm like freaking out. I'm like what the hell's going on, you know. I don't know what's going on. And so he's like standing there and then all of a sudden they give him a microphone-",,,excited
train,Ses03F_impro03,11,Ses03F_impro03_F011,unknown,"he asked me to marry him, like- onstage. I was like, I couldn't believe--and I had to walk up there and I was, like I think I tripped or something.",,,excited
train,Ses03F_impro03,12,Ses03F_impro03_F012,unknown,"Yeah, I said yes, but I, yeah, I mean,",,,excited
train,Ses03F_impro03,13,Ses03F_impro03_F013,unknown,"I don't know- it just like took me, took me by surprise.",,,excited
train,Ses03F_impro03,14,Ses03F_impro03_F014,unknown,He scored points.,,,joy
train,Ses03F_impro03,15,Ses03F_impro03_F015,unknown,"Oh, yeah. Everyone--yeah. And people--friends of ours were in the audience, I didn't know about, like family members.",,,joy
train,Ses03F_impro03,16,Ses03F_impro03_F016,unknown,Yeah. It was great.,,,excited
train,Ses03F_impro03,17,Ses03F_impro03_F017,unknown,"It was--I cried,",,,excited
train,Ses03F_impro03,18,Ses03F_impro03_F018,unknown,"like a loser, I cried.",,,joy
train,Ses03F_impro03,19,Ses03F_impro03_F019,unknown,"But, I don't know, I--it's so weird to think I'm marrying somebody 'cause I feel so young, you know?",,,joy
train,Ses03F_impro03,20,Ses03F_impro03_F020,unknown,No. No plans. or any- and probably,,,joy
train,Ses03F_impro03,21,Ses03F_impro03_F021,unknown,"like I think I want to get married--I want to have two weddings. One here, then one in Europe.",,,joy
train,Ses03F_impro03,24,Ses03F_impro03_F024,unknown,Yeah. I'm so excited. [LAUGHTER].,,,excited
train,Ses03F_impro03,0,Ses03F_impro03_M000,unknown,"Oh, my God, look at that. Huh-oh, how many carats is that?",,,excited
train,Ses03F_impro03,1,Ses03F_impro03_M001,unknown,Like eighteen? [LAUGHTER],,,excited
train,Ses03F_impro03,2,Ses03F_impro03_M002,unknown,"Oh, Jesus.",,,excited
train,Ses03F_impro03,5,Ses03F_impro03_M005,unknown,yeah [LAUGHTER],,,excited
train,Ses03F_impro03,6,Ses03F_impro03_M006,unknown,"Yeah, The Lousy Chaperone. [LAUGHTER] Uh huh.",,,excited
train,Ses03F_impro03,7,Ses03F_impro03_M007,unknown,[LAUGHTER] Uh- Drowsy.,,,excited
train,Ses03F_impro03,9,Ses03F_impro03_M009,unknown,oh-,,,sur
train,Ses03F_impro03,10,Ses03F_impro03_M010,unknown,"Oh, my God.",,,excited
train,Ses03F_impro03,15,Ses03F_impro03_M015,unknown,"No, you deserve to cry. I mean, tears of happiness.",,,joy
train,Ses03F_impro03,21,Ses03F_impro03_M021,unknown,That's awesome. [LAUGHTER] Marriage.,,,excited
train,Ses03F_impro04,0,Ses03F_impro04_F000,unknown,"I don't know, Brian, if they uh--it's been three years.",,,frustrated
train,Ses03F_impro04,1,Ses03F_impro04_F001,unknown,"No, I don't know, I--maybe this isn't for me. You know, maybe this isn't the right business for me.",,,frustrated
train,Ses03F_impro04,2,Ses03F_impro04_F002,unknown,"I just, I see all these other people getting commercials and work and it's like I'm not getting anything.",,,sadness
train,Ses03F_impro04,3,Ses03F_impro04_F003,unknown,I have no money behind me. Nothing. I'm twenty five and--,,,frustrated
train,Ses03F_impro04,4,Ses03F_impro04_F004,unknown,So I'll have to wait twenty five years-,,,frustrated
train,Ses03F_impro04,5,Ses03F_impro04_F005,unknown,"-just going and auditioning and auditioning and rejection after refection, it's like--",,,frustrated
train,Ses03F_impro04,6,Ses03F_impro04_F006,unknown,"I know, I just don't know if I can handle it. I mean, you're helping me so much financially it's like I can't survive on my own without you. I don't like that.",,,frustrated
train,Ses03F_impro04,7,Ses03F_impro04_F007,unknown,I feel like I'm not doing anything. Like I'm not giving anything into this world.,,,frustrated
train,Ses03F_impro04,8,Ses03F_impro04_F008,unknown,"Yeah, but what if I never make it? What if I studied all my life, this theatre, this acting, and I'm never going to get anywhere. I'm never going to be able to have a job.",,,frustrated
train,Ses03F_impro04,9,Ses03F_impro04_F009,unknown,Time is passing by. Every year it's,,,frustrated
train,Ses03F_impro04,10,Ses03F_impro04_F010,unknown,a part left than I can do.,,,frustrated
train,Ses03F_impro04,11,Ses03F_impro04_F011,unknown,Really?,,,sur
train,Ses03F_impro04,12,Ses03F_impro04_F012,unknown,"I don't know, I just [BREATHING] I get frustrated",,,frustrated
train,Ses03F_impro04,13,Ses03F_impro04_F013,unknown,That's the thing. I don't know. I don't know anything.,,,frustrated
train,Ses03F_impro04,14,Ses03F_impro04_F014,unknown,Law school? Maybe.,,,frustrated
train,Ses03F_impro04,17,Ses03F_impro04_F017,unknown,"Yeah. I mean, I get a call-back and stuff, but-",,,frustrated
train,Ses03F_impro04,18,Ses03F_impro04_F018,unknown,"I just, I need a break. I need something to break me out.",,,frustrated
train,Ses03F_impro04,21,Ses03F_impro04_F021,unknown,[BREATHING] Brian-,,,frustrated
train,Ses03F_impro04,22,Ses03F_impro04_F022,unknown,it's not funny. I just don't know what I'm going to do.,,,sadness
train,Ses03F_impro04,23,Ses03F_impro04_F023,unknown,"Yeah, I guess I could.",,,sadness
train,Ses03F_impro04,24,Ses03F_impro04_F024,unknown,Yeah,,,sadness
train,Ses03F_impro04,26,Ses03F_impro04_F026,unknown,[BREATHING],,,frustrated
train,Ses03F_impro04,0,Ses03F_impro04_M000,unknown,"Hey, you just got to keep on going.",,,neutral
train,Ses03F_impro04,1,Ses03F_impro04_M001,unknown,"No, don't think like that.",,,neutral
train,Ses03F_impro04,2,Ses03F_impro04_M002,unknown,Russel Crowe wasn't forty until he got his big stuff.,,,neutral
train,Ses03F_impro04,3,Ses03F_impro04_M003,unknown,"If you really want to do it-I mean,",,,neutral
train,Ses03F_impro04,4,Ses03F_impro04_M004,unknown,you got to do.,,,neutral
train,Ses03F_impro04,5,Ses03F_impro04_M005,unknown,You could. You could. We just--,,,neutral
train,Ses03F_impro04,6,Ses03F_impro04_M006,unknown,we're just pooling our funds together.,,,neutral
train,Ses03F_impro04,7,Ses03F_impro04_M007,unknown,You don't owe me anything.,,,neutral
train,Ses03F_impro04,8,Ses03F_impro04_M008,unknown,"You are, you're going to class, you're learning, you're getting better. When you finally get that role you're going to be prepared.",,,neutral
train,Ses03F_impro04,9,Ses03F_impro04_M009,unknown,"Oh my God, Anna, you're still young. Don't even think about that.",,,neutral
train,Ses03F_impro04,10,Ses03F_impro04_M010,unknown,"You're only twenty five, okay? Some people don't start until they're thirty five.",,,neutral
train,Ses03F_impro04,11,Ses03F_impro04_M011,unknown,Yeah.,,,neutral
train,Ses03F_impro04,12,Ses03F_impro04_M012,unknown,What would you do- What would you do if you didn't? You can go to law school.,,,neutral
train,Ses03F_impro04,13,Ses03F_impro04_M013,unknown,See? So you can't just quit now.,,,neutral
train,Ses03F_impro04,14,Ses03F_impro04_M014,unknown,Have you been going to auditions and stuff?,,,neutral
train,Ses03F_impro04,15,Ses03F_impro04_M015,unknown,How's the job? Still waiting tables at Denny's?,,,neutral
train,Ses03F_impro04,16,Ses03F_impro04_M016,unknown,"Well, they tip well.",,,neutral
train,Ses03F_impro04,17,Ses03F_impro04_M017,unknown,Maybe you could start teaching. I don't know.,,,neutral
train,Ses03F_impro04,18,Ses03F_impro04_M018,unknown,"Go back to school. You know? Another three more years, get your master's.",,,neutral
train,Ses03F_impro04,19,Ses03F_impro04_M019,unknown,"Close to thirty. Oof, it's going to be tough.",,,neutral
train,Ses03F_impro05,0,Ses03F_impro05_F000,unknown,"Look sir, I've been waiting for about an hour and my luggage still hasn't come. What's going on?",,,frustrated
train,Ses03F_impro05,1,Ses03F_impro05_F001,unknown,"What do you mean, you don't know what to tell me? I have two luggage that I've been coming--they're coming--from France and I need them here. I'm home now. I need to go start working.",,,frustrated
train,Ses03F_impro05,2,Ses03F_impro05_F002,unknown,"Where? I don't know. The lost and found. What do you mean, lost and found?",,,anger
train,Ses03F_impro05,3,Ses03F_impro05_F003,unknown,I had my luggage transferred here from Paris to L.A. and now I'm here and I need to be working and I have all my stuff in there.,,,frustrated
train,Ses03F_impro05,4,Ses03F_impro05_F004,unknown,"Well, that's what I'm asking you. What--I don't know what happened to it.",,,frustrated
train,Ses03F_impro05,5,Ses03F_impro05_F005,unknown,"Wait, sir. You're- You're completely not--what do you mean, stole it? How can they just steal it from an airplane? It was up in the air?",,,anger
train,Ses03F_impro05,6,Ses03F_impro05_F006,unknown,Okay. All I know is that I am supposed to have my language here right now. Right now. And it's not there. And you're supposed to help me because you work at the airport. So give me my luggage or tell me where the hell it is.,,,frustrated
train,Ses03F_impro05,7,Ses03F_impro05_F007,unknown,"What do you mean, if it shows up? No, I need it now. I have my keys, I have my wallet, I have my money. I have thousands and thousands of dollars worth of stuff in there.",,,anger
train,Ses03F_impro05,8,Ses03F_impro05_F008,unknown,Not to mention I have my work in there.,,,anger
train,Ses03F_impro05,9,Ses03F_impro05_F009,unknown,"And what if- what if it is lost? Well, what are you guys going to do for me?",,,anger
train,Ses03F_impro05,10,Ses03F_impro05_F010,unknown,Fifteen percent?,,,anger
train,Ses03F_impro05,11,Ses03F_impro05_F011,unknown,What? There- There's hundreds of thousands of dollars worth of stuff in there.,,,anger
train,Ses03F_impro05,12,Ses03F_impro05_F012,unknown,"No, no, no. You don't understand. This is--these are my belongings in the luggage. And I went to Paris.",,,frustrated
train,Ses03F_impro05,13,Ses03F_impro05_F013,unknown,"Sir, why are you laughing at me? This isn't funny.",,,frustrated
train,Ses03F_impro05,15,Ses03F_impro05_F015,unknown,"No, they said I couldn't lock it.",,,anger
train,Ses03F_impro05,16,Ses03F_impro05_F016,unknown,Give me--I'm going to talk to your supervisor. Give me your supervisor. I want to talk to your supervisor right now.,,,anger
train,Ses03F_impro05,17,Ses03F_impro05_F017,unknown,"Well, get- I want the C.E.O. then.",,,anger
train,Ses03F_impro05,0,Ses03F_impro05_M000,unknown,"I'm sorry, Mrs. Rosenkrantz, but uh- I don't know what to tell you.",,,frustrated
train,Ses03F_impro05,1,Ses03F_impro05_M001,unknown,Did you- Did you check with the lost and found?,,,frustrated
train,Ses03F_impro05,2,Ses03F_impro05_M002,unknown,"Maybe it got lost. Did you think about that, mom?",,,frustrated
train,Ses03F_impro05,3,Ses03F_impro05_M003,unknown,"Oh, not--we didn't lose it; maybe the airport lost it. Maybe someone stole it.",,,neutral
train,Ses03F_impro05,4,Ses03F_impro05_M004,unknown,"No, I mean, maybe in the little--going around thingy thing where bopper stole it from there.",,,frustrated
train,Ses03F_impro05,5,Ses03F_impro05_M005,unknown,Okay. What can we do is we can get your name and information and if it shows up we can send it to you so-- Wherever you stay,,,frustrated
train,Ses03F_impro05,6,Ses03F_impro05_M006,unknown,"Well, I'll have you fill out some paperwork and see if you can get started on something.",,,frustrated
train,Ses03F_impro05,8,Ses03F_impro05_M008,unknown,and when you sign your ticket we could replace about fifteen percent of what's in the bag.,,,neutral
train,Ses03F_impro05,9,Ses03F_impro05_M009,unknown,Up to a limit of twenty five dollars.,,,neutral
train,Ses03F_impro05,10,Ses03F_impro05_M010,unknown,"Whoa, maybe you should uh- have thought of a better way to send it than just in a bag, hmm? Did you think about that?",,,frustrated
train,Ses03F_impro05,11,Ses03F_impro05_M011,unknown,"I think that's kind of stupid, that you put a hundred thousands of dollars in the bag.",,,neutral
train,Ses03F_impro05,12,Ses03F_impro05_M012,unknown,Did you lock- Did you lock it even? You probably didn't even lock it.,,,frustrated
train,Ses03F_impro05,13,Ses03F_impro05_M013,unknown,"Okay, let me get him.Oh, guess who the supervisor is? It's me.",,,neutral
train,Ses03F_impro05,14,Ses03F_impro05_M014,unknown,"What, do you have questions?",,,neutral
train,Ses03F_impro06,0,Ses03F_impro06_F000,unknown,Okay.,,,sadness
train,Ses03F_impro06,1,Ses03F_impro06_F001,unknown,Yeah. Wow.,,,sadness
train,Ses03F_impro06,2,Ses03F_impro06_F002,unknown,"Mmm hmm. I never knew it was going to be this hard, you know.",,,sadness
train,Ses03F_impro06,3,Ses03F_impro06_F003,unknown,It's weird 'cause it's like you expected it to happen and eventually-,,,sadness
train,Ses03F_impro06,4,Ses03F_impro06_F004,unknown,"he had cancer, you know?",,,sadness
train,Ses03F_impro06,5,Ses03F_impro06_F005,unknown,"They thought he got--would get better and he did, and then it just- things turned bad.",,,sadness
train,Ses03F_impro06,6,Ses03F_impro06_F006,unknown,"Turned around for the worst, you know.",,,sadness
train,Ses03F_impro06,7,Ses03F_impro06_F007,unknown,He was amazing.,,,sadness
train,Ses03F_impro06,8,Ses03F_impro06_F008,unknown,I loved that boy.,,,sadness
train,Ses03F_impro06,9,Ses03F_impro06_F009,unknown,"We did everything together, you know.",,,sadness
train,Ses03F_impro06,10,Ses03F_impro06_F010,unknown,"It's weird, I think. I feel so alone, you know? What am I going to do now? Now that he's gone.",,,sadness
train,Ses03F_impro06,11,Ses03F_impro06_F011,unknown,He's so young. It seems so--,,,sadness
train,Ses03F_impro06,12,Ses03F_impro06_F012,unknown,so wrong in so many ways.,,,sadness
train,Ses03F_impro06,13,Ses03F_impro06_F013,unknown,"His poor parents. You know, it's their only son.",,,sadness
train,Ses03F_impro06,14,Ses03F_impro06_F014,unknown,"Kind of a whole year. I mean, he suffered with this, this monster, this thing, this disease.",,,sadness
train,Ses03F_impro06,15,Ses03F_impro06_F015,unknown,"I know. He was, he had so much going for him.",,,sadness
train,Ses03F_impro06,16,Ses03F_impro06_F016,unknown,"So handsome, so young, so gifted.",,,sadness
train,Ses03F_impro06,17,Ses03F_impro06_F017,unknown,So talented.,,,sadness
train,Ses03F_impro06,18,Ses03F_impro06_F018,unknown,"Such a sweet person, you know?",,,sadness
train,Ses03F_impro06,19,Ses03F_impro06_F019,unknown,Not very good.,,,sadness
train,Ses03F_impro06,20,Ses03F_impro06_F020,unknown,"Can you imagine, though, you know, as a parent, just losing a kid? Twenty-two years old.",,,sadness
train,Ses03F_impro06,21,Ses03F_impro06_F021,unknown,"It's weird, I kind of feel like part of me is gone now, you know?",,,sadness
train,Ses03F_impro06,22,Ses03F_impro06_F022,unknown,Because this other half was just kind of like ripped away.,,,sadness
train,Ses03F_impro06,23,Ses03F_impro06_F023,unknown,"He was like, he was like my brother, you know.",,,sadness
train,Ses03F_impro06,24,Ses03F_impro06_F024,unknown,He was my brother.,,,sadness
train,Ses03F_impro06,25,Ses03F_impro06_F025,unknown,"Just seems so unfair, is the way it is.",,,sadness
train,Ses03F_impro06,26,Ses03F_impro06_F026,unknown,"You know, he had that really pretty girlfriend for like about a year and-",,,sadness
train,Ses03F_impro06,27,Ses03F_impro06_F027,unknown,Kelly. Kelly Uveny.,,,sadness
train,Ses03F_impro06,28,Ses03F_impro06_F028,unknown,They talked about getting married and--,,,sadness
train,Ses03F_impro06,29,Ses03F_impro06_F029,unknown,"Yeah. But then when he got cancer and it got bad, you know, she just took off and-",,,sadness
train,Ses03F_impro06,30,Ses03F_impro06_F030,unknown,so I was there for him.,,,sadness
train,Ses03F_impro06,31,Ses03F_impro06_F031,unknown,"Yeah. God, I loved that kid.",,,sadness
train,Ses03F_impro06,32,Ses03F_impro06_F032,unknown,yeah.,,,sadness
train,Ses03F_impro06,33,Ses03F_impro06_F033,unknown,"Joe, do you think he knew I loved him?",,,sadness
train,Ses03F_impro06,34,Ses03F_impro06_F034,unknown,"I never told him, I love you, but-",,,sadness
train,Ses03F_impro06,35,Ses03F_impro06_F035,unknown,I loved him so much.,,,sadness
train,Ses03F_impro06,0,Ses03F_impro06_M000,unknown,How you doing?,,,neutral
train,Ses03F_impro06,1,Ses03F_impro06_M001,unknown,We're all going to miss him.,,,neutral
train,Ses03F_impro06,2,Ses03F_impro06_M002,unknown,"I didn't know him, Tricia, but uh- I heard that he was a great man.",,,sadness
train,Ses03F_impro06,3,Ses03F_impro06_M003,unknown,yeah.,,,neutral
train,Ses03F_impro06,4,Ses03F_impro06_M004,unknown,"He was in chemo the whole time, right?",,,sadness
train,Ses03F_impro06,5,Ses03F_impro06_M005,unknown,And he just got that baseball scholarship.,,,sadness
train,Ses03F_impro06,6,Ses03F_impro06_M006,unknown,How's his parents doing?,,,sadness
train,Ses03F_impro06,7,Ses03F_impro06_M007,unknown,"You guys were pretty close, weren't you?",,,sadness
train,Ses03F_impro06,8,Ses03F_impro06_M008,unknown,What was her name?,,,sadness
train,Ses03F_impro06,9,Ses03F_impro06_M009,unknown,Trying to have a baby.,,,sadness
train,Ses03F_impro06,10,Ses03F_impro06_M010,unknown,Some people.,,,sadness
train,Ses03F_impro06,11,Ses03F_impro06_M011,unknown,"Yeah, but you were there all the hospital days. By his bed-",,,sadness
train,Ses03F_impro06,12,Ses03F_impro06_M012,unknown,"So nice, so positive.",,,sadness
train,Ses03F_impro06,13,Ses03F_impro06_M013,unknown,We need more people like him.,,,sadness
train,Ses03F_impro06,14,Ses03F_impro06_M014,unknown,I don't know.,,,sadness
train,Ses03F_impro06,15,Ses03F_impro06_M015,unknown,I don't know if Benny was smart like that- but-,,,sadness
train,Ses03F_impro06,16,Ses03F_impro06_M016,unknown,I'm sure he loved you too. He just didn't know it.,,,sadness
train,Ses03F_impro07,1,Ses03F_impro07_F001,unknown,"Uh-, So I got some good news.",,,joy
train,Ses03F_impro07,3,Ses03F_impro07_F003,unknown,Pregnant? What are you talking about? No.,,,sur
train,Ses03F_impro07,4,Ses03F_impro07_F004,unknown,I have some better news than that.,,,joy
train,Ses03F_impro07,5,Ses03F_impro07_F005,unknown,"Yes, What would you want more than anything in this world?",,,joy
train,Ses03F_impro07,7,Ses03F_impro07_F007,unknown,"I got--U.S.C.. I got- Yeah, I got the acceptance letter.",,,excited
train,Ses03F_impro07,8,Ses03F_impro07_F008,unknown,"Yes, me, I got in. Thank you very much.",,,excited
train,Ses03F_impro07,9,Ses03F_impro07_F009,unknown,"Yeah, I know, my mom called me. I was with my girlfriend in Boston, and uh- she got the letter and she called me, she said I don't know, do you want me to open it? And I was like yes, open it. And she opened it and she goes oh, I'm sorry, Nat.",,,excited
train,Ses03F_impro07,11,Ses03F_impro07_F011,unknown,"And my mom was like Natalie, Natalie, it's [GARBAGE], you know-",,,excited
train,Ses03F_impro07,12,Ses03F_impro07_F012,unknown,"and so, I mean, I got in.",,,joy
train,Ses03F_impro07,13,Ses03F_impro07_F013,unknown,So now I can stay here and now we can party. I know.,,,joy
train,Ses03F_impro07,14,Ses03F_impro07_F014,unknown,"Yeah, why not.",,,excited
train,Ses03F_impro07,15,Ses03F_impro07_F015,unknown,"We're not twenty one yet, but whatever.",,,neutral
train,Ses03F_impro07,16,Ses03F_impro07_F016,unknown,"[LAUGHTER]. I'm so excited, Joe. Oh, man, I-- And I got in--I got into the school of theatre, so it's like-",,,excited
train,Ses03F_impro07,17,Ses03F_impro07_F017,unknown,Yeah. It's really cool.,,,joy
train,Ses03F_impro07,19,Ses03F_impro07_F019,unknown,Top five in the nation.,,,joy
train,Ses03F_impro07,20,Ses03F_impro07_F020,unknown,"Acting Pants? So what are you going to do? Are you--you're be--you're going to stay here, right?",,,excited
train,Ses03F_impro07,21,Ses03F_impro07_F021,unknown,Awesome. We're both going to be in L.A.,,,excited
train,Ses03F_impro07,22,Ses03F_impro07_F022,unknown,"I'm so excited. Yeah, I thought I was going to go to Boston, but then--",,,excited
train,Ses03F_impro07,23,Ses03F_impro07_F023,unknown,"Oh man, I'm so excited. So much to do.",,,joy
train,Ses03F_impro07,25,Ses03F_impro07_F025,unknown,I'm just so excited to start my life.,,,joy
train,Ses03F_impro07,26,Ses03F_impro07_F026,unknown,"Oh, and you sit down and you have the sponge bread-- --and eat the--drink the beer. Ugh, I love that stuff. I'm so excited.",,,excited
train,Ses03F_impro07,27,Ses03F_impro07_F027,unknown,Are you going to come stay in my dorm with me sometime?,,,excited
train,Ses03F_impro07,28,Ses03F_impro07_F028,unknown,Yeah. I'll get like one of those little--,,,excited
train,Ses03F_impro07,29,Ses03F_impro07_F029,unknown,Yeah. Those little-- --mattresses. I'll put it by my bed.,,,excited
train,Ses03F_impro07,31,Ses03F_impro07_F031,unknown,That's going to--that'll be reserved for somebody else.,,,neutral
train,Ses03F_impro07,32,Ses03F_impro07_F032,unknown,[LAUGHTER] Hello? I am not.,,,joy
train,Ses03F_impro07,34,Ses03F_impro07_F034,unknown,"[LAUGHTER]. No, you'd get used to it.",,,joy
train,Ses03F_impro07,35,Ses03F_impro07_F035,unknown,"[LAUGHTER]. Oh, Joe, I'm so happy.",,,joy
train,Ses03F_impro07,0,Ses03F_impro07_M000,unknown,"Hey, Isabella.",,,neutral
train,Ses03F_impro07,1,Ses03F_impro07_M001,unknown,I'm all right.,,,neutral
train,Ses03F_impro07,3,Ses03F_impro07_M003,unknown,You're not pregnant or anything.,,,neutral
train,Ses03F_impro07,4,Ses03F_impro07_M004,unknown,"I know you've been trying to have a baby, right?",,,neutral
train,Ses03F_impro07,8,Ses03F_impro07_M008,unknown,Which one?,,,excited
train,Ses03F_impro07,9,Ses03F_impro07_M009,unknown,oh really?,,,sur
train,Ses03F_impro07,11,Ses03F_impro07_M011,unknown,Good for you.,,,excited
train,Ses03F_impro07,12,Ses03F_impro07_M012,unknown,oh yeah.,,,neutral
train,Ses03F_impro07,13,Ses03F_impro07_M013,unknown,"Oh, Jesus. That is so amazing.",,,excited
train,Ses03F_impro07,14,Ses03F_impro07_M014,unknown,Party. You want to get drunk tonight?,,,excited
train,Ses03F_impro07,15,Ses03F_impro07_M015,unknown,"Yeah, we're going to celebrate.",,,excited
train,Ses03F_impro07,17,Ses03F_impro07_M017,unknown,Shit. That's-,,,sur
train,Ses03F_impro07,18,Ses03F_impro07_M018,unknown,"Oh, my God. That's--I heard it's top five-- --in the Grauman scale or something.",,,sur
train,Ses03F_impro07,19,Ses03F_impro07_M019,unknown,Who-whooooo. Miss Acti- Acting Pants.,,,excited
train,Ses03F_impro07,21,Ses03F_impro07_M021,unknown,I got into film school at the Art Academy.,,,neutral
train,Ses03F_impro07,22,Ses03F_impro07_M022,unknown,So I'm going to be--yeah. I'm going to make films; you're going to be in them.,,,excited
train,Ses03F_impro07,23,Ses03F_impro07_M023,unknown,Fuck Boston.,,,neutral
train,Ses03F_impro07,25,Ses03F_impro07_M025,unknown,We should uh- go to Little Ethiopia.,,,neutral
train,Ses03F_impro07,26,Ses03F_impro07_M026,unknown,"Hell, yeah. Pass out.",,,excited
train,Ses03F_impro07,27,Ses03F_impro07_M027,unknown,-drunk.,,,excited
train,Ses03F_impro07,28,Ses03F_impro07_M028,unknown,"No, I'll sleep in your bed. Cuddle up.",,,excited
train,Ses03F_impro07,29,Ses03F_impro07_M029,unknown,Uh-oh.,,,excited
train,Ses03F_impro07,32,Ses03F_impro07_M032,unknown,Yeah.,,,excited
train,Ses03F_impro07,33,Ses03F_impro07_M033,unknown,"Well, get used to it.",,,neutral
train,Ses03F_impro07,34,Ses03F_impro07_M034,unknown,"Hey, I'm already getting used to it.",,,joy
train,Ses03F_impro07,35,Ses03F_impro07_M035,unknown,"Me too, Isabella.",,,joy
train,Ses03F_impro08,0,Ses03F_impro08_F000,unknown,"Hello sir, can I help you?",,,neutral
train,Ses03F_impro08,1,Ses03F_impro08_F001,unknown,I [GARBAGE],,,neutral
train,Ses03F_impro08,2,Ses03F_impro08_F002,unknown,"Yes, sir, I'm very sorry, but we've had some trouble here.  There's been a lot of calls and the system has-",,,neutral
train,Ses03F_impro08,3,Ses03F_impro08_F003,unknown,"Sir, please calm down.  There's no reason to use profanity like that.  It's not-",,,neutral
train,Ses03F_impro08,4,Ses03F_impro08_F004,unknown,"Okay, and this is for Verizon? Your provider?",,,neutral
train,Ses03F_impro08,5,Ses03F_impro08_F005,unknown,"Well, um- we have a little problem with the system going on.  One of our satellites is down, and I-",,,neutral
train,Ses03F_impro08,6,Ses03F_impro08_F006,unknown,"You're going to have to just be patient with us, sir, as we",,,neutral
train,Ses03F_impro08,7,Ses03F_impro08_F007,unknown,"Well, I know sir, and we all are busy.",,,neutral
train,Ses03F_impro08,8,Ses03F_impro08_F008,unknown,But I'm going to definitely have to- uh--get your contact information,,,neutral
train,Ses03F_impro08,9,Ses03F_impro08_F009,unknown,"Okay, well, if you would like, um- we will be turning on the systems in probably about ten hours.",,,neutral
train,Ses03F_impro08,10,Ses03F_impro08_F010,unknown,"Sir, I'm very sorry, but this is the way it is.  This- We have no control over it.  It's going to take-  -but you have to be patient with us.  You can use a calling card.  We will give you a free calling card to use.",,,neutral
train,Ses03F_impro08,11,Ses03F_impro08_F011,unknown,"Do you have a land line, sir?",,,neutral
train,Ses03F_impro08,12,Ses03F_impro08_F012,unknown,"Okay, well, we will send you- We will reimburse you for the amount of minutes that you-",,,neutral
train,Ses03F_impro08,13,Ses03F_impro08_F013,unknown,-on average would use.,,,neutral
train,Ses03F_impro08,14,Ses03F_impro08_F014,unknown,"And we will probably send you a calling card.  I'm very sorry.  You're just going to have to be patient, sir.",,,neutral
train,Ses03F_impro08,15,Ses03F_impro08_F015,unknown,"No, we don't just give you things.  We're- we're-",,,neutral
train,Ses03F_impro08,16,Ses03F_impro08_F016,unknown,we compensating you for all your-,,,neutral
train,Ses03F_impro08,17,Ses03F_impro08_F017,unknown,"No no, we're not taking anything from you sir.  This is- This is unbeknownst to us.  The problem had just happened.",,,frustrated
train,Ses03F_impro08,18,Ses03F_impro08_F018,unknown,The satellite-is down in your area.,,,frustrated
train,Ses03F_impro08,19,Ses03F_impro08_F019,unknown,"No, three days, sir.  It's not three days. It's- It's only been about a day now. Let's not exaggerate.",,,frustrated
train,Ses03F_impro08,20,Ses03F_impro08_F020,unknown,Three days?,,,neutral
train,Ses03F_impro08,21,Ses03F_impro08_F021,unknown,A day?,,,neutral
train,Ses03F_impro08,22,Ses03F_impro08_F022,unknown,"I don't know, sir.",,,neutral
train,Ses03F_impro08,23,Ses03F_impro08_F023,unknown,"Oh, well, I'm sorry about that. Umm- We-",,,neutral
train,Ses03F_impro08,24,Ses03F_impro08_F024,unknown,"Well, ten hours worth of minutes--",,,neutral
train,Ses03F_impro08,25,Ses03F_impro08_F025,unknown,is what's going to happen.,,,neutral
train,Ses03F_impro08,26,Ses03F_impro08_F026,unknown,"Sir,",,,neutral
train,Ses03F_impro08,27,Ses03F_impro08_F027,unknown,"what I would like what I'm advising you to do now is just to write down all of your problems that you-you feel that--You know, haven't been addressed, fax it to us-",,,neutral
train,Ses03F_impro08,28,Ses03F_impro08_F028,unknown,and we will take care of it if anything happens.  But all we can do now is ask for your patience.,,,neutral
train,Ses03F_impro08,29,Ses03F_impro08_F029,unknown,Okay? Thank you for calling.  Goodbye.,,,neutral
train,Ses03F_impro08,0,Ses03F_impro08_M000,unknown,"Hey, you stupid dumb shit machine, give me a fucking operator, huh?",,,anger
train,Ses03F_impro08,4,Ses03F_impro08_M004,unknown,"Fine, sorry.  Okay, my phone's been on the fritz for like three days.  I can't get any incoming calls. What- What is going on?",,,frustrated
train,Ses03F_impro08,6,Ses03F_impro08_M006,unknown,You know what?  I'm just going to- Patient?  I'm a busy man.,,,anger
train,Ses03F_impro08,7,Ses03F_impro08_M007,unknown,"-have to, have to what?",,,anger
train,Ses03F_impro08,8,Ses03F_impro08_M008,unknown,What?  It's my phone.  You can't even call me on it. I don't have another phone.,,,anger
train,Ses03F_impro08,9,Ses03F_impro08_M009,unknown,What?  Are you kidding me?,,,anger
train,Ses03F_impro08,10,Ses03F_impro08_M010,unknown,"Oh, my God.",,,anger
train,Ses03F_impro08,11,Ses03F_impro08_M011,unknown,I- I'm going to kill myself right now.,,,anger
train,Ses03F_impro08,12,Ses03F_impro08_M012,unknown,A free calling card?,,,anger
train,Ses03F_impro08,14,Ses03F_impro08_M014,unknown,"That's it? Okay, yeah.  What else?",,,anger
train,Ses03F_impro08,15,Ses03F_impro08_M015,unknown,"Okay, I need more than this.  Are you going to give me a little bit more?",,,anger
train,Ses03F_impro08,16,Ses03F_impro08_M016,unknown,So you take things from me and you expect me just to wait around.,,,frustrated
train,Ses03F_impro08,17,Ses03F_impro08_M017,unknown,"Okay, so you think you're going to-  -get me back some minutes, and that's going to make up for three days of business that I lost?  Okay, great.",,,frustrated
train,Ses03F_impro08,18,Ses03F_impro08_M018,unknown,"No, it's been--three days.",,,frustrated
train,Ses03F_impro08,19,Ses03F_impro08_M019,unknown,"Fine, it's been a day.  Okay?",,,frustrated
train,Ses03F_impro08,21,Ses03F_impro08_M021,unknown,About three million dollars.,,,neutral
train,Ses03F_impro08,26,Ses03F_impro08_M026,unknown,"Oh, my God.",,,frustrated
train,Ses03F_script01_1,4,Ses03F_script01_1_F004,unknown,Did you talk to him?,,,neutral
train,Ses03F_script01_1,5,Ses03F_script01_1_F005,unknown,"He cried hard, huh?",,,neutral
train,Ses03F_script01_1,7,Ses03F_script01_1_F007,unknown,"Could he-he's acting just like he did after he died, you know?",,,neutral
train,Ses03F_script01_1,10,Ses03F_script01_1_F010,unknown,"What do you mean, dishonest?",,,neutral
train,Ses03F_script01_1,11,Ses03F_script01_1_F011,unknown,"What, you're going to argue with him?",,,frustrated
train,Ses03F_script01_1,12,Ses03F_script01_1_F012,unknown,You can't tell him that.,,,frustrated
train,Ses03F_script01_1,13,Ses03F_script01_1_F013,unknown,We can't. It just won't work.,,,frustrated
train,Ses03F_script01_1,14,Ses03F_script01_1_F014,unknown,They do come back.,,,neutral
train,Ses03F_script01_1,17,Ses03F_script01_1_F017,unknown,"It's those Goddamn newspapers, you know? I mean, it's like every day they come out with this new person that comes along. And the next one's going to be Larry.",,,anger
train,Ses03F_script01_1,18,Ses03F_script01_1_F018,unknown,What?,,,frustrated
train,Ses03F_script01_1,19,Ses03F_script01_1_F019,unknown,Why?,,,neutral
train,Ses03F_script01_1,21,Ses03F_script01_1_F021,unknown,"Well, that's only your business, Chris.",,,neutral
train,Ses03F_script01_1,22,Ses03F_script01_1_F022,unknown,"Well, it is. I mean, what do you want me to do? You're grown up; you know what's going on in your mind.",,,frustrated
train,Ses03F_script01_1,23,Ses03F_script01_1_F023,unknown,"Well, you better make sure your father's not- No- I'm just saying.",,,frustrated
train,Ses03F_script01_1,24,Ses03F_script01_1_F024,unknown,"Yeah, well I ignore what I got to ignore.",,,frustrated
train,Ses03F_script01_1,25,Ses03F_script01_1_F025,unknown,And she-she's Larry's girl.,,,frustrated
train,Ses03F_script01_1,26,Ses03F_script01_1_F026,unknown,"Well, from your father's point of view she is. I mean, he's still alive. You've got no right to take her.",,,frustrated
train,Ses03F_script01_1,28,Ses03F_script01_1_F028,unknown,"'Cause listen, I'm telling you, I don't know where to go from there. Do you?",,,frustrated
train,Ses03F_script01_1,29,Ses03F_script01_1_F029,unknown,What do you want from me?,,,frustrated
train,Ses03F_script01_1,30,Ses03F_script01_1_F030,unknown,You're a considerate fella and there's nothing wrong in that.,,,neutral
train,Ses03F_script01_1,31,Ses03F_script01_1_F031,unknown,There's nothing wrong with it.,,,neutral
train,Ses03F_script01_1,32,Ses03F_script01_1_F032,unknown,You didn't ask her yet?,,,frustrated
train,Ses03F_script01_1,34,Ses03F_script01_1_F034,unknown,"You know, the trouble is you've never had enough women. No, you never did.",,,frustrated
train,Ses03F_script01_1,35,Ses03F_script01_1_F035,unknown,I don't understand why it has to be her.,,,frustrated
train,Ses03F_script01_1,36,Ses03F_script01_1_F036,unknown,"That's a good answer, but it doesn't answer anything.",,,frustrated
train,Ses03F_script01_1,37,Ses03F_script01_1_F037,unknown,"I mean, you haven't seen her since the war. I mean, it's been five years.",,,frustrated
train,Ses03F_script01_1,38,Ses03F_script01_1_F038,unknown,"No, I don't want a diagram.",,,frustrated
train,Ses03F_script01_1,39,Ses03F_script01_1_F039,unknown,"He thinks he's coming back. You go-go on and marry her, I mean, you're pronouncing her dead. And what's going to happen to your father, huh? I don't know. Do you?",,,frustrated
train,Ses03F_script01_1,40,Ses03F_script01_1_F040,unknown,"Just, listen. Give it more thought, is all.",,,frustrated
train,Ses03F_script01_1,43,Ses03F_script01_1_F043,unknown,You're what-you're going to leave the business? But you can't do that. What the hell is this?,,,frustrated
train,Ses03F_script01_1,44,Ses03F_script01_1_F044,unknown,"Oh, you have to be inspired.",,,frustrated
train,Ses03F_script01_1,45,Ses03F_script01_1_F045,unknown,Tell me something.,,,neutral
train,Ses03F_script01_1,46,Ses03F_script01_1_F046,unknown,You'd leave that business.,,,neutral
train,Ses03F_script01_1,47,Ses03F_script01_1_F047,unknown,You can't do that.,,,frustrated
train,Ses03F_script01_1,48,Ses03F_script01_1_F048,unknown,"All right, but you can't do that. You can't talk like that.",,,frustrated
train,Ses03F_script01_1,49,Ses03F_script01_1_F049,unknown,"We've worked all our lives for you. Only for you, Chris. The whole shootin' match is for you.",,,frustrated
train,Ses03F_script01_1,50,Ses03F_script01_1_F050,unknown,I'm going to.,,,neutral
train,Ses03F_script01_1,52,Ses03F_script01_1_F052,unknown,"I don't know you, do I?",,,neutral
train,Ses03F_script01_1,53,Ses03F_script01_1_F053,unknown,Yeah. I can see that.,,,neutral
train,Ses03F_script01_1,0,Ses03F_script01_1_M000,unknown,He saw it.,,,neutral
train,Ses03F_script01_1,1,Ses03F_script01_1_M001,unknown,He was out there when it happened.,,,neutral
train,Ses03F_script01_1,2,Ses03F_script01_1_M002,unknown,"Um, about four this morning. Uh- I heard a crack and I looked out and I saw him standing there.",,,neutral
train,Ses03F_script01_1,3,Ses03F_script01_1_M003,unknown,I don't know. But after it cracked he went back in the house and he cried in the kitchen.,,,neutral
train,Ses03F_script01_1,4,Ses03F_script01_1_M004,unknown,"No, I uh-, I figured the best thing to do was to leave him alone.",,,neutral
train,Ses03F_script01_1,5,Ses03F_script01_1_M005,unknown,I could hear it right through the floor.,,,neutral
train,Ses03F_script01_1,6,Ses03F_script01_1_M006,unknown,I guess he is.,,,neutral
train,Ses03F_script01_1,7,Ses03F_script01_1_M007,unknown,I don't know.,,,neutral
train,Ses03F_script01_1,8,Ses03F_script01_1_M008,unknown,"But I know one thing, mom. We've made a terrible mistake with dad.",,,neutral
train,Ses03F_script01_1,9,Ses03F_script01_1_M009,unknown,Being dishonest with him. That kind of thing always pays off and now it's paying off.,,,neutral
train,Ses03F_script01_1,11,Ses03F_script01_1_M011,unknown,"No, I don't want to argue with him, but it's time that he realized that no one believes that Larry's coming back anymore.",,,frustrated
train,Ses03F_script01_1,12,Ses03F_script01_1_M012,unknown,We got to tell him that.,,,frustrated
train,Ses03F_script01_1,13,Ses03F_script01_1_M013,unknown,"You know, for God's sakes it's been three years. No one comes back after three years. It's insane.",,,frustrated
train,Ses03F_script01_1,14,Ses03F_script01_1_M014,unknown,"All right. Just- Sit down, mom. I want to talk to you.",,,frustrated
train,Ses03F_script01_1,15,Ses03F_script01_1_M015,unknown,"All right. All right. Just come on, sit down.",,,frustrated
train,Ses03F_script01_1,16,Ses03F_script01_1_M016,unknown,"You know-you know why I asked Annie here, right?",,,neutral
train,Ses03F_script01_1,17,Ses03F_script01_1_M017,unknown,You know.,,,neutral
train,Ses03F_script01_1,18,Ses03F_script01_1_M018,unknown,I want to ask her to marry me.,,,neutral
train,Ses03F_script01_1,19,Ses03F_script01_1_M019,unknown,"Come on, you know that's not only my business.",,,frustrated
train,Ses03F_script01_1,20,Ses03F_script01_1_M020,unknown,So it's all right. I'll just go ahead with it.,,,neutral
train,Ses03F_script01_1,21,Ses03F_script01_1_M021,unknown,"See, then it's not just my business. God, you have",,,anger
train,Ses03F_script01_1,22,Ses03F_script01_1_M022,unknown,"-Oh, you infuriate me sometimes. You know, it's not just my business too if dad throws a fit.",,,anger
train,Ses03F_script01_1,26,Ses03F_script01_1_M026,unknown,"Every time I reach out for something I have to pull back because other people will suffer. My whole entire life, time and time after time.",,,sadness
train,Ses03F_script01_1,27,Ses03F_script01_1_M027,unknown,To hell with that.,,,anger
train,Ses03F_script01_1,28,Ses03F_script01_1_M028,unknown,I didn't ask Annie yet.,,,neutral
train,Ses03F_script01_1,29,Ses03F_script01_1_M029,unknown,I wanted to get this settled first.,,,neutral
train,Ses03F_script01_1,30,Ses03F_script01_1_M030,unknown,Well then I guess it's over then. But from her letters I think she's forgotten him.,,,neutral
train,Ses03F_script01_1,31,Ses03F_script01_1_M031,unknown,"I'll find out. But then after it's all over we'll thrash it out with dad, right?",,,neutral
train,Ses03F_script01_1,32,Ses03F_script01_1_M032,unknown,"Mom, don't avoid me.",,,frustrated
train,Ses03F_script01_1,33,Ses03F_script01_1_M033,unknown,So what? I'm not fast with women.,,,frustrated
train,Ses03F_script01_1,34,Ses03F_script01_1_M034,unknown,Because it is.,,,neutral
train,Ses03F_script01_1,35,Ses03F_script01_1_M035,unknown,I just-,,,frustrated
train,Ses03F_script01_1,36,Ses03F_script01_1_M036,unknown,It just is. I-,,,neutral
train,Ses03F_script01_1,37,Ses03F_script01_1_M037,unknown,"I grew up with her. Okay. All these years, when I think of someone I want to be my wife I think of Annie. What do you want, a diagram?",,,frustrated
train,Ses03F_script01_1,38,Ses03F_script01_1_M038,unknown,"Okay. All right, then.",,,frustrated
train,Ses03F_script01_1,39,Ses03F_script01_1_M039,unknown,"No, I've given it three years of thought.",,,frustrated
train,Ses03F_script01_1,41,Ses03F_script01_1_M041,unknown,But if I can't have that here then I'll get out.,,,neutral
train,Ses03F_script01_1,42,Ses03F_script01_1_M042,unknown,I'll get out. I'll marry her somewhere else. Maybe New York.,,,neutral
train,Ses03F_script01_1,44,Ses03F_script01_1_M044,unknown,The business. The business doesn't inspire me.,,,frustrated
train,Ses03F_script01_1,45,Ses03F_script01_1_M045,unknown,Yes. I like it an hour out of the day. If I have to grub for money all day long at least that evening I want it beautiful. I want a wife. I want a family. I want some kids. I want to build something I can give myself to.,,,anger
train,Ses03F_script01_1,46,Ses03F_script01_1_M046,unknown,"Now, Annie's in the middle of all that.",,,anger
train,Ses03F_script01_1,47,Ses03F_script01_1_M047,unknown,"Now, where do I find it?",,,neutral
train,Ses03F_script01_1,48,Ses03F_script01_1_M048,unknown,Yes. On this I would.,,,neutral
train,Ses03F_script01_1,49,Ses03F_script01_1_M049,unknown,Then help me stay here.,,,neutral
train,Ses03F_script01_1,50,Ses03F_script01_1_M050,unknown,Okay. Just-,,,neutral
train,Ses03F_script01_1,51,Ses03F_script01_1_M051,unknown,"Yeah, I know, I know, just help me stay here, all right?",,,frustrated
train,Ses03F_script01_1,52,Ses03F_script01_1_M052,unknown,I am thinking like that.,,,neutral
train,Ses03F_script01_1,53,Ses03F_script01_1_M053,unknown,"No, you don't. I'm a pretty tough guy.",,,neutral
train,Ses03F_script01_2,0,Ses03F_script01_2_F000,unknown,Why did you invite her here?,,,anger
train,Ses03F_script01_2,1,Ses03F_script01_2_F001,unknown,She's been in New York for three-and-a-half years. She don't just suddenly come and-,,,anger
train,Ses03F_script01_2,2,Ses03F_script01_2_F002,unknown,You don't travel seven hundred miles just to see.,,,anger
train,Ses03F_script01_2,4,Ses03F_script01_2_F004,unknown,It's got that about it.,,,anger
train,Ses03F_script01_2,6,Ses03F_script01_2_F006,unknown,She's not Larry's girl. She knows that.,,,anger
train,Ses03F_script01_2,11,Ses03F_script01_2_F011,unknown,"She's faithful as a rock, don't you know. In my worst moments I can think of her-",,,sadness
train,Ses03F_script01_2,13,Ses03F_script01_2_F013,unknown,"Nobody in my house better ever dare-dare to challenge her faith. Maybe strangers, but not his father, not his brother.",,,anger
train,Ses03F_script01_2,15,Ses03F_script01_2_F015,unknown,"Don't, don't laugh at me, don't laugh at me.",,,anger
train,Ses03F_script01_2,16,Ses03F_script01_2_F016,unknown,"Look at it. Because why, when she came here and she slept in his room, the memorial broke into pieces. Look at it, look at it, Joe.",,,anger
train,Ses03F_script01_2,18,Ses03F_script01_2_F018,unknown,"No, you've got to believe.",,,sadness
train,Ses03F_script01_2,20,Ses03F_script01_2_F020,unknown,You got to keep believing.,,,sadness
train,Ses03F_script01_2,21,Ses03F_script01_2_F021,unknown,I can't help it.,,,sadness
train,Ses03F_script01_2,1,Ses03F_script01_2_M001,unknown,"Well, maybe, maybe he just wanted to see her.",,,neutral
train,Ses03F_script01_2,3,Ses03F_script01_2_M003,unknown,How do you know he's even thinking about it?,,,neutral
train,Ses03F_script01_2,4,Ses03F_script01_2_M004,unknown,"Well, so what?",,,neutral
train,Ses03F_script01_2,5,Ses03F_script01_2_M005,unknown,"Listen, kid-",,,frustrated
train,Ses03F_script01_2,6,Ses03F_script01_2_M006,unknown,You can't read her mind.,,,neutral
train,Ses03F_script01_2,7,Ses03F_script01_2_M007,unknown,How do you know why she's waited?,,,neutral
train,Ses03F_script01_2,8,Ses03F_script01_2_M008,unknown,"Look, it's a nice day. What are we arguing for?",,,neutral
train,Ses03F_script01_2,9,Ses03F_script01_2_M009,unknown,Calm yourself.,,,neutral
train,Ses03F_script01_2,10,Ses03F_script01_2_M010,unknown,Calm yourself.,,,frustrated
train,Ses03F_script01_2,11,Ses03F_script01_2_M011,unknown,All right. All right. Calm yourself.,,,anger
train,Ses03F_script01_2,12,Ses03F_script01_2_M012,unknown,Okay. Just calm yourself.,,,frustrated
train,Ses03F_script01_2,13,Ses03F_script01_2_M013,unknown,"Why me, above all?",,,anger
train,Ses03F_script01_2,14,Ses03F_script01_2_M014,unknown,Huh?,,,anger
train,Ses03F_script01_2,15,Ses03F_script01_2_M015,unknown,Why me above all?,,,anger
train,Ses03F_script01_2,16,Ses03F_script01_2_M016,unknown,"Look at you, you're shaking.",,,anger
train,Ses03F_script01_2,17,Ses03F_script01_2_M017,unknown,What have I got to hide?,,,anger
train,Ses03F_script01_2,18,Ses03F_script01_2_M018,unknown,"Huh? What the hell's the matter with you, Kate?",,,anger
train,Ses03F_script01_3,0,Ses03F_script01_3_F000,unknown,You're the only one I know that still loves his parents.,,,joy
train,Ses03F_script01_3,1,Ses03F_script01_3_F001,unknown,"No, it's all right. There's nothing wrong in that, you know.",,,joy
train,Ses03F_script01_3,2,Ses03F_script01_3_F002,unknown,It's really lovely here. The air is sweet.,,,joy
train,Ses03F_script01_3,3,Ses03F_script01_3_F003,unknown,No. I'm not sorry. It's-,,,sadness
train,Ses03F_script01_3,5,Ses03F_script01_3_F005,unknown,"Well, for one thing, your mother so much has told me to go. [LAUGHTER].",,,frustrated
train,Ses03F_script01_3,8,Ses03F_script01_3_F008,unknown,"Well, you've been embarrassed ever since I came.",,,sadness
train,Ses03F_script01_3,11,Ses03F_script01_3_F011,unknown,"Well, I mean,",,,joy
train,Ses03F_script01_3,12,Ses03F_script01_3_F012,unknown,"from her opinion, why else would I come here?",,,joy
train,Ses03F_script01_3,13,Ses03F_script01_3_F013,unknown,"Well, I guess that's why I came.",,,joy
train,Ses03F_script01_3,14,Ses03F_script01_3_F014,unknown,"I've been ready for a long, long time.",,,joy
train,Ses03F_script01_3,18,Ses03F_script01_3_F018,unknown,Every day since.,,,joy
train,Ses03F_script01_3,21,Ses03F_script01_3_F021,unknown,I don't know if I ever can forgive you for that. Why'd you wait so long? I sat in my room wondering if I was crazy for thinking about you.,,,joy
train,Ses03F_script01_3,23,Ses03F_script01_3_F023,unknown,"Like Larry's brother. Do it like you, Chris.",,,joy
train,Ses03F_script01_3,25,Ses03F_script01_3_F025,unknown,No. What is it? Is it your mother?,,,sadness
train,Ses03F_script01_3,26,Ses03F_script01_3_F026,unknown,"Well then tell me what's wrong. I mean, even in your letters there's something ashamed.",,,sadness
train,Ses03F_script01_3,27,Ses03F_script01_3_F027,unknown,You should tell me.,,,sadness
train,Ses03F_script01_3,28,Ses03F_script01_3_F028,unknown,"But, Chris, it wouldn't work like this.",,,sadness
train,Ses03F_script01_3,29,Ses03F_script01_3_F029,unknown,"Yeah, sure.",,,sadness
train,Ses03F_script01_3,30,Ses03F_script01_3_F030,unknown,How many?,,,sadness
train,Ses03F_script01_3,31,Ses03F_script01_3_F031,unknown,Geez.,,,sadness
train,Ses03F_script01_3,32,Ses03F_script01_3_F032,unknown,And you still feel that way?,,,sadness
train,Ses03F_script01_3,33,Ses03F_script01_3_F033,unknown,"Because you can't feel that way, never again, Chris. You hear me? Never. I mean, the money and me too.",,,sadness
train,Ses03F_script01_3,35,Ses03F_script01_3_F035,unknown,What am I going to do with a fortune?,,,joy
train,Ses03F_script01_3,0,Ses03F_script01_3_M000,unknown,"Yeah. I know. It went out of style, didn't it?",,,joy
train,Ses03F_script01_3,1,Ses03F_script01_3_M001,unknown,You're not sorry you came?,,,neutral
train,Ses03F_script01_3,3,Ses03F_script01_3_M003,unknown,Well-,,,neutral
train,Ses03F_script01_3,4,Ses03F_script01_3_M004,unknown,What?,,,neutral
train,Ses03F_script01_3,6,Ses03F_script01_3_M006,unknown,"Oh look, um, well, the thing is, I was planning on, planning on sort of sneaking up on you over a week or so, and they-they take it for granted we're all set.",,,joy
train,Ses03F_script01_3,9,Ses03F_script01_3_M009,unknown,"I, I guess that's why I asked you to come.",,,joy
train,Ses03F_script01_3,10,Ses03F_script01_3_M010,unknown,"Oh, Annie.",,,joy
train,Ses03F_script01_3,11,Ses03F_script01_3_M011,unknown,"Annie, I love you.",,,joy
train,Ses03F_script01_3,12,Ses03F_script01_3_M012,unknown,I love you a great deal.,,,joy
train,Ses03F_script01_3,13,Ses03F_script01_3_M013,unknown,I-I love you. I have no imagination. That's all I know how to tell it.,,,joy
train,Ses03F_script01_3,14,Ses03F_script01_3_M014,unknown,"I'm embarrassing you. I didn't want to tell you it here. I wanted to go somewhere that would be brand-new to each other. It feels wrong here, don't you? This yard and this chair.",,,joy
train,Ses03F_script01_3,15,Ses03F_script01_3_M015,unknown,I don't want to win you from anybody. I want you to be ready for me.,,,joy
train,Ses03F_script01_3,17,Ses03F_script01_3_M017,unknown,Why didn't you?,,,sur
train,Ses03F_script01_3,18,Ses03F_script01_3_M018,unknown,You felt something that far back?,,,joy
train,Ses03F_script01_3,19,Ses03F_script01_3_M019,unknown,Why didn't you let me know?,,,joy
train,Ses03F_script01_3,20,Ses03F_script01_3_M020,unknown,"Give me a kiss, Annie.",,,joy
train,Ses03F_script01_3,21,Ses03F_script01_3_M021,unknown,Give me-,,,joy
train,Ses03F_script01_3,23,Ses03F_script01_3_M023,unknown,We're going to live now. I'm going to make you so happy.,,,joy
train,Ses03F_script01_3,24,Ses03F_script01_3_M024,unknown,I kissed you.,,,joy
train,Ses03F_script01_3,25,Ses03F_script01_3_M025,unknown,Let's drive somewhere. I want to be alone with you.,,,sadness
train,Ses03F_script01_3,26,Ses03F_script01_3_M026,unknown,"No, no, no, no. Nothing like that.",,,neutral
train,Ses03F_script01_3,27,Ses03F_script01_3_M027,unknown,"Yeah. I guess there is. I guess I was, but uh- it's going from me now.",,,sadness
train,Ses03F_script01_3,28,Ses03F_script01_3_M028,unknown,I don't know where to start.,,,sadness
train,Ses03F_script01_3,29,Ses03F_script01_3_M029,unknown,You know when I went overseas. I said I was in command of a company.,,,sadness
train,Ses03F_script01_3,30,Ses03F_script01_3_M030,unknown,"Well, I lost them.",,,sadness
train,Ses03F_script01_3,31,Ses03F_script01_3_M031,unknown,Just about all.,,,sadness
train,Ses03F_script01_3,32,Ses03F_script01_3_M032,unknown,It takes a little while to toss that off. Because they weren't just men.,,,sadness
train,Ses03F_script01_3,33,Ses03F_script01_3_M033,unknown,"For instance, one time, it had to have been raining several days. There was this one kid, he came up to me and he gave me his last pair of dry socks. Put them in my pocket.",,,sadness
train,Ses03F_script01_3,34,Ses03F_script01_3_M034,unknown,"I mean, that's-that's only a little thing, but that's the kind of guys I had. They didn't just die. They killed themselves for each other. And I mean that exactly. A little more selfish and they'd still be here today.",,,sadness
train,Ses03F_script01_3,35,Ses03F_script01_3_M035,unknown,"And I, and I thought something watching them go down.",,,sadness
train,Ses03F_script01_3,36,Ses03F_script01_3_M036,unknown,"Everything was being destroyed, see, but there was one new thing that was being created. A kind of responsibility, man for man. You understand me?",,,sadness
train,Ses03F_script01_3,37,Ses03F_script01_3_M037,unknown,And to show that-to bring that onto the earth like some sort of monument standing right behind us where everyone could feel it and it would make a difference to him.,,,sadness
train,Ses03F_script01_3,38,Ses03F_script01_3_M038,unknown,And I came back here and it was incredible. There was no meaning in that here. The whole thing to them was a bus accident.,,,sadness
train,Ses03F_script01_3,39,Ses03F_script01_3_M039,unknown,And I went to work with dad and that rat race again. And I felt what you said-ashamed somehow. Because nobody was changed at all. It seemed to make a sucker out of a lot of guys.,,,sadness
train,Ses03F_script01_3,40,Ses03F_script01_3_M040,unknown,"And I felt wrong to be alive. To drive the car, to see the new checkbook, to see the new refrigerator. I mean, you can take those things out of the war. But you got to know that when you drive that car that that came out of the love a man can have for another man. And you got to be a little bit better because of that.",,,sadness
train,Ses03F_script01_3,41,Ses03F_script01_3_M041,unknown,"Otherwise, what you have here is loot; and there's blood on it.",,,sadness
train,Ses03F_script01_3,42,Ses03F_script01_3_M042,unknown,And I didn't want to take any of it.,,,sadness
train,Ses03F_script01_3,43,Ses03F_script01_3_M043,unknown,And I guess that included you.,,,sadness
train,Ses03F_script01_3,45,Ses03F_script01_3_M045,unknown,"Annie,",,,joy
train,Ses03F_script01_3,46,Ses03F_script01_3_M046,unknown,"Annie, I'm going to make a fortune for you.",,,joy
train,Ses03F_script02_1,0,Ses03F_script02_1_F000,unknown,Fine.,,,sadness
train,Ses03F_script02_1,3,Ses03F_script02_1_F003,unknown,"I don't understand why you're always saying oh, it's mine, it's mine. It's not like it's just your flashlight. I mean, how do you think that makes me feel?",,,anger
train,Ses03F_script02_1,10,Ses03F_script02_1_F010,unknown,Not particularly.,,,sadness
train,Ses03F_script02_1,11,Ses03F_script02_1_F011,unknown,I don't know. I just don't.,,,sadness
train,Ses03F_script02_1,12,Ses03F_script02_1_F012,unknown,Pass up what? A bunch of fish. They swim up to the beach and they flop around and they swim away and then they die.,,,anger
train,Ses03F_script02_1,13,Ses03F_script02_1_F013,unknown,"I don't know why you're getting so excited. I mean, it's not like the landing of the moon or something. It's just fish. Fish that nobody eats.",,,frustrated
train,Ses03F_script02_1,14,Ses03F_script02_1_F014,unknown,"Oh, God, Augie.",,,frustrated
train,Ses03F_script02_1,17,Ses03F_script02_1_F017,unknown,"Yes, and if you also remember, I got sand in my panties. We got into an argument about nothing. You got a sore throat and we never saw the grunions.",,,frustrated
train,Ses03F_script02_1,18,Ses03F_script02_1_F018,unknown,"No, for God's sakes, we've never seen the grunions. We're not going to see them.",,,frustrated
train,Ses03F_script02_1,0,Ses03F_script02_1_M000,unknown,"Hey, what time is it? They're supposed to run around midnight, right? God, this is great, isn't it?",,,excited
train,Ses03F_script02_1,1,Ses03F_script02_1_M001,unknown,Look at the night we got; couldn't be better.,,,excited
train,Ses03F_script02_1,2,Ses03F_script02_1_M002,unknown,"You know actually, I wanted to go a little further up the coast to get away from all the, the people and the lights, and uh- but I thought we'd miss it. Hey, how you doing?",,,excited
train,Ses03F_script02_1,3,Ses03F_script02_1_M003,unknown,"Oh, is that-is that-now, is that just foam, uhh, I can't even tell.",,,excited
train,Ses03F_script02_1,4,Ses03F_script02_1_M004,unknown,"Oh, though if I can't tell it probably isn't them, right? It probably would be unmistakable, wouldn't you think? Hey, how you doing?",,,excited
train,Ses03F_script02_1,5,Ses03F_script02_1_M005,unknown,"Oh, do you know what I forgot? I forgot my flashlight. How could I be so stupid. Oh, I-I should have brought my flashlight.",,,excited
train,Ses03F_script02_1,6,Ses03F_script02_1_M006,unknown,"Uh- you know, the flashlight. The silver one. There's only one, isn't there?",,,excited
train,Ses03F_script02_1,9,Ses03F_script02_1_M009,unknown,We should have brought our flashlight. I can't believe we forgot to bring it.,,,excited
train,Ses03F_script02_1,10,Ses03F_script02_1_M010,unknown,I hope the moon stays out.,,,excited
train,Ses03F_script02_1,11,Ses03F_script02_1_M011,unknown,"Hey, do they always run during a full moon? I can't remember if it was full last year. Do you remember?",,,excited
train,Ses03F_script02_1,13,Ses03F_script02_1_M013,unknown,"We should have brought the blanket. Oh, why didn't we bring the blanket? Our blanket.",,,excited
train,Ses03F_script02_1,14,Ses03F_script02_1_M014,unknown,"You know what would be good right now? A six-pack. Ah, I can't believe I forgot a six-pack. A six-pack would be just the ticket right about now.",,,excited
train,Ses03F_script02_1,15,Ses03F_script02_1_M015,unknown,I'm so stupid. I'm like a little kid. I-it's amazing I get out of the house with my fly zipped. Oh- [LAUGHTER].,,,excited
train,Ses03F_script02_1,16,Ses03F_script02_1_M016,unknown,I wonder if they can hear us talk. Or hear the vibrations in the sand when we move.,,,excited
train,Ses03F_script02_1,17,Ses03F_script02_1_M017,unknown,Do you want my jacket?,,,neutral
train,Ses03F_script02_1,18,Ses03F_script02_1_M018,unknown,What? Are you kidding me? We just got here. We'd miss it. What's the point of coming down there if we just turn around and go home?,,,sur
train,Ses03F_script02_1,19,Ses03F_script02_1_M019,unknown,Right.,,,neutral
train,Ses03F_script02_1,20,Ses03F_script02_1_M020,unknown,"Yeah, that's my point too.",,,neutral
train,Ses03F_script02_1,21,Ses03F_script02_1_M021,unknown,"No. No, no, no, that's not my point. My point is there's no point in coming down here if we just turn around and leave.",,,excited
train,Ses03F_script02_1,22,Ses03F_script02_1_M022,unknown,"I mean, don't you want to see it?",,,neutral
train,Ses03F_script02_1,23,Ses03F_script02_1_M023,unknown,Why not?,,,neutral
train,Ses03F_script02_1,30,Ses03F_script02_1_M030,unknown,For real?,,,sur
train,Ses03F_script02_1,34,Ses03F_script02_1_M034,unknown,"We just weren't in a good spot, all right? This is a much better spot. I have a good instinct for these things. Look, is that-",,,frustrated
train,Ses03F_script02_1,36,Ses03F_script02_1_M036,unknown,"I wouldn't miss this for anything. I mean, think about this. Okay, I know you're not interested, but just think about this for a minute.",,,excited
train,Ses03F_script02_1,38,Ses03F_script02_1_M038,unknown,"And they all, all as one, turned as one and formed this line as big as the California coast and started swimming this way. Swimming as if that's the only thing that matters.",,,excited
train,Ses03F_script02_1,39,Ses03F_script02_1_M039,unknown,"You know, they didn't ask it a question. They didn't, they didn't take a vote. They didn't have an invitation or a map; they just started swimming as one.",,,excited
train,Ses03F_script02_1,40,Ses03F_script02_1_M040,unknown,"its single-mindedness with one mind. Urgency that's pure urge. You know, they don't give it a name.",,,excited
train,Ses03F_script02_1,41,Ses03F_script02_1_M041,unknown,"They don't ask it a question. They just, they just, they don't know what drives them. They just turn as one and start the swim that brings them to here",,,excited
train,Ses03F_script02_1,42,Ses03F_script02_1_M042,unknown,"where we stand for a massive celebration of sex and death. Oh, God, I'm giving myself goosebumps. Look, I'm all-all my hairs on my arms is sticking up.",,,excited
train,Ses03F_script02_1,44,Ses03F_script02_1_M044,unknown,About what I just said.,,,neutral
train,Ses03F_script02_2,0,Ses03F_script02_2_F000,unknown,About what?,,,neutral
train,Ses03F_script02_2,5,Ses03F_script02_2_F005,unknown,"Augie, Goddamn it, don't ask me that. You always ask me that. Why do you ask me that? I hate it. It's insulting.",,,anger
train,Ses03F_script02_2,6,Ses03F_script02_2_F006,unknown,"Look, it's-we just-we're looking at this evening in a different way, both of us. We both have different ideas of it.",,,frustrated
train,Ses03F_script02_2,8,Ses03F_script02_2_F008,unknown,"Look, Augie, we've never seen them. They're never going to come.",,,frustrated
train,Ses03F_script02_2,12,Ses03F_script02_2_F012,unknown,Like I feel like my whole life I've been just standing on this beach with my hands clasped waiting for these fish to show up and these fish never show up.,,,anger
train,Ses03F_script02_2,13,Ses03F_script02_2_F013,unknown,I do.,,,frustrated
train,Ses03F_script02_2,14,Ses03F_script02_2_F014,unknown,"Look, I did. I always do. But it's like every time I try nothing ever happens.",,,frustrated
train,Ses03F_script02_2,15,Ses03F_script02_2_F015,unknown,"For God's sake, Augie, this is not about fish.",,,frustrated
train,Ses03F_script02_2,16,Ses03F_script02_2_F016,unknown,Do you remember the last time we came here?,,,sadness
train,Ses03F_script02_2,17,Ses03F_script02_2_F017,unknown,We thought I was pregnant.,,,sadness
train,Ses03F_script02_2,18,Ses03F_script02_2_F018,unknown,You brought a bottle of champagne.,,,sadness
train,Ses03F_script02_2,19,Ses03F_script02_2_F019,unknown,We took off our shoes and we danced barefoot in the sand. Under the moon.,,,joy
train,Ses03F_script02_2,20,Ses03F_script02_2_F020,unknown,And you whispered so intimately in my ear so I could feel your words.,,,joy
train,Ses03F_script02_2,21,Ses03F_script02_2_F021,unknown,"Oh, that moment-that was it.",,,joy
train,Ses03F_script02_2,22,Ses03F_script02_2_F022,unknown,"I told myself finally, this is how happy I'm supposed to be.",,,sadness
train,Ses03F_script02_2,23,Ses03F_script02_2_F023,unknown,Dancing barefoot in the sand. Drinking out of a bottle of champagne.,,,joy
train,Ses03F_script02_2,24,Ses03F_script02_2_F024,unknown,I don't want to remember something.,,,sadness
train,Ses03F_script02_2,25,Ses03F_script02_2_F025,unknown,Hope for some things.,,,sadness
train,Ses03F_script02_2,26,Ses03F_script02_2_F026,unknown,No.,,,sadness
train,Ses03F_script02_2,27,Ses03F_script02_2_F027,unknown,No.,,,sadness
train,Ses03F_script02_2,28,Ses03F_script02_2_F028,unknown,"No, no.",,,sadness
train,Ses03F_script02_2,29,Ses03F_script02_2_F029,unknown,No.,,,frustrated
train,Ses03F_script02_2,30,Ses03F_script02_2_F030,unknown,No.,,,frustrated
train,Ses03F_script02_2,31,Ses03F_script02_2_F031,unknown,No.,,,anger
train,Ses03F_script02_2,32,Ses03F_script02_2_F032,unknown,No.,,,frustrated
train,Ses03F_script02_2,33,Ses03F_script02_2_F033,unknown,I want things to turn out the way that they're supposed to be.,,,frustrated
train,Ses03F_script02_2,34,Ses03F_script02_2_F034,unknown,This what? What is this? This is nothing.,,,frustrated
train,Ses03F_script02_2,35,Ses03F_script02_2_F035,unknown,"No, it's not. It's standing on the beach waiting and fighting.",,,anger
train,Ses03F_script02_2,36,Ses03F_script02_2_F036,unknown,Things have never turned out anything the way that I thought they would be.,,,sadness
train,Ses03F_script02_2,38,Ses03F_script02_2_F038,unknown,it's not something else. Do you know what I'm trying to say?,,,sadness
train,Ses03F_script02_2,39,Ses03F_script02_2_F039,unknown,"I know you are, Augie, and I know you wanted this evening to be nice, but I can't help thinking of being somewhere else.",,,sadness
train,Ses03F_script02_2,40,Ses03F_script02_2_F040,unknown,I didn't say that.,,,sadness
train,Ses03F_script02_2,41,Ses03F_script02_2_F041,unknown,"Augie, anything I do I'd rather be doing with you.",,,frustrated
train,Ses03F_script02_2,42,Ses03F_script02_2_F042,unknown,"God, don't you know that? I mean, you're the one that probably wants to be with somebody else. Somebody that didn't take herself so seriously, could enjoy herself more.",,,frustrated
train,Ses03F_script02_2,43,Ses03F_script02_2_F043,unknown,"Well, I guess we're just in the wrong spart-spot with the right person.",,,joy
train,Ses03F_script02_2,44,Ses03F_script02_2_F044,unknown,I noticed that. It's beautiful.,,,joy
train,Ses03F_script02_2,45,Ses03F_script02_2_F045,unknown,You can see right over the water.,,,joy
train,Ses03F_script02_2,48,Ses03F_script02_2_F048,unknown,At least we won't need glasses.,,,joy
train,Ses03F_script02_2,50,Ses03F_script02_2_F050,unknown,Maybe this is the right place after all.,,,joy
train,Ses03F_script02_2,51,Ses03F_script02_2_F051,unknown,"I'm sorry, Augie.",,,sadness
train,Ses03F_script02_2,1,Ses03F_script02_2_M001,unknown,About what I was just saying.,,,neutral
train,Ses03F_script02_2,2,Ses03F_script02_2_M002,unknown,It certainly is not. It is slightly exaggerated scientific fact.,,,frustrated
train,Ses03F_script02_2,3,Ses03F_script02_2_M003,unknown,"Well, I'm not the only one. Look at all these people.",,,frustrated
train,Ses03F_script02_2,4,Ses03F_script02_2_M004,unknown,Are we talking about the same thing?,,,frustrated
train,Ses03F_script02_2,5,Ses03F_script02_2_M005,unknown,"Carla, can I ask you something? Don't take this wrong, but are you having your period?",,,neutral
train,Ses03F_script02_2,6,Ses03F_script02_2_M006,unknown,"Okay, then what's bugging you?",,,frustrated
train,Ses03F_script02_2,7,Ses03F_script02_2_M007,unknown,"There's nothing to it, alright? We come down here, the grunion arrive, they do their little fish business, we go ooh, ah, look at the fish, and then they go home and we go home.",,,frustrated
train,Ses03F_script02_2,8,Ses03F_script02_2_M008,unknown,We're not seeing the grunions?,,,neutral
train,Ses03F_script02_2,9,Ses03F_script02_2_M009,unknown,We missed them twice. That's not ever.,,,frustrated
train,Ses03F_script02_2,10,Ses03F_script02_2_M010,unknown,We'll see them this time.,,,frustrated
train,Ses03F_script02_2,11,Ses03F_script02_2_M011,unknown,"God, I thought you wanted to see it.",,,frustrated
train,Ses03F_script02_2,12,Ses03F_script02_2_M012,unknown,It's just fish. Nothing to get traumatized over.,,,frustrated
train,Ses03F_script02_2,13,Ses03F_script02_2_M013,unknown,"I've been turning this thing over in my head trying to figure out when the point was when we took a turn for the worse, and I can't seem to pinpoint it.",,,frustrated
train,Ses03F_script02_2,14,Ses03F_script02_2_M014,unknown,"You were fine during the phone call from Marge. Dinner was okay. Doing the dishes was no problem. Let's see. I took a shower. You were watching the news. You said Augie, I think the grunion are running. I said great, let's go. I feel lucky tonight.",,,frustrated
train,Ses03F_script02_2,15,Ses03F_script02_2_M015,unknown,"And so I'm getting the animals, putting the animals out in the yard. I'm putting on my jacket, getting the car out of the garage-",,,frustrated
train,Ses03F_script02_2,16,Ses03F_script02_2_M016,unknown,Wait a minute. I got it.,,,neutral
train,Ses03F_script02_2,22,Ses03F_script02_2_M022,unknown,What? What? Do you want me to breathe in your ear?,,,frustrated
train,Ses03F_script02_2,23,Ses03F_script02_2_M023,unknown,Do you want to get married again? What? What? Do you want to get a divorce?,,,frustrated
train,Ses03F_script02_2,24,Ses03F_script02_2_M024,unknown,A vacation?,,,frustrated
train,Ses03F_script02_2,25,Ses03F_script02_2_M025,unknown,A new carpet? A poodle?,,,frustrated
train,Ses03F_script02_2,26,Ses03F_script02_2_M026,unknown,"A-a back rub, some ice cream, a suicide pact. What the hell do you want, Carla?",,,anger
train,Ses03F_script02_2,27,Ses03F_script02_2_M027,unknown,"Jesus, welcome to the human race.",,,frustrated
train,Ses03F_script02_2,29,Ses03F_script02_2_M029,unknown,"No, I was just like you. I thought it was going to be all peaches and roses and everything great. And the wind in our hair and the sand in our toes, and the fish will always come and the bills will pay themselves, and we'll have three big fat rosy kids. And oh God.",,,frustrated
train,Ses03F_script02_2,30,Ses03F_script02_2_M030,unknown,"You know what you get? The jokes on us, baby. Because do you know what you get? Huh? Carla? Do you know what you get? You get this.",,,frustrated
train,Ses03F_script02_2,31,Ses03F_script02_2_M031,unknown,"Yes, it is.",,,frustrated
train,Ses03F_script02_2,32,Ses03F_script02_2_M032,unknown,Right.,,,frustrated
train,Ses03F_script02_2,33,Ses03F_script02_2_M033,unknown,"No, I know. Me neither.",,,frustrated
train,Ses03F_script02_2,34,Ses03F_script02_2_M034,unknown,"Well, I'm doing the best I can.",,,frustrated
train,Ses03F_script02_2,35,Ses03F_script02_2_M035,unknown,"Yeah, maybe if you were with someone else too.",,,frustrated
train,Ses03F_script02_2,37,Ses03F_script02_2_M037,unknown,Yeah?,,,sur
train,Ses03F_script02_2,38,Ses03F_script02_2_M038,unknown,"Actually now that you mention it, no, I don't.",,,joy
train,Ses03F_script02_2,39,Ses03F_script02_2_M039,unknown,"Seemed like a pretty good spot to me. I mean, look at the view of the moon we've got from here.",,,joy
train,Ses03F_script02_2,40,Ses03F_script02_2_M040,unknown,Look what we got here.,,,joy
train,Ses03F_script02_2,41,Ses03F_script02_2_M041,unknown,It's not champagne.,,,joy
train,Ses03F_script02_2,42,Ses03F_script02_2_M042,unknown,Are you still cold? Do you want to go home?,,,neutral
train,Ses03F_script02_2,43,Ses03F_script02_2_M043,unknown,Shh.,,,neutral
train,Ses03F_script02_2,44,Ses03F_script02_2_M044,unknown,If we're very quiet the fish might come.,,,joy
train,Ses03F_script02_2,45,Ses03F_script02_2_M045,unknown,Or not.,,,joy
train,Ses03F_script03_1,0,Ses03F_script03_1_F000,unknown,[BREATHING],,,neutral
train,Ses03F_script03_1,1,Ses03F_script03_1_F001,unknown,Do you think it's them?,,,neutral
train,Ses03F_script03_1,2,Ses03F_script03_1_F002,unknown,"I mean, nobody knows we're here except for Freda and she wouldn't ring up.",,,fea
train,Ses03F_script03_1,3,Ses03F_script03_1_F003,unknown,What are we to do?,,,fea
train,Ses03F_script03_1,9,Ses03F_script03_1_F009,unknown,Don't laugh at me. I'm serious.,,,excited
train,Ses03F_script03_1,14,Ses03F_script03_1_F014,unknown,"Oh dear, well, shall we want that?",,,sadness
train,Ses03F_script03_1,15,Ses03F_script03_1_F015,unknown,"Well, what if happens if one of us is to die? Does the one that's left still laugh?",,,sadness
train,Ses03F_script03_1,19,Ses03F_script03_1_F019,unknown,"Thank you, dear. The same applies to you. Except that if I ever so much as catch you looking at another woman I'll kill you.",,,excited
train,Ses03F_script03_1,21,Ses03F_script03_1_F021,unknown,Oh Charles. That was his name. Charles. He did wiggle so beautifully.,,,joy
train,Ses03F_script03_1,25,Ses03F_script03_1_F025,unknown,yeah. And that was the first time you ever hit me.,,,joy
train,Ses03F_script03_1,26,Ses03F_script03_1_F026,unknown,The manager came in and found us rolling on the floor and biting and scratching like panthers. [LAUGHTER],,,joy
train,Ses03F_script03_1,27,Ses03F_script03_1_F027,unknown,I know. Oh man. Couldn't believe it.,,,excited
train,Ses03F_script03_1,4,Ses03F_script03_1_M004,unknown,"We're all right, aren't we darling? Whatever happens.",,,neutral
train,Ses03F_script03_1,5,Ses03F_script03_1_M005,unknown,Then I don't care.,,,neutral
train,Ses03F_script03_1,7,Ses03F_script03_1_M007,unknown,"things that should matter dreadfully don't seem to matter at all when one's happy, do they?",,,excited
train,Ses03F_script03_1,11,Ses03F_script03_1_M011,unknown,"[LAUGHTER]. You mustn't be serious, my dear one, that's what they want.",,,excited
train,Ses03F_script03_1,13,Ses03F_script03_1_M013,unknown,"Ooh, certainly you must. We're figures of fun, all right.",,,excited
train,Ses03F_script03_1,20,Ses03F_script03_1_M020,unknown,"Let's blow strumpets, blow-blow trumpets and squeakers and party as much as we can like small quite idiotic school children. Let's savor the delight of the moment. Come, kiss me darling, before worms pop in and out of your eye sockets.",,,excited
train,Ses03F_script03_1,22,Ses03F_script03_1_M022,unknown,Remember that awful scene we had in Venice?,,,excited
train,Ses03F_script03_1,27,Ses03F_script03_1_M027,unknown,"That was a rouser, wasn't it?",,,excited
train,Ses03F_script03_2,4,Ses03F_script03_2_F004,unknown,"Just a little perhaps, but it was nothing serious.",,,neutral
train,Ses03F_script03_2,8,Ses03F_script03_2_F008,unknown,"Well, it's true.",,,neutral
train,Ses03F_script03_2,13,Ses03F_script03_2_F013,unknown,It's become a habit with you.,,,neutral
train,Ses03F_script03_2,14,Ses03F_script03_2_F014,unknown,Don't be so stupid.,,,anger
train,Ses03F_script03_2,15,Ses03F_script03_2_F015,unknown,What?,,,anger
train,Ses03F_script03_2,17,Ses03F_script03_2_F017,unknown,"It's a woman's job to allure the man. Watch me, won't you, a minute?",,,neutral
train,Ses03F_script03_2,18,Ses03F_script03_2_F018,unknown,"No, it isn't.",,,anger
train,Ses03F_script03_2,21,Ses03F_script03_2_F021,unknown,"Adders don't snap, they sting.",,,frustrated
train,Ses03F_script03_2,22,Ses03F_script03_2_F022,unknown,They sting.,,,frustrated
train,Ses03F_script03_2,23,Ses03F_script03_2_F023,unknown,"I don't care. I don't care, do you understand? I don't care if they bark, if they roll over on the floor like hoops.",,,anger
train,Ses03F_script03_2,25,Ses03F_script03_2_F025,unknown,Mind your business.,,,frustrated
train,Ses03F_script03_2,26,Ses03F_script03_2_F026,unknown,You are quite insufferable. I suppose it's because you're drunk.,,,anger
train,Ses03F_script03_2,27,Ses03F_script03_2_F027,unknown,You've always had a weak head.,,,frustrated
train,Ses03F_script03_2,29,Ses03F_script03_2_F029,unknown,Do shut up. Shut up.,,,frustrated
train,Ses03F_script03_2,30,Ses03F_script03_2_F030,unknown,I don't want to talk about this anymore.,,,frustrated
train,Ses03F_script03_2,35,Ses03F_script03_2_F035,unknown,Turn it on.,,,anger
train,Ses03F_script03_2,37,Ses03F_script03_2_F037,unknown,I will not. Go away. Go away. I hate you.,,,anger
train,Ses03F_script03_2,38,Ses03F_script03_2_F038,unknown,"Listen, indeed. No, no, no, no. I am sick and tired of listening to you, you sadistic bully.",,,anger
train,Ses03F_script03_2,39,Ses03F_script03_2_F039,unknown,"Stop it, stop it, I hate you, I loath you, you are overbearing and conceited and utterly impossible.",,,anger
train,Ses03F_script03_2,40,Ses03F_script03_2_F040,unknown,This is the end. Do you hear? The end. Now and forever.,,,anger
train,Ses03F_script03_2,41,Ses03F_script03_2_F041,unknown,"Oh, yes I am.",,,anger
train,Ses03F_script03_2,42,Ses03F_script03_2_F042,unknown,"Yes I am. Let go of me. I hate you and I loath you. God, I can't believe I just finally realized how you are. I am never marry you. Never. Never, never, never. I would rather die in torment.",,,anger
train,Ses03F_script03_2,43,Ses03F_script03_2_F043,unknown,"Beast or brute cad, swine beast beast brute.",,,anger
train,Ses03F_script03_2,0,Ses03F_script03_2_M000,unknown,"As a matter of fact, the real cause of that row was Peter Burden.",,,anger
train,Ses03F_script03_2,1,Ses03F_script03_2_M001,unknown,I knew nothing of the sort. You took presents from him.,,,anger
train,Ses03F_script03_2,2,Ses03F_script03_2_M002,unknown,I remember it well. Bristling with diamonds. In the worst possible taste.,,,anger
train,Ses03F_script03_2,5,Ses03F_script03_2_M005,unknown,You let him kiss you. You said so.,,,anger
train,Ses03F_script03_2,7,Ses03F_script03_2_M007,unknown,What about me?,,,anger
train,Ses03F_script03_2,8,Ses03F_script03_2_M008,unknown,"That's a nice point of view, I must say.",,,anger
train,Ses03F_script03_2,9,Ses03F_script03_2_M009,unknown,Are you bored with this conversation?,,,neutral
train,Ses03F_script03_2,10,Ses03F_script03_2_M010,unknown,So am I. Bored stiff. Want some brandy?,,,neutral
train,Ses03F_script03_2,11,Ses03F_script03_2_M011,unknown,"I'll have a little, I think.",,,neutral
train,Ses03F_script03_2,12,Ses03F_script03_2_M012,unknown,"No particular reason. Anyhow, they were very small ones.",,,neutral
train,Ses03F_script03_2,14,Ses03F_script03_2_M014,unknown,You needn't be so grand just because you don't happen to want some yourself at the moment.,,,anger
train,Ses03F_script03_2,15,Ses03F_script03_2_M015,unknown,"Really, Amanda.",,,anger
train,Ses03F_script03_2,16,Ses03F_script03_2_M016,unknown,Nothing.,,,anger
train,Ses03F_script03_2,17,Ses03F_script03_2_M017,unknown,"Going somewhere, dear?",,,anger
train,Ses03F_script03_2,20,Ses03F_script03_2_M020,unknown,"Yes, it is.",,,anger
train,Ses03F_script03_2,24,Ses03F_script03_2_M024,unknown,They snap.,,,anger
train,Ses03F_script03_2,26,Ses03F_script03_2_M026,unknown,did you see much of Peter Burden after our divorce?,,,anger
train,Ses03F_script03_2,27,Ses03F_script03_2_M027,unknown,"I imagine that you let him kiss you quite a bit more then, didn't you?",,,anger
train,Ses03F_script03_2,28,Ses03F_script03_2_M028,unknown,You had a riotous-must have had a riotous time. No restraint at all. Very enjoyable. You never had much anyhow.,,,anger
train,Ses03F_script03_2,29,Ses03F_script03_2_M029,unknown,I'm not in the least bit drunk.,,,anger
train,Ses03F_script03_2,30,Ses03F_script03_2_M030,unknown,"Okay. As I mentioned before, I said I had three very minute liquor glasses. That's hardly enough to get a child of two drunk.",,,anger
train,Ses03F_script03_2,34,Ses03F_script03_2_M034,unknown,"Well, I suppose the people downstairs then.",,,anger
train,Ses03F_script03_2,35,Ses03F_script03_2_M035,unknown,This is no time of the year for Tunis.,,,neutral
train,Ses03F_script03_2,38,Ses03F_script03_2_M038,unknown,Turn it off.,,,anger
train,Ses03F_script03_2,39,Ses03F_script03_2_M039,unknown,"Oh, very amusing, indeed. Amanda, listen-",,,anger
train,Ses03F_script03_2,40,Ses03F_script03_2_M040,unknown,Very amusing indeed.,,,anger
train,Ses03F_script03_2,41,Ses03F_script03_2_M041,unknown,"You know, you're a vile, ill-tempered, wicked little beast and I hope that I never see you again as long as I live.",,,anger
train,Ses03F_script03_2,42,Ses03F_script03_2_M042,unknown,"No, you're not going out like this. No you're not.",,,anger
train,Ses03F_script03_2,43,Ses03F_script03_2_M043,unknown,"Oh, shut up. Shut up. Shut up.",,,anger
train,Ses03F_script03_2,44,Ses03F_script03_2_M044,unknown,"I wouldn't marry you again if you came back crawling to me on your hands and knees because you're vile. You're a mean, evil-minded little vampire and I hope to God I never set eyes on you again.",,,anger
train,Ses03M_impro01,0,Ses03M_impro01_F000,unknown,Is that a demand sir?,,,neutral
train,Ses03M_impro01,2,Ses03M_impro01_F002,unknown,"Sir, you completely filled this out wrong.",,,frustrated
train,Ses03M_impro01,3,Ses03M_impro01_F003,unknown,No.  You filled out the back part.  You were supposed to fill out the front portion only.,,,neutral
train,Ses03M_impro01,4,Ses03M_impro01_F004,unknown,"No, no, no, no, no.  You're going to have to go back over on the other side-- --second door, up the stairs...",,,frustrated
train,Ses03M_impro01,5,Ses03M_impro01_F005,unknown,No I can't just transfer it myself sir.  You got to do this.  Everyone else is doing the same thing.,,,frustrated
train,Ses03M_impro01,6,Ses03M_impro01_F006,unknown,Excuse me sir?,,,frustrated
train,Ses03M_impro01,7,Ses03M_impro01_F007,unknown,I think you're being a little condescending.,,,frustrated
train,Ses03M_impro01,8,Ses03M_impro01_F008,unknown,You need to go back over there and fill it out again.,,,frustrated
train,Ses03M_impro01,9,Ses03M_impro01_F009,unknown,"No, no, no, because there are other people in line.  You have to go get a complete new application.",,,frustrated
train,Ses03M_impro01,12,Ses03M_impro01_F012,unknown,"You will get your license, sir, you have to go fill out-- --another copy...excuse me?",,,frustrated
train,Ses03M_impro01,16,Ses03M_impro01_F016,unknown,Well not from this department you won't.,,,frustrated
train,Ses03M_impro01,17,Ses03M_impro01_F017,unknown,Sir-,,,frustrated
train,Ses03M_impro01,18,Ses03M_impro01_F018,unknown,Sir?  I'm going to ask you one more time and then I'm going to call my supervisor,,,frustrated
train,Ses03M_impro01,19,Ses03M_impro01_F019,unknown,who will proceed to call-- security if you can't remove yourself--,,,frustrated
train,Ses03M_impro01,20,Ses03M_impro01_F020,unknown,Really?,,,frustrated
train,Ses03M_impro01,21,Ses03M_impro01_F021,unknown,"She's not actually in the building.  She's only on the phone. Sir, please leave this line immediately.",,,frustrated
train,Ses03M_impro01,22,Ses03M_impro01_F022,unknown,Okay.  I'm going to call security. Security!,,,anger
train,Ses03M_impro01,24,Ses03M_impro01_F024,unknown,"No, You cannot get your license.  You filled out the wrong part of the form.",,,frustrated
train,Ses03M_impro01,25,Ses03M_impro01_F025,unknown,"This entire time you're fighting with me sir, you could've finished the form and already been half way-- No.  Get out.",,,anger
train,Ses03M_impro01,0,Ses03M_impro01_M000,unknown,"Hey listen here missy, I've been in this line for an hour and now I'm finally here.  So you're going to take my application.",,,frustrated
train,Ses03M_impro01,1,Ses03M_impro01_M001,unknown,It's not a demand it's a request.  Will you just take it?  Come on.,,,frustrated
train,Ses03M_impro01,4,Ses03M_impro01_M004,unknown,What are you talking about?  It says fill out that part.,,,anger
train,Ses03M_impro01,5,Ses03M_impro01_M005,unknown,Okay.,,,frustrated
train,Ses03M_impro01,6,Ses03M_impro01_M006,unknown,Oh my God. Can you just transfer it yourself?,,,frustrated
train,Ses03M_impro01,7,Ses03M_impro01_M007,unknown,You don't know! you can't write?  You don't know how to write?,,,frustrated
train,Ses03M_impro01,8,Ses03M_impro01_M008,unknown,What's wrong with you people?  God.,,,frustrated
train,Ses03M_impro01,9,Ses03M_impro01_M009,unknown,The information is on there.  Here I'll just fill it out right here.,,,frustrated
train,Ses03M_impro01,10,Ses03M_impro01_M010,unknown,"This will take like a minute, okay? Jesus.",,,frustrated
train,Ses03M_impro01,11,Ses03M_impro01_M011,unknown,I'm not going anywhere.  I'm staying right here.,,,anger
train,Ses03M_impro01,12,Ses03M_impro01_M012,unknown,"Hey,uh-- Well that's too bad cause I'm getting my license right now.",,,anger
train,Ses03M_impro01,13,Ses03M_impro01_M013,unknown,Give me my--,,,frustrated
train,Ses03M_impro01,14,Ses03M_impro01_M014,unknown,"Hey, no, give me that back.",,,anger
train,Ses03M_impro01,15,Ses03M_impro01_M015,unknown,-- No.  I'm not waiting...I'm not coming back again.  I don't have time to come back five days.,,,anger
train,Ses03M_impro01,16,Ses03M_impro01_M016,unknown,I'll have a license.,,,frustrated
train,Ses03M_impro01,17,Ses03M_impro01_M017,unknown,Yes I will.  I'll have this [GARBAGE],,,anger
train,Ses03M_impro01,18,Ses03M_impro01_M018,unknown,just as I want.  Ugh.,,,frustrated
train,Ses03M_impro01,19,Ses03M_impro01_M019,unknown,Fine.  Call your supervisor.  Ask supervisor over,,,anger
train,Ses03M_impro01,20,Ses03M_impro01_M020,unknown,and I'll tell her how you've been behaving.,,,frustrated
train,Ses03M_impro01,21,Ses03M_impro01_M021,unknown,How would you like that hmm?,,,frustrated
train,Ses03M_impro01,22,Ses03M_impro01_M022,unknown,"Oh, okay.  Wow.",,,frustrated
train,Ses03M_impro01,23,Ses03M_impro01_M023,unknown,No.  I'm not going anywhere.  I'm staying here-- I am filling out right now okay just calm down. I'm filling out right now-- Just take the god damn piece of paper.,,,anger
train,Ses03M_impro01,26,Ses03M_impro01_M026,unknown,I'm sorry she's--these people they just want to get their license--,,,frustrated
train,Ses03M_impro01,28,Ses03M_impro01_M028,unknown,I did finish one.  Take it.,,,anger
train,Ses03M_impro01,29,Ses03M_impro01_M029,unknown,What is wrong with you?,,,anger
train,Ses03M_impro02,0,Ses03M_impro02_F000,unknown,Um.,,,joy
train,Ses03M_impro02,3,Ses03M_impro02_F003,unknown,Why the sad face?,,,joy
train,Ses03M_impro02,4,Ses03M_impro02_F004,unknown,Where?  Who?  What are you talking about?,,,sur
train,Ses03M_impro02,5,Ses03M_impro02_F005,unknown,Next week?,,,sur
train,Ses03M_impro02,9,Ses03M_impro02_F009,unknown,Honey--,,,frustrated
train,Ses03M_impro02,10,Ses03M_impro02_F010,unknown,You can't.  We need you.  I need you.,,,frustrated
train,Ses03M_impro02,11,Ses03M_impro02_F011,unknown,I don't care about the money.,,,frustrated
train,Ses03M_impro02,13,Ses03M_impro02_F013,unknown,Do this whole thing by myself?,,,sadness
train,Ses03M_impro02,14,Ses03M_impro02_F014,unknown,Carry her for nine months and then yes.,,,sadness
train,Ses03M_impro02,15,Ses03M_impro02_F015,unknown,It's not the same thing.  It's not like having you here.,,,sadness
train,Ses03M_impro02,16,Ses03M_impro02_F016,unknown,I can't do this.,,,sadness
train,Ses03M_impro02,17,Ses03M_impro02_F017,unknown,I'm sick of being strong-- --for us.,,,sadness
train,Ses03M_impro02,18,Ses03M_impro02_F018,unknown,You can say no?,,,frustrated
train,Ses03M_impro02,19,Ses03M_impro02_F019,unknown,You could.  You really could.  You could-- --get into another line of work.  I could start working after Anna's born?,,,frustrated
train,Ses03M_impro02,20,Ses03M_impro02_F020,unknown,I know.,,,frustrated
train,Ses03M_impro02,22,Ses03M_impro02_F022,unknown,"and watch our child grow, see her take her first steps, her first words.",,,sadness
train,Ses03M_impro02,23,Ses03M_impro02_F023,unknown,You said two years.,,,sadness
train,Ses03M_impro02,24,Ses03M_impro02_F024,unknown,A whole year? --We're not talking about like a couple months here.  I mean this is a whole year.,,,sadness
train,Ses03M_impro02,25,Ses03M_impro02_F025,unknown,What could happen in a year?,,,sadness
train,Ses03M_impro02,26,Ses03M_impro02_F026,unknown,And this isn't the first time you know?  I mean you always...sending you off to different places and...,,,sadness
train,Ses03M_impro02,27,Ses03M_impro02_F027,unknown,I don't know if that's how I want to live my life.,,,sadness
train,Ses03M_impro02,28,Ses03M_impro02_F028,unknown,"Joe I'm serious I don't want to have to have a little girl to tell...asking every day where's daddy, where's daddy and have to tell her that he's away--",,,sadness
train,Ses03M_impro02,29,Ses03M_impro02_F029,unknown,far away and he won't be here.,,,sadness
train,Ses03M_impro02,30,Ses03M_impro02_F030,unknown,I'm done.  I can't honey.,,,sadness
train,Ses03M_impro02,31,Ses03M_impro02_F031,unknown,It's over.,,,sadness
train,Ses03M_impro02,32,Ses03M_impro02_F032,unknown,Honey I can't do it anymore.,,,sadness
train,Ses03M_impro02,33,Ses03M_impro02_F033,unknown,I need you here.  Anna needs you.,,,sadness
train,Ses03M_impro02,34,Ses03M_impro02_F034,unknown,yeah.,,,sadness
train,Ses03M_impro02,35,Ses03M_impro02_F035,unknown,"Priorities honey, priorities.",,,frustrated
train,Ses03M_impro02,36,Ses03M_impro02_F036,unknown,You're smart.  You could go back to school--,,,frustrated
train,Ses03M_impro02,37,Ses03M_impro02_F037,unknown,finish your Master's that you were started never finished.,,,frustrated
train,Ses03M_impro02,0,Ses03M_impro02_M000,unknown,Hey sweetie.,,,sadness
train,Ses03M_impro02,1,Ses03M_impro02_M001,unknown,Hey.,,,sadness
train,Ses03M_impro02,2,Ses03M_impro02_M002,unknown,"Uh, -Um",,,sadness
train,Ses03M_impro02,3,Ses03M_impro02_M003,unknown,they need me out there sooner than I thought,,,sadness
train,Ses03M_impro02,4,Ses03M_impro02_M004,unknown,They want to deploy me next week.,,,sadness
train,Ses03M_impro02,5,Ses03M_impro02_M005,unknown,For--,,,sadness
train,Ses03M_impro02,6,Ses03M_impro02_M006,unknown,They said anywhere from two to three years.,,,sadness
train,Ses03M_impro02,8,Ses03M_impro02_M008,unknown,--need me on the specialist honey.,,,frustrated
train,Ses03M_impro02,9,Ses03M_impro02_M009,unknown,"I don't want to go but,-",,,frustrated
train,Ses03M_impro02,10,Ses03M_impro02_M010,unknown,but they said they'd increase my pay by triple-there promotion.,,,frustrated
train,Ses03M_impro02,11,Ses03M_impro02_M011,unknown,No.,,,sadness
train,Ses03M_impro02,12,Ses03M_impro02_M012,unknown,Honey you're not going to be by yourself--,,,sadness
train,Ses03M_impro02,13,Ses03M_impro02_M013,unknown,"We'll have internet set up, we'll get web cameras and everything.  My whole family's here too.",,,neutral
train,Ses03M_impro02,15,Ses03M_impro02_M015,unknown,"You can do it.  Alright?  You can, you can be strong, you can be strong for both of us alright?",,,neutral
train,Ses03M_impro02,16,Ses03M_impro02_M016,unknown,I don't know what to do.,,,sadness
train,Ses03M_impro02,17,Ses03M_impro02_M017,unknown,I don't want to - I don't- I don't want to go.,,,frustrated
train,Ses03M_impro02,18,Ses03M_impro02_M018,unknown,What am I supposed to do?,,,frustrated
train,Ses03M_impro02,19,Ses03M_impro02_M019,unknown,You know I can't say no.,,,sadness
train,Ses03M_impro02,20,Ses03M_impro02_M020,unknown,The last guy who said no was fired.,,,frustrated
train,Ses03M_impro02,21,Ses03M_impro02_M021,unknown,I put in fifteen years in this job.,,,frustrated
train,Ses03M_impro02,22,Ses03M_impro02_M022,unknown,I'm so close.  Five more years and I retire-,,,frustrated
train,Ses03M_impro02,23,Ses03M_impro02_M023,unknown,and we'll have that happy life.,,,frustrated
train,Ses03M_impro02,24,Ses03M_impro02_M024,unknown,Honey after a year I can be back.,,,sadness
train,Ses03M_impro02,25,Ses03M_impro02_M025,unknown,They want me there two years but I could probably get,,,sadness
train,Ses03M_impro02,26,Ses03M_impro02_M026,unknown,maybe get some vacation-- --once it quiets down there.,,,sadness
train,Ses03M_impro02,27,Ses03M_impro02_M027,unknown,I know.  I know.  But they really need some good guys there.,,,sadness
train,Ses03M_impro02,28,Ses03M_impro02_M028,unknown,Well that's the kind of work I'm in honey.,,,sadness
train,Ses03M_impro02,29,Ses03M_impro02_M029,unknown,It's just going to be--it's going to go faster than you think.,,,sadness
train,Ses03M_impro02,30,Ses03M_impro02_M030,unknown,You tell her-- [BREATHING],,,sadness
train,Ses03M_impro02,31,Ses03M_impro02_M031,unknown,What do you mean?,,,sadness
train,Ses03M_impro02,32,Ses03M_impro02_M032,unknown,What?,,,sur
train,Ses03M_impro02,33,Ses03M_impro02_M033,unknown,Are you kidding me?  No.,,,sur
train,Ses03M_impro02,34,Ses03M_impro02_M034,unknown,So I have--you want me to choose between you guys or my career?,,,frustrated
train,Ses03M_impro02,35,Ses03M_impro02_M035,unknown,What am I going to do?,,,frustrated
train,Ses03M_impro02,36,Ses03M_impro02_M036,unknown,I want to--what am I going to do if I leave this job?,,,frustrated
train,Ses03M_impro02,37,Ses03M_impro02_M037,unknown,Fine.  I'll see if I can talk to them.,,,frustrated
train,Ses03M_impro03,1,Ses03M_impro03_F001,unknown,What?,,,excited
train,Ses03M_impro03,2,Ses03M_impro03_F002,unknown,Shut up. Oh my God.  Really? Just like that?  You just asked the question and what...how did you ask?,,,sur
train,Ses03M_impro03,3,Ses03M_impro03_F003,unknown,"Chuck E. Cheese?  Ah, man that is so lame.",,,excited
train,Ses03M_impro03,4,Ses03M_impro03_F004,unknown,Are you serious [GARBAGE] man?,,,excited
train,Ses03M_impro03,5,Ses03M_impro03_F005,unknown,Oh like that one movie.  What's that one movie I just saw? No.  Where she like swallows the...,,,excited
train,Ses03M_impro03,6,Ses03M_impro03_F006,unknown,"oh, I don't remember.  Everybody Says I Love You with Drew Barrymore...no you haven't seen it?  Okay.",,,excited
train,Ses03M_impro03,10,Ses03M_impro03_F010,unknown,[LAUGHTER] So nasty. No you... dirty me?,,,excited
train,Ses03M_impro03,12,Ses03M_impro03_F012,unknown,She actually asked if it was real?  I would've probably asked the same thing considering you were in Chuck E. Cheese.,,,joy
train,Ses03M_impro03,15,Ses03M_impro03_F015,unknown,"Yeah.  That's, you know, okay.",,,neutral
train,Ses03M_impro03,16,Ses03M_impro03_F016,unknown,"Oh god! You are damn cheap, cheap, cheap. Anyways, moving on. It's not like you're poor.  I mean your dad makes... okey",,,joy
train,Ses03M_impro03,17,Ses03M_impro03_F017,unknown,You had the mouse?,,,joy
train,Ses03M_impro03,18,Ses03M_impro03_F018,unknown,Isn't it a rat?  It's a rat.  Chuck E. Cheese?,,,neutral
train,Ses03M_impro03,21,Ses03M_impro03_F021,unknown,"Okay, that is really cheesy Joe.",,,joy
train,Ses03M_impro03,22,Ses03M_impro03_F022,unknown,Oh that's kind of sweet.,,,joy
train,Ses03M_impro03,23,Ses03M_impro03_F023,unknown,"Wait, wait, wait I want you to marry me?  No, shouldn't you like be more like a question like, would you marry me?  Not like I want you to marry me.  It's like a demand.",,,excited
train,Ses03M_impro03,24,Ses03M_impro03_F024,unknown,"You marry me. I man I Jane, you Tarzan.",,,excited
train,Ses03M_impro03,25,Ses03M_impro03_F025,unknown,She said sure?,,,joy
train,Ses03M_impro03,26,Ses03M_impro03_F026,unknown,Sure?  Who says sure?  You say yes...I don't like--,,,joy
train,Ses03M_impro03,27,Ses03M_impro03_F027,unknown,How long have you guys been going out?,,,joy
train,Ses03M_impro03,28,Ses03M_impro03_F028,unknown,What?,,,sur
train,Ses03M_impro03,29,Ses03M_impro03_F029,unknown,What?,,,sur
train,Ses03M_impro03,30,Ses03M_impro03_F030,unknown,Okay.  I haven't seen you in about two and a half years and I come back and you're getting engaged to somebody you only knew for,,,sur
train,Ses03M_impro03,33,Ses03M_impro03_F033,unknown,She must be hot.,,,joy
train,Ses03M_impro03,36,Ses03M_impro03_F036,unknown,You still act like a boy.  And men take a lot longer to grow----I will tell you.,,,neutral
train,Ses03M_impro03,0,Ses03M_impro03_M000,unknown,Hey.,,,excited
train,Ses03M_impro03,1,Ses03M_impro03_M001,unknown,"Esmeralda, guess what?",,,excited
train,Ses03M_impro03,2,Ses03M_impro03_M002,unknown,[LAUGHTER] Guess who just got hitched?,,,excited
train,Ses03M_impro03,3,Ses03M_impro03_M003,unknown,This guy. Yeah.  Can you believe it? She said yes too. Yeah.  She said yes.,,,excited
train,Ses03M_impro03,4,Ses03M_impro03_M004,unknown,Okay we were at Chuck E. Cheese.,,,excited
train,Ses03M_impro03,11,Ses03M_impro03_M011,unknown,"Ah...Anyways, so she took the ring and she goes, is this real?  So I was like, of course--",,,excited
train,Ses03M_impro03,12,Ses03M_impro03_M012,unknown,Sara and I--,,,joy
train,Ses03M_impro03,13,Ses03M_impro03_M013,unknown,Come on. It was her birthday.,,,excited
train,Ses03M_impro03,14,Ses03M_impro03_M014,unknown,She wanted...she always wants something spontaneous.,,,joy
train,Ses03M_impro03,15,Ses03M_impro03_M015,unknown,"I couldn't, I couldn't afford the Red Lobster. [LAUGHTER] What anyway?",,,joy
train,Ses03M_impro03,16,Ses03M_impro03_M016,unknown,So Okay then and.,,,joy
train,Ses03M_impro03,17,Ses03M_impro03_M017,unknown,"I got all the character animals to do a conga line,",,,joy
train,Ses03M_impro03,18,Ses03M_impro03_M018,unknown,"dim down the lights and uh, I got on one of the tables pulled her up.",,,joy
train,Ses03M_impro03,19,Ses03M_impro03_M019,unknown,Yeah.,,,joy
train,Ses03M_impro03,20,Ses03M_impro03_M020,unknown,"Chucky...I don't know.  I don't know. Anyways, I pull her up and I go, I go Sarah",,,joy
train,Ses03M_impro03,21,Ses03M_impro03_M021,unknown,"You're my guiding light, then they put on that song the I've had the time of my life, that song.",,,joy
train,Ses03M_impro03,28,Ses03M_impro03_M028,unknown,About two and a half weeks.,,,neutral
train,Ses03M_impro03,29,Ses03M_impro03_M029,unknown,Two and ...  We love each other. Yeah.,,,joy
train,Ses03M_impro03,30,Ses03M_impro03_M030,unknown,"You got to meet her, she's wonderful.",,,joy
train,Ses03M_impro03,31,Ses03M_impro03_M031,unknown,She just graduated from high school and----she's planning to apply for colleges----and stuff.She's so great.  She has so much life and energy and stuff.,,,joy
train,Ses03M_impro03,32,Ses03M_impro03_M032,unknown,"Yeah, she is good-looking.",,,joy
train,Ses03M_impro03,33,Ses03M_impro03_M033,unknown,I'm twenty eight years old.,,,neutral
train,Ses03M_impro03,35,Ses03M_impro03_M035,unknown,I'm so excited.  It's going to be great.,,,excited
train,Ses03M_impro03,38,Ses03M_impro03_M038,unknown,I'm still working at my parents' restaurant. Busing tables.,,,neutral
train,Ses03M_impro03,39,Ses03M_impro03_M039,unknown,Oh that's great. My mom said we can move in with her again if we run out of money.,,,joy
train,Ses03M_impro04,1,Ses03M_impro04_F001,unknown,"Well have you been trying to get a job, look for a job or...?",,,neutral
train,Ses03M_impro04,2,Ses03M_impro04_F002,unknown,I know.  It- It's really tough out there.  It's really hard to find a job.,,,frustrated
train,Ses03M_impro04,3,Ses03M_impro04_F003,unknown,Well what are you looking for?  I mean--,,,neutral
train,Ses03M_impro04,4,Ses03M_impro04_F004,unknown,"Well, okay. Well that's--",,,neutral
train,Ses03M_impro04,5,Ses03M_impro04_F005,unknown,"Well, that's what?  For what job?  Who...what jobs are you looking for?",,,sur
train,Ses03M_impro04,7,Ses03M_impro04_F007,unknown,Yeah.,,,sadness
train,Ses03M_impro04,8,Ses03M_impro04_F008,unknown,Yeah.,,,sadness
train,Ses03M_impro04,10,Ses03M_impro04_F010,unknown,Well what'd you major in?,,,excited
train,Ses03M_impro04,14,Ses03M_impro04_F014,unknown,I am...just like a law clerk.,,,neutral
train,Ses03M_impro04,15,Ses03M_impro04_F015,unknown,"Well, I'm moving up.  I mean it could be...",,,neutral
train,Ses03M_impro04,23,Ses03M_impro04_F023,unknown,"Well... If you need something, I mean, you're just going to---can get a temporary thing right now and then look for something--",,,neutral
train,Ses03M_impro04,24,Ses03M_impro04_F024,unknown,Oh I know.  But--,,,frustrated
train,Ses03M_impro04,25,Ses03M_impro04_F025,unknown,"-it's going to get better I promise you. You just got to hang in there. Everyone, I mean, you know?",,,neutral
train,Ses03M_impro04,26,Ses03M_impro04_F026,unknown,What?  You can't...what?  Now come on.  Stop it.  Don't be talking like that.,,,sur
train,Ses03M_impro04,28,Ses03M_impro04_F028,unknown,Well obviously it's not working.  Just cause you got sixteen hundred on your S.A.T. doesn't guarantee you a job.  I mean it should really but--,,,frustrated
train,Ses03M_impro04,29,Ses03M_impro04_F029,unknown,You got to be positive man.  You got to try to just--,,,neutral
train,Ses03M_impro04,30,Ses03M_impro04_F030,unknown,But you got to be real about it.  You have to...,,,neutral
train,Ses03M_impro04,31,Ses03M_impro04_F031,unknown,Sixteen hundred.,,,neutral
train,Ses03M_impro04,32,Ses03M_impro04_F032,unknown,Twenty-one hundred?,,,neutral
train,Ses03M_impro04,0,Ses03M_impro04_M000,unknown,I'm just so tired all the time.,,,sadness
train,Ses03M_impro04,1,Ses03M_impro04_M001,unknown,I've been looking for like eight months.,,,frustrated
train,Ses03M_impro04,2,Ses03M_impro04_M002,unknown,"I'm tired of the same excuses.  No, no you're not qualified enough, wish you had more education.",,,frustrated
train,Ses03M_impro04,4,Ses03M_impro04_M004,unknown,Cause I went to Harvard.,,,anger
train,Ses03M_impro04,5,Ses03M_impro04_M005,unknown,I applied as restaurant manager at P.F. Chang.  I applied at----Macy's store manager. Tried to get investment banking job with Deloitte and Touche.  I'm trying everywhere.,,,frustrated
train,Ses03M_impro04,6,Ses03M_impro04_M006,unknown,You know what?  I've been working at temp jobs for the past six months.  You know how degrading it is?,,,frustrated
train,Ses03M_impro04,8,Ses03M_impro04_M008,unknown,I'm smarter than half the people I work for.,,,anger
train,Ses03M_impro04,9,Ses03M_impro04_M009,unknown,I don't know astronaut?  I don't know something crazy like that.,,,frustrated
train,Ses03M_impro04,10,Ses03M_impro04_M010,unknown,Biomedical Engineering.,,,frustrated
train,Ses03M_impro04,11,Ses03M_impro04_M011,unknown,"I don't want to do engineering though.  It's so...I had the internship what, last summer,",,,frustrated
train,Ses03M_impro04,12,Ses03M_impro04_M012,unknown,"and I was pulling my hair out and it was like, oh my God.  So I just had to finish the major so now they're like, why are you an engineering major, and why are you working, trying to work at a restaurant.  And it's like I don't know just give me the damn job.",,,frustrated
train,Ses03M_impro04,13,Ses03M_impro04_M013,unknown,Why all these questions?,,,frustrated
train,Ses03M_impro04,14,Ses03M_impro04_M014,unknown,Oh yeah?  What kind of jobs they got?,,,neutral
train,Ses03M_impro04,15,Ses03M_impro04_M015,unknown,I don't want to be a law clerk.,,,dis
train,Ses03M_impro04,16,Ses03M_impro04_M016,unknown,"To be a lawyer?  You go to law school now?  God this is, all these dead ends.",,,frustrated
train,Ses03M_impro04,17,Ses03M_impro04_M017,unknown,And plus my car is breaking down-,,,frustrated
train,Ses03M_impro04,18,Ses03M_impro04_M018,unknown,-they're evicting me from my apartment.,,,frustrated
train,Ses03M_impro04,20,Ses03M_impro04_M020,unknown,"No.  I'm not going to...yeah, they'd laugh in my face.",,,frustrated
train,Ses03M_impro04,21,Ses03M_impro04_M021,unknown,No. I got a sixteen hundred on my S.A.T..,,,frustrated
train,Ses03M_impro04,22,Ses03M_impro04_M022,unknown,I'm freaking----typing sixty words a minute.,,,frustrated
train,Ses03M_impro04,23,Ses03M_impro04_M023,unknown,"Sixty words.  Sixty words a minute.  Hey how are you doing Mr. Smith?  Oh, you know, it's just like God, I just want to shoot you Mr. Smith.",,,frustrated
train,Ses03M_impro04,24,Ses03M_impro04_M024,unknown,Yeah.  It's alright.  But--,,,neutral
train,Ses03M_impro04,25,Ses03M_impro04_M025,unknown,I'm not cut to be a receptionist.,,,frustrated
train,Ses03M_impro04,26,Ses03M_impro04_M026,unknown,No.,,,sadness
train,Ses03M_impro04,27,Ses03M_impro04_M027,unknown,"Oh yeah.  I will be a full time receptionist.  Harvard degree, sixteen hundred on my S.A.T.--",,,frustrated
train,Ses03M_impro04,28,Ses03M_impro04_M028,unknown,--you know? Head of the Science Club.,,,frustrated
train,Ses03M_impro04,29,Ses03M_impro04_M029,unknown,"That's what I've been doing, temporary things",,,frustrated
train,Ses03M_impro04,30,Ses03M_impro04_M030,unknown,Maybe I'll just kill myself.,,,sadness
train,Ses03M_impro04,31,Ses03M_impro04_M031,unknown,I was just joking...,,,sadness
train,Ses03M_impro04,33,Ses03M_impro04_M033,unknown,Yeah.  I--they said Brian you're too smart.  You don't need us.,,,frustrated
train,Ses03M_impro04,34,Ses03M_impro04_M034,unknown,Go out and take over the world by yourself and I'm like what?,,,frustrated
train,Ses03M_impro04,35,Ses03M_impro04_M035,unknown,"I don't know.  I don't know.  I know I'm just going to have to keep on looking, keep on searching-",,,frustrated
train,Ses03M_impro04,36,Ses03M_impro04_M036,unknown,"and I'm never going to find anything probably but I'll just keep working hard at it-- Yeah. Okay.  Positive, I'm going to do good, find that job.",,,frustrated
train,Ses03M_impro04,37,Ses03M_impro04_M037,unknown,Yeah.  I got eighteen hundred on my S.A.T..,,,frustrated
train,Ses03M_impro04,38,Ses03M_impro04_M038,unknown,Same difference.,,,neutral
train,Ses03M_impro04,40,Ses03M_impro04_M040,unknown,But I'm doomed.  Yeah I got so good I was over twenty one hundred.  Now what am I doing?,,,frustrated
train,Ses03M_impro04,41,Ses03M_impro04_M041,unknown,"Like, wow you're really smart we're going to give you an extra [GARBAGE].",,,joy
train,Ses03M_impro05a,0,Ses03M_impro05a_F000,unknown,Can I help you sir?,,,neutral
train,Ses03M_impro05a,1,Ses03M_impro05a_F001,unknown,"Well, let me just check on that for you.  Where are you coming--?",,,neutral
train,Ses03M_impro05a,2,Ses03M_impro05a_F002,unknown,"Sir, yes it's in Maryland.  It's okay...well, I'm...just let me check here.",,,neutral
train,Ses03M_impro05a,3,Ses03M_impro05a_F003,unknown,Okay.  Sir?  Can you...if you just give me one moment and let me just check okay?,,,frustrated
train,Ses03M_impro05a,4,Ses03M_impro05a_F004,unknown,"Alright.  And you're coming-- Wait, hold on sir.  You're coming from Baltimore into LAX right?",,,frustrated
train,Ses03M_impro05a,5,Ses03M_impro05a_F005,unknown,Okay and this is direct flight?,,,neutral
train,Ses03M_impro05a,6,Ses03M_impro05a_F006,unknown,I'm asking you if this is direct flight from Baltimore to LAX or if you have to stop--,,,frustrated
train,Ses03M_impro05a,7,Ses03M_impro05a_F007,unknown,You're at me and I'm going to try to help you out sir but you just have to cooperate with me--,,,neutral
train,Ses03M_impro05a,8,Ses03M_impro05a_F008,unknown,How many pieces of luggage do you have checked in?,,,neutral
train,Ses03M_impro05a,9,Ses03M_impro05a_F009,unknown,Eight pieces of luggage.  Okay.,,,neutral
train,Ses03M_impro05a,10,Ses03M_impro05a_F010,unknown,No.  I'm just going to check--,,,frustrated
train,Ses03M_impro05a,11,Ses03M_impro05a_F011,unknown,I'm sorry sir.,,,neutral
train,Ses03M_impro05a,12,Ses03M_impro05a_F012,unknown,I'm very sorry but let's check on this immediately.  This is definitely an emergency.  It seems--,,,neutral
train,Ses03M_impro05a,14,Ses03M_impro05a_F014,unknown,Yes--it is,,,neutral
train,Ses03M_impro05a,15,Ses03M_impro05a_F015,unknown,"Sir, Please please, I would ask you to just calm down for a second--",,,frustrated
train,Ses03M_impro05a,16,Ses03M_impro05a_F016,unknown,"Okay.  We will find your luggage.  Apparently because it somehow...what flight you were taking, you were on Delta?",,,neutral
train,Ses03M_impro05a,18,Ses03M_impro05a_F018,unknown,"Sir, I just...you need to calm down is what needs to happen right now.",,,anger
train,Ses03M_impro05a,19,Ses03M_impro05a_F019,unknown,"Okay.  I'm not.  I'm sorry, I am being--",,,frustrated
train,Ses03M_impro05a,20,Ses03M_impro05a_F020,unknown,"calm.  Sir, okay basically what- what's going to happen here is you're going to give me your contact information and we will contact you--",,,frustrated
train,Ses03M_impro05a,21,Ses03M_impro05a_F021,unknown,"Please, please",,,neutral
train,Ses03M_impro05a,23,Ses03M_impro05a_F023,unknown,Okay.  We can get it here in about seven to ten business days.,,,neutral
train,Ses03M_impro05a,24,Ses03M_impro05a_F024,unknown,"Yes.  Well, because--",,,neutral
train,Ses03M_impro05a,25,Ses03M_impro05a_F025,unknown,I am the manager sir.,,,neutral
train,Ses03M_impro05a,27,Ses03M_impro05a_F027,unknown,Sir?,,,frustrated
train,Ses03M_impro05a,28,Ses03M_impro05a_F028,unknown,What is your name?,,,anger
train,Ses03M_impro05a,0,Ses03M_impro05a_M000,unknown,Yes you can help me.  Where is my luggage?,,,anger
train,Ses03M_impro05a,1,Ses03M_impro05a_M001,unknown,Yeah.  You do that.  I'm coming from Baltimore.  You know where that is?,,,anger
train,Ses03M_impro05a,2,Ses03M_impro05a_M002,unknown,I had eight hundred pounds of luggage.,,,anger
train,Ses03M_impro05a,3,Ses03M_impro05a_M003,unknown,Okay.  Check.,,,anger
train,Ses03M_impro05a,4,Ses03M_impro05a_M004,unknown,Is it there?,,,anger
train,Ses03M_impro05a,5,Ses03M_impro05a_M005,unknown,Yes.,,,anger
train,Ses03M_impro05a,6,Ses03M_impro05a_M006,unknown,You don't know where we're at?,,,anger
train,Ses03M_impro05a,7,Ses03M_impro05a_M007,unknown,God.,,,anger
train,Ses03M_impro05a,10,Ses03M_impro05a_M010,unknown,Okay.  What do you want?,,,anger
train,Ses03M_impro05a,11,Ses03M_impro05a_M011,unknown,Eight.  And they're all gone.,,,anger
train,Ses03M_impro05a,12,Ses03M_impro05a_M012,unknown,And what are you going to do about it?  You going to call someone?  You going to send me somewhere else?,,,anger
train,Ses03M_impro05a,13,Ses03M_impro05a_M013,unknown,It's my mother's funeral tomorrow and the urn is in the suitcase.,,,anger
train,Ses03M_impro05a,14,Ses03M_impro05a_M014,unknown,Yeah.,,,anger
train,Ses03M_impro05a,16,Ses03M_impro05a_M016,unknown,"Oh, oh, that's a good deduction.",,,anger
train,Ses03M_impro05a,17,Ses03M_impro05a_M017,unknown,"Sherlock Holmes.  God, where's my luggage?",,,anger
train,Ses03M_impro05a,18,Ses03M_impro05a_M018,unknown,Calm down?  It's my mother's funeral tomorrow.  I'm the one responsible for this.,,,anger
train,Ses03M_impro05a,20,Ses03M_impro05a_M020,unknown,What is the matter with you?,,,anger
train,Ses03M_impro05a,21,Ses03M_impro05a_M021,unknown,Don't yell at me.,,,anger
train,Ses03M_impro05a,22,Ses03M_impro05a_M022,unknown,Oh my God.  I think a blood vessel burst in my head.,,,anger
train,Ses03M_impro05a,23,Ses03M_impro05a_M023,unknown,What?,,,anger
train,Ses03M_impro05a,24,Ses03M_impro05a_M024,unknown,What?  Are you kidding me?,,,anger
train,Ses03M_impro05a,25,Ses03M_impro05a_M025,unknown,Give- Give me your manager right now.,,,anger
train,Ses03M_impro05a,26,Ses03M_impro05a_M026,unknown,"You're the manager? You don't know where you work for, you don't know where you're at and you're the manager?",,,anger
train,Ses03M_impro05a,27,Ses03M_impro05a_M027,unknown,Whose daughter are you?,,,anger
train,Ses03M_impro05a,28,Ses03M_impro05a_M028,unknown,Sir. Sir. Sir. Sir,,,anger
train,Ses03M_impro05a,29,Ses03M_impro05a_M029,unknown,My name is Brent Caption.,,,anger
train,Ses03M_impro05a,30,Ses03M_impro05a_M030,unknown,Now what are you going to do about it?,,,excited
train,Ses03M_impro05b,0,Ses03M_impro05b_F000,unknown,Can I help you sir?,,,neutral
train,Ses03M_impro05b,1,Ses03M_impro05b_F001,unknown,Okay.  Well let's...well I'm going to go ahead and check on that for you.  You're coming from...where are you coming from?,,,neutral
train,Ses03M_impro05b,2,Ses03M_impro05b_F002,unknown,Baltimore and this is a direct flight to LAX,,,neutral
train,Ses03M_impro05b,3,Ses03M_impro05b_F003,unknown,Okay.  Let's look up here,,,neutral
train,Ses03M_impro05b,4,Ses03M_impro05b_F004,unknown,Okay.  Well you um-...,,,neutral
train,Ses03M_impro05b,5,Ses03M_impro05b_F005,unknown,"What I can do for you is uh we can uh report lost, lost property.",,,neutral
train,Ses03M_impro05b,6,Ses03M_impro05b_F006,unknown,Yes.,,,neutral
train,Ses03M_impro05b,7,Ses03M_impro05b_F007,unknown,"Well sir, if if...what I believe has happened is most of the flight was left--",,,neutral
train,Ses03M_impro05b,8,Ses03M_impro05b_F008,unknown,the luggage was left in Baltimore.  Therefore--,,,neutral
train,Ses03M_impro05b,9,Ses03M_impro05b_F009,unknown,"Like the luggage, the luggage on the flight.",,,neutral
train,Ses03M_impro05b,10,Ses03M_impro05b_F010,unknown,No actually it was...this is the first time this has ever happened.  I don't know what happened--,,,neutral
train,Ses03M_impro05b,11,Ses03M_impro05b_F011,unknown,"Well, we can give you um- hotel lodging for a night if that--",,,neutral
train,Ses03M_impro05b,12,Ses03M_impro05b_F012,unknown,For tonight- For tonight sir.  Would you need to stay somewhere tonight?,,,neutral
train,Ses03M_impro05b,13,Ses03M_impro05b_F013,unknown,We can do Holiday Inn or...?,,,neutral
train,Ses03M_impro05b,14,Ses03M_impro05b_F014,unknown,Sir I understand that but just--,,,neutral
train,Ses03M_impro05b,15,Ses03M_impro05b_F015,unknown,Did you have your name tags on the luggage?,,,neutral
train,Ses03M_impro05b,16,Ses03M_impro05b_F016,unknown,"Okay.  So if you can just give me your name, your name and your address and your phone number I can contact you as soon as we find out more information.",,,neutral
train,Ses03M_impro05b,17,Ses03M_impro05b_F017,unknown,"Sir, please calm down.",,,frustrated
train,Ses03M_impro05b,18,Ses03M_impro05b_F018,unknown,What is your business?,,,neutral
train,Ses03M_impro05b,19,Ses03M_impro05b_F019,unknown,"Okay.  Sir?  I am sorry to tell you this but this does happen. Uh- This is not uh- really,",,,neutral
train,Ses03M_impro05b,20,Ses03M_impro05b_F020,unknown,"I mean, our airline's fault.  I don't know what happened, misplaced, something happened but we will get you--",,,neutral
train,Ses03M_impro05b,21,Ses03M_impro05b_F021,unknown,"Well, the entire flight, sir, the luggage was placed on another plane that never actually left Baltimore.",,,neutral
train,Ses03M_impro05b,22,Ses03M_impro05b_F022,unknown,Uh no I'm not.,,,neutral
train,Ses03M_impro05b,23,Ses03M_impro05b_F023,unknown,"Well we have some people back there that need some firing so, but I would just really appreciate--",,,neutral
train,Ses03M_impro05b,24,Ses03M_impro05b_F024,unknown,Okay sir.  I'm sorry you can--um-,,,frustrated
train,Ses03M_impro05b,25,Ses03M_impro05b_F025,unknown,We already have been confirmed that it will be arriving in--uh--in about two days.,,,frustrated
train,Ses03M_impro05b,26,Ses03M_impro05b_F026,unknown,"Uh, we can't--",,,frustrated
train,Ses03M_impro05b,27,Ses03M_impro05b_F027,unknown,"Yes sir, Yes.",,,neutral
train,Ses03M_impro05b,28,Ses03M_impro05b_F028,unknown,We can have them direct your luggage to San Diego.,,,neutral
train,Ses03M_impro05b,29,Ses03M_impro05b_F029,unknown,Uh--,,,neutral
train,Ses03M_impro05b,30,Ses03M_impro05b_F030,unknown,Some refreshments in the lobby?,,,neutral
train,Ses03M_impro05b,31,Ses03M_impro05b_F031,unknown,eh- we actually--,,,frustrated
train,Ses03M_impro05b,1,Ses03M_impro05b_M001,unknown,I've been here for four hours and I don't know where one piece of my luggage is,,,frustrated
train,Ses03M_impro05b,2,Ses03M_impro05b_M002,unknown,Baltimore.,,,frustrated
train,Ses03M_impro05b,3,Ses03M_impro05b_M003,unknown,Yes.,,,frustrated
train,Ses03M_impro05b,4,Ses03M_impro05b_M004,unknown,You know and they've looked it up before and it's not there.,,,frustrated
train,Ses03M_impro05b,5,Ses03M_impro05b_M005,unknown,Now what are you going to do for me different? Hmm?,,,frustrated
train,Ses03M_impro05b,6,Ses03M_impro05b_M006,unknown,You can report lost property?,,,frustrated
train,Ses03M_impro05b,7,Ses03M_impro05b_M007,unknown,"Okay.  I'm leaving LA tomorrow for San Diego, driving there.  So, I'm going to leave without all my lost property?  That's what you want me to do? um",,,frustrated
train,Ses03M_impro05b,8,Ses03M_impro05b_M008,unknown,Most of the...,,,anger
train,Ses03M_impro05b,10,Ses03M_impro05b_M010,unknown,"Are you going to refund us for our luggage, refund us for our tickets for this?",,,frustrated
train,Ses03M_impro05b,11,Ses03M_impro05b_M011,unknown,I'm going to San Diego tomorrow to stay with my family.  What do I need hotel lodging for hmmm?  Can you tell me that?,,,anger
train,Ses03M_impro05b,13,Ses03M_impro05b_M013,unknown,Wow.  Thank you.  Holiday Inn.  Wow.  Thank...the flight cost five hundred dollars.,,,anger
train,Ses03M_impro05b,14,Ses03M_impro05b_M014,unknown,"Okay, so you can put me in Holiday Inn for twenty dollar a night?",,,anger
train,Ses03M_impro05b,15,Ses03M_impro05b_M015,unknown,Of course I had my name tags on the luggage.,,,anger
train,Ses03M_impro05b,16,Ses03M_impro05b_M016,unknown,Soon as you...that's not good enough okay?,,,anger
train,Ses03M_impro05b,17,Ses03M_impro05b_M017,unknown,I need you to help me out here.  Can you get on the phone and get the luggage over on the fastest flight you can and then maybe I won't get you fired.,,,frustrated
train,Ses03M_impro05b,18,Ses03M_impro05b_M018,unknown,"If not, I'm going to get your name, I'm going to talk to your boss, whoever...I'm never going to fly...my business is never going to fly Delta again.",,,frustrated
train,Ses03M_impro05b,19,Ses03M_impro05b_M019,unknown,I work for IBM.,,,neutral
train,Ses03M_impro05b,20,Ses03M_impro05b_M020,unknown,"You misplace a lot of, eight pieces of luggage.",,,anger
train,Ses03M_impro05b,21,Ses03M_impro05b_M021,unknown,Are you kidding me?,,,anger
train,Ses03M_impro05b,22,Ses03M_impro05b_M022,unknown,Who are you going to fire because of that?,,,anger
train,Ses03M_impro05b,23,Ses03M_impro05b_M023,unknown,"Wow.  This has never happened before.  I've not lost,",,,anger
train,Ses03M_impro05b,24,Ses03M_impro05b_M024,unknown,in all thousand flights I've been on probably I can't even count how many flights I've been on.  This has never happened before.,,,anger
train,Ses03M_impro05b,25,Ses03M_impro05b_M025,unknown,This is the worst customer service I've ever gotten before.,,,anger
train,Ses03M_impro05b,26,Ses03M_impro05b_M026,unknown,Okay.  Get on the phone and figure out where my luggage is and tell me when it's going to get there alright?,,,anger
train,Ses03M_impro05b,27,Ses03M_impro05b_M027,unknown,"And and, in about...",,,anger
train,Ses03M_impro05b,28,Ses03M_impro05b_M028,unknown,Two days I'll be in San Diego and how's it going to get to me in San Diego?  You going to make sure it gets to the San Diego airport?,,,frustrated
train,Ses03M_impro05b,29,Ses03M_impro05b_M029,unknown,Can you get it to the San Diego airport?  You get someone to drive it to my place alright? Then I get a refund for some...I get a free flight alright? I get free whatever.,,,anger
train,Ses03M_impro05b,30,Ses03M_impro05b_M030,unknown,Okay.  And you're going to give me what for my inconvenience?,,,frustrated
train,Ses03M_impro05b,31,Ses03M_impro05b_M031,unknown,Some peanuts?  Wow.  That helps a lot.,,,anger
train,Ses03M_impro05b,32,Ses03M_impro05b_M032,unknown,"Thanks you, thank you I don't have my luggage so you gave me a Holiday Inn stay and peanuts.  Wow.  You know what?",,,anger
train,Ses03M_impro05b,33,Ses03M_impro05b_M033,unknown,I will never do business with Delta again.,,,anger
train,Ses03M_impro06,0,Ses03M_impro06_F000,unknown,How's it going?  How are you feeling?,,,sadness
train,Ses03M_impro06,1,Ses03M_impro06_F001,unknown,Hanging in there?,,,sadness
train,Ses03M_impro06,2,Ses03M_impro06_F002,unknown,So sad.,,,sadness
train,Ses03M_impro06,3,Ses03M_impro06_F003,unknown,Yeah.,,,sadness
train,Ses03M_impro06,4,Ses03M_impro06_F004,unknown,You guys were real close huh?,,,sadness
train,Ses03M_impro06,5,Ses03M_impro06_F005,unknown,I'm so sorry.,,,sadness
train,Ses03M_impro06,7,Ses03M_impro06_F007,unknown,What happened?  What went wrong?,,,sadness
train,Ses03M_impro06,8,Ses03M_impro06_F008,unknown,Oh man.,,,sadness
train,Ses03M_impro06,9,Ses03M_impro06_F009,unknown,How are they?,,,sadness
train,Ses03M_impro06,10,Ses03M_impro06_F010,unknown,Yeah.  Like I mean if you need anyone to talk to or anything I'm here for you okay?,,,sadness
train,Ses03M_impro06,11,Ses03M_impro06_F011,unknown,We're all here for you.,,,sadness
train,Ses03M_impro06,12,Ses03M_impro06_F012,unknown,I know.,,,sadness
train,Ses03M_impro06,13,Ses03M_impro06_F013,unknown,just things happen in life and you just...there's just no explanation you know?  We just don't...,,,sadness
train,Ses03M_impro06,14,Ses03M_impro06_F014,unknown,Yeah.,,,sadness
train,Ses03M_impro06,15,Ses03M_impro06_F015,unknown,I'm so sorry.,,,sadness
train,Ses03M_impro06,16,Ses03M_impro06_F016,unknown,"Well now you can follow his footsteps, you know?  Carry out what he wanted to do.",,,sadness
train,Ses03M_impro06,17,Ses03M_impro06_F017,unknown,Well sure you could.,,,sadness
train,Ses03M_impro06,18,Ses03M_impro06_F018,unknown,Yeah.,,,sadness
train,Ses03M_impro06,19,Ses03M_impro06_F019,unknown,I would've loved to.,,,sadness
train,Ses03M_impro06,20,Ses03M_impro06_F020,unknown,Now I can't.,,,sadness
train,Ses03M_impro06,0,Ses03M_impro06_M000,unknown,I ah--,,,sadness
train,Ses03M_impro06,1,Ses03M_impro06_M001,unknown,alright.,,,sadness
train,Ses03M_impro06,2,Ses03M_impro06_M002,unknown,Yeah.,,,sadness
train,Ses03M_impro06,3,Ses03M_impro06_M003,unknown,It just feels like I was talking to him yesterday.,,,sadness
train,Ses03M_impro06,4,Ses03M_impro06_M004,unknown,He was my only friend growing up.,,,sadness
train,Ses03M_impro06,5,Ses03M_impro06_M005,unknown,no one else would talk to me but he would.,,,sadness
train,Ses03M_impro06,6,Ses03M_impro06_M006,unknown,He was supposed to be the best man at my wedding.,,,sadness
train,Ses03M_impro06,7,Ses03M_impro06_M007,unknown,Yeah.,,,sadness
train,Ses03M_impro06,8,Ses03M_impro06_M008,unknown,You know I was always the one to tell him to be more wild you know?,,,sadness
train,Ses03M_impro06,9,Ses03M_impro06_M009,unknown,And he just took it overboard.,,,sadness
train,Ses03M_impro06,10,Ses03M_impro06_M010,unknown,You know a stupid case of drunk driving it's just...,,,sadness
train,Ses03M_impro06,11,Ses03M_impro06_M011,unknown,"and the worst part of it is that he was in the car with his girlfriend,",,,sadness
train,Ses03M_impro06,12,Ses03M_impro06_M012,unknown,his girlfriend got killed too.,,,sadness
train,Ses03M_impro06,13,Ses03M_impro06_M013,unknown,And the car that he hit was his family.,,,sadness
train,Ses03M_impro06,14,Ses03M_impro06_M014,unknown,The mother and father died--,,,sadness
train,Ses03M_impro06,15,Ses03M_impro06_M015,unknown,and the kids are paralyzed in a coma right now.,,,sadness
train,Ses03M_impro06,16,Ses03M_impro06_M016,unknown,and just going to the funeral it's-,,,sadness
train,Ses03M_impro06,17,Ses03M_impro06_M017,unknown,"-do I miss him or do I hate him, you know?",,,sadness
train,Ses03M_impro06,18,Ses03M_impro06_M018,unknown,I was supposed to see him last summer,,,sadness
train,Ses03M_impro06,19,Ses03M_impro06_M019,unknown,then I got busy with work and stuff and three years go by,,,sadness
train,Ses03M_impro06,20,Ses03M_impro06_M020,unknown,and then something like this happens you know?,,,sadness
train,Ses03M_impro06,21,Ses03M_impro06_M021,unknown,I mean I haven't even talked to him on the phone for the past three months.,,,sadness
train,Ses03M_impro06,22,Ses03M_impro06_M022,unknown,He's supposed to be my best friend.,,,sadness
train,Ses03M_impro06,23,Ses03M_impro06_M023,unknown,It's so fucked up.,,,sadness
train,Ses03M_impro06,24,Ses03M_impro06_M024,unknown,Why is that?,,,sadness
train,Ses03M_impro06,25,Ses03M_impro06_M025,unknown,He was studying to be a doctor.,,,sadness
train,Ses03M_impro06,26,Ses03M_impro06_M026,unknown,"I mean he was...he wanted to help people in poor countries, that is his goal.  He didn't care about the money.  He just wanted to go and help people.",,,sadness
train,Ses03M_impro06,27,Ses03M_impro06_M027,unknown,What the...what am I doing?,,,sadness
train,Ses03M_impro06,28,Ses03M_impro06_M028,unknown,Working for corporate America?  Wow.,,,sadness
train,Ses03M_impro06,29,Ses03M_impro06_M029,unknown,He actually wanted to do something.,,,sadness
train,Ses03M_impro06,30,Ses03M_impro06_M030,unknown,I can't do that.,,,sadness
train,Ses03M_impro06,31,Ses03M_impro06_M031,unknown,You should've met him.,,,sadness
train,Ses03M_impro06,32,Ses03M_impro06_M032,unknown,He is the greatest...everyone liked him.,,,sadness
train,Ses03M_impro07,0,Ses03M_impro07_F000,unknown,Hey.  How's it going?  I haven't seen you in awhile.,,,joy
train,Ses03M_impro07,1,Ses03M_impro07_F001,unknown,What's going on Joe?,,,joy
train,Ses03M_impro07,3,Ses03M_impro07_F003,unknown,No way. Are you serious? Oh my God.  Congratulations. I'm so excited.,,,sur
train,Ses03M_impro07,4,Ses03M_impro07_F004,unknown,No.  You didn't get into production.  There's no way.,,,sur
train,Ses03M_impro07,5,Ses03M_impro07_F005,unknown,I know.  Oh my God.  Oh my God Joe I am so happy for you.  Well you know what that means?,,,sur
train,Ses03M_impro07,6,Ses03M_impro07_F006,unknown,You're going to be here and I'm going to be in LA so we can be together now.  I mean we can be in the same city.,,,excited
train,Ses03M_impro07,7,Ses03M_impro07_F007,unknown,We can party.  We can have fun.,,,excited
train,Ses03M_impro07,8,Ses03M_impro07_F008,unknown,Yeah.  Hopefully it won't be like high school.,,,joy
train,Ses03M_impro07,9,Ses03M_impro07_F009,unknown,"Oh man I am so proud of you, that is...how did you get...I mean what did you do?  How did you find out or what...?",,,excited
train,Ses03M_impro07,10,Ses03M_impro07_F010,unknown,Oh man.,,,joy
train,Ses03M_impro07,11,Ses03M_impro07_F011,unknown,Did you say yes yet?  I mean have you sent in your answer?,,,joy
train,Ses03M_impro07,12,Ses03M_impro07_F012,unknown,All right.,,,joy
train,Ses03M_impro07,13,Ses03M_impro07_F013,unknown,"This is so great, you know, because I gone fit on downtown so I'm going to be like right here.  I think I'm going to be living at City Lights downtown.",,,joy
train,Ses03M_impro07,14,Ses03M_impro07_F014,unknown,"Yeah, it really is.",,,joy
train,Ses03M_impro07,16,Ses03M_impro07_F016,unknown,Man I'm just so happy for you.  I just--,,,excited
train,Ses03M_impro07,17,Ses03M_impro07_F017,unknown,"Well, I'm happy for you but I'm happy for me cause that means you're going to stay.",,,joy
train,Ses03M_impro07,18,Ses03M_impro07_F018,unknown,Oh great. I would love to go.,,,excited
train,Ses03M_impro07,19,Ses03M_impro07_F019,unknown,Mmmm some miso soup.,,,joy
train,Ses03M_impro07,23,Ses03M_impro07_F023,unknown,Oh my God.  I am so proud of you.,,,neutral
train,Ses03M_impro07,2,Ses03M_impro07_M002,unknown,Guess who got into U.S.C.?,,,excited
train,Ses03M_impro07,3,Ses03M_impro07_M003,unknown,"Me. Yeah, I did.",,,excited
train,Ses03M_impro07,4,Ses03M_impro07_M004,unknown,Yeah.,,,excited
train,Ses03M_impro07,5,Ses03M_impro07_M005,unknown,I got into the...,,,excited
train,Ses03M_impro07,6,Ses03M_impro07_M006,unknown,I got into cinema production.,,,excited
train,Ses03M_impro07,7,Ses03M_impro07_M007,unknown,Yeah.,,,excited
train,Ses03M_impro07,8,Ses03M_impro07_M008,unknown,No.  It's like it's harder than getting into Harvard.,,,excited
train,Ses03M_impro07,9,Ses03M_impro07_M009,unknown,What does that mean?,,,neutral
train,Ses03M_impro07,10,Ses03M_impro07_M010,unknown,Holy shit...,,,excited
train,Ses03M_impro07,11,Ses03M_impro07_M011,unknown,This will be like high school but even better.,,,excited
train,Ses03M_impro07,13,Ses03M_impro07_M013,unknown,"I have some bad news.  I was like what?  She's like not really you got into U.S.C. and I was like, I was like oh my God.  I was about to tear my own hair out.",,,excited
train,Ses03M_impro07,14,Ses03M_impro07_M014,unknown,Yeah.  This is so crazy.  I mean I didn't get into any other school but I got into the school I wanted.,,,joy
train,Ses03M_impro07,15,Ses03M_impro07_M015,unknown,Oh my God the first minute I got it I sent it back in.,,,excited
train,Ses03M_impro07,16,Ses03M_impro07_M016,unknown,So...,,,excited
train,Ses03M_impro07,17,Ses03M_impro07_M017,unknown,This is so exciting.  This is like a new chapter in our lives.,,,excited
train,Ses03M_impro07,18,Ses03M_impro07_M018,unknown,"We're doing what we want to do, then four years later we're going to be working professionals, making money, sipping martinis every day.",,,excited
train,Ses03M_impro07,19,Ses03M_impro07_M019,unknown,Thank you,,,excited
train,Ses03M_impro07,20,Ses03M_impro07_M020,unknown,And tonight my parents want to take me out to sushi and they said I could bring you.,,,excited
train,Ses03M_impro07,22,Ses03M_impro07_M022,unknown,Yeah and they said get whatever you want and...,,,excited
train,Ses03M_impro07,23,Ses03M_impro07_M023,unknown,Some miso soup.  You can get whatever.  You can get a vat full of miso soup.  God.,,,excited
train,Ses03M_impro07,24,Ses03M_impro07_M024,unknown,This is going to be so great.  I have so many great ideas.,,,excited
train,Ses03M_impro07,25,Ses03M_impro07_M025,unknown,"It took them, oh man, it took them like, I mean what it's like April now and any letters that come in April are usually the rejection letters so I was just like...",,,joy
train,Ses03M_impro08a,0,Ses03M_impro08a_F000,unknown,"Hello?  God finally somebody, look, this is ridiculous.  I've been waiting online for like a half an hour now.",,,frustrated
train,Ses03M_impro08a,1,Ses03M_impro08a_F001,unknown,"Look my, my phone isn't working.  I don't understand what's going on.  I am trying to call out.  I'm not receiving any calls",,,frustrated
train,Ses03M_impro08a,2,Ses03M_impro08a_F002,unknown,"and I need assistance with my...not only is my work phone, it's my home phone and look,",,,frustrated
train,Ses03M_impro08a,3,Ses03M_impro08a_F003,unknown,this is my business.  This is how I make money is through my phone.  It needs to be working.  Can you please help me?,,,frustrated
train,Ses03M_impro08a,4,Ses03M_impro08a_F004,unknown,two two six six.,,,neutral
train,Ses03M_impro08a,5,Ses03M_impro08a_F005,unknown,Olivia.,,,frustrated
train,Ses03M_impro08a,6,Ses03M_impro08a_F006,unknown,"This has been going on for the past two weeks.  I called every single day.  Nobody is helping me.  You guys tell me the same thing over and over, call again, call again, call again--",,,frustrated
train,Ses03M_impro08a,7,Ses03M_impro08a_F007,unknown,"I don't, I don't know what the problem is.  That's what I want you guys to...why is my service not turned on?  And I paid my bills on time.  I don't understand.",,,frustrated
train,Ses03M_impro08a,8,Ses03M_impro08a_F008,unknown,"Okay.  Well that is, that is fine and all.  I don't care.  I really don't care because I want my phone to work that's all.",,,frustrated
train,Ses03M_impro08a,9,Ses03M_impro08a_F009,unknown,"That is I am paying you guys for service and I'm not getting any service.  I get, I get just dropped calls all the time and now it's completely not working at all.  I can't even call out, nine one one probably wouldn't even work.",,,frustrated
train,Ses03M_impro08a,10,Ses03M_impro08a_F010,unknown,Well you better.  You better give me a whole freaking new phone that's what you better do.,,,frustrated
train,Ses03M_impro08a,11,Ses03M_impro08a_F011,unknown,I want a camera phone actually.,,,frustrated
train,Ses03M_impro08a,12,Ses03M_impro08a_F012,unknown,"No, no, no...  I'm done with these contract business because this is what can happen.",,,frustrated
train,Ses03M_impro08a,13,Ses03M_impro08a_F013,unknown,"You sign the contract and then down the line the phone doesn't work and you're stuck, you can't go to a new...no.  No contracts for me.  You give me a new phone.",,,anger
train,Ses03M_impro08a,14,Ses03M_impro08a_F014,unknown,I want to talk to a supervisor,,,anger
train,Ses03M_impro08a,15,Ses03M_impro08a_F015,unknown,I would like to talk to your supervisor.  Obviously you're incompetent and don't understand what I'm asking.,,,anger
train,Ses03M_impro08a,16,Ses03M_impro08a_F016,unknown,What?,,,frustrated
train,Ses03M_impro08a,17,Ses03M_impro08a_F017,unknown,That's ridiculous.  You know?,,,frustrated
train,Ses03M_impro08a,18,Ses03M_impro08a_F018,unknown,"No I don't want to call back, you put me on hold for like hours and hours----and it's money, money, money, money and out of my pocket, out of my pocket--",,,frustrated
train,Ses03M_impro08a,19,Ses03M_impro08a_F019,unknown,Every phone...every single phone company?,,,frustrated
train,Ses03M_impro08a,20,Ses03M_impro08a_F020,unknown,This is ridiculous.Well what are we supposed to do?  We starve then because I can't use my phone cause,,,anger
train,Ses03M_impro08a,21,Ses03M_impro08a_F021,unknown,"I am a realtor and this is my business.  People are calling me all the time but you know, and I don't have a land line.  I can't afford to have a land line",,,anger
train,Ses03M_impro08a,22,Ses03M_impro08a_F022,unknown,That you better be sorry.,,,anger
train,Ses03M_impro08a,23,Ses03M_impro08a_F023,unknown,Well you're not helping me at all.  God this is so frustrating.,,,frustrated
train,Ses03M_impro08a,24,Ses03M_impro08a_F024,unknown,What?  No.  That's way too complicated.  Look--,,,frustrated
train,Ses03M_impro08a,25,Ses03M_impro08a_F025,unknown,you need to fix my phone.  I don't care what you have to do--,,,frustrated
train,Ses03M_impro08a,27,Ses03M_impro08a_F027,unknown,"Yeah yeah, woman going out in South Central on the payphone at night.  Oh that's real safe.",,,frustrated
train,Ses03M_impro08a,28,Ses03M_impro08a_F028,unknown,"No, no, no.  I didn't choose to live here.  I work there.  Okay?  Yeah. work work work",,,frustrated
train,Ses03M_impro08a,29,Ses03M_impro08a_F029,unknown,"We can't call out.  We can't make out-- line.  I don't work, I work at another office.",,,frustrated
train,Ses03M_impro08a,30,Ses03M_impro08a_F030,unknown,A law firm.  Thank you very much.,,,frustrated
train,Ses03M_impro08a,31,Ses03M_impro08a_F031,unknown,"I work out of my home as a realtor and because I don't have a land line, I need a phone and because of now I don't have one I don't know what to do.  And you're not helping me at all.",,,frustrated
train,Ses03M_impro08a,32,Ses03M_impro08a_F032,unknown,"In fact, give me your name sir, what's your name again?",,,frustrated
train,Ses03M_impro08a,33,Ses03M_impro08a_F033,unknown,Okay.  Sara what?,,,frustrated
train,Ses03M_impro08a,34,Ses03M_impro08a_F034,unknown,"Sara Brown.  Sara Brown, um- yeah, I'm going to get off the phone with you. And then I'm going to call back and I'm going to give your supervisor your name because you're obviously incompetent to work here.",,,frustrated
train,Ses03M_impro08a,35,Ses03M_impro08a_F035,unknown,"What are you, what are you a police officer now?  You know, like I'm done, I'm over it.  Goodbye and I hope that you lose your job.",,,frustrated
train,Ses03M_impro08a,0,Ses03M_impro08a_M000,unknown,Hello.  This is Viacom Services.  How can I help you?,,,neutral
train,Ses03M_impro08a,1,Ses03M_impro08a_M001,unknown,"I'm sorry ma'am, what can I help you with?",,,neutral
train,Ses03M_impro08a,2,Ses03M_impro08a_M002,unknown,Okay.  Can you give me the last four digits of your social security number so I can verify who I'm speaking with?,,,neutral
train,Ses03M_impro08a,3,Ses03M_impro08a_M003,unknown,Okay.  And your name is?,,,neutral
train,Ses03M_impro08a,4,Ses03M_impro08a_M004,unknown,Olivia. Um. Okay.  So how long has this problem been?,,,neutral
train,Ses03M_impro08a,5,Ses03M_impro08a_M005,unknown,So what exactly is the problem?,,,neutral
train,Ses03M_impro08a,6,Ses03M_impro08a_M006,unknown,Um- I think part of it has to do with the network being down.  It's been having some trouble the last few weeks--,,,neutral
train,Ses03M_impro08a,7,Ses03M_impro08a_M007,unknown,I understand--we're not-,,,neutral
train,Ses03M_impro08a,8,Ses03M_impro08a_M008,unknown,No.  Okay.  We're not charging you for any of these months.  We're going to give you three months free.,,,neutral
train,Ses03M_impro08a,9,Ses03M_impro08a_M009,unknown,We can give you a new phone--,,,neutral
train,Ses03M_impro08a,10,Ses03M_impro08a_M010,unknown,We can do that.  We can do that.  You just have to sign a one-year contract though with the--,,,neutral
train,Ses03M_impro08a,11,Ses03M_impro08a_M011,unknown,"Besides, it's sort of out of hands at the moment----The whole electrical power outage.",,,frustrated
train,Ses03M_impro08a,12,Ses03M_impro08a_M012,unknown,"Um- Let me connect you to my supervisor.  Actually, he's out right now so I'm supervisor until he comes back. Um-",,,neutral
train,Ses03M_impro08a,13,Ses03M_impro08a_M013,unknown,"So you could----speak with me some more, you could call back later on maybe.",,,neutral
train,Ses03M_impro08a,14,Ses03M_impro08a_M014,unknown,I didn't put you on hold.,,,frustrated
train,Ses03M_impro08a,15,Ses03M_impro08a_M015,unknown,There are a lot of people calling us having problems.  Every phone company is having the same problems ma'am,,,frustrated
train,Ses03M_impro08a,16,Ses03M_impro08a_M016,unknown,"Mmm hmmm.  Mmm hmmm.  The power outages, everything, hurricane Katrina. Everything's really messed up.",,,neutral
train,Ses03M_impro08a,17,Ses03M_impro08a_M017,unknown,don't you-,,,neutral
train,Ses03M_impro08a,18,Ses03M_impro08a_M018,unknown,I'm really sorry ma'am.  There's not----a lot we can do for it.,,,neutral
train,Ses03M_impro08a,19,Ses03M_impro08a_M019,unknown,"What I can do for you, if you want to make a call right now I could contact you through our computer.  I can call through my phone and you can speak through me.",,,neutral
train,Ses03M_impro08a,20,Ses03M_impro08a_M020,unknown,I'm sorry it has to do with an electrical power outage and stuff--,,,neutral
train,Ses03M_impro08a,21,Ses03M_impro08a_M021,unknown,"Well, okay I'm going to give you a free phone card that you can use at any payphone and that's on us. Okay?",,,neutral
train,Ses03M_impro08a,22,Ses03M_impro08a_M022,unknown,"I'm, I'm sorry you chose to live there um--",,,neutral
train,Ses03M_impro08a,23,Ses03M_impro08a_M023,unknown,Well I'm sure maybe there's a phone at work you could use.,,,neutral
train,Ses03M_impro08a,24,Ses03M_impro08a_M024,unknown,All right um--,,,neutral
train,Ses03M_impro08a,25,Ses03M_impro08a_M025,unknown,My name is Sara.,,,neutral
train,Ses03M_impro08a,26,Ses03M_impro08a_M026,unknown,Sara Brown.,,,neutral
train,Ses03M_impro08a,27,Ses03M_impro08a_M027,unknown,"You know maam, we record this conversation so anything you say can be proven in a law of court so keep that in mind.",,,neutral
train,Ses03M_impro08b,1,Ses03M_impro08b_F001,unknown,Oh God I finally got...you know how long I've been waiting on line?  You put on hold for like five hours.  Geez.,,,frustrated
train,Ses03M_impro08b,2,Ses03M_impro08b_F002,unknown,I've already been through this five times with these people.  I've been calling every single day.,,,frustrated
train,Ses03M_impro08b,3,Ses03M_impro08b_F003,unknown,Olivia Brown.,,,frustrated
train,Ses03M_impro08b,4,Ses03M_impro08b_F004,unknown,Well my phone isn't working and it hasn't been working for the last five days.,,,frustrated
train,Ses03M_impro08b,5,Ses03M_impro08b_F005,unknown,"Yeah, yeah, yeah you better be sorry.",,,anger
train,Ses03M_impro08b,6,Ses03M_impro08b_F006,unknown,No I did not drop my phone in water.  I'm not five years old and just dropped my phone anywhere I see it.  Okay this is my business.,,,anger
train,Ses03M_impro08b,7,Ses03M_impro08b_F007,unknown,Okay?  And it [GARBAGE]. My business is failing because my phone isn't working and I don't have a land line and I really can't handle this right now.,,,frustrated
train,Ses03M_impro08b,8,Ses03M_impro08b_F008,unknown,"the symptoms- This [GARBAGE] a doctor's office. I'm not receiving calls...I can't receive- no, it's, it cuts me off--",,,frustrated
train,Ses03M_impro08b,9,Ses03M_impro08b_F009,unknown,Yes the phone turns on.  No I mean I'm using it not turning on the phone.  Of course it turns on.,,,frustrated
train,Ses03M_impro08b,10,Ses03M_impro08b_F010,unknown,No- I don't have a sim card because it's Verizon and you guys don't use sim cards.,,,frustrated
train,Ses03M_impro08b,11,Ses03M_impro08b_F011,unknown,"Okay no.  Sir, this is the deal.  My phone isn't working and I don't care what the problem is but it needs to work.  That's why I'm paying you guys to fix it.",,,frustrated
train,Ses03M_impro08b,12,Ses03M_impro08b_F012,unknown,I don't know even how to use that stuff it's too complicated.  I just want my flip phone to work----that's all I need,,,frustrated
train,Ses03M_impro08b,13,Ses03M_impro08b_F013,unknown,"Look, I am on the road all the time.  Do you understand how important?  I'm a woman, a single mother by herself working...what?",,,frustrated
train,Ses03M_impro08b,14,Ses03M_impro08b_F014,unknown,"Brent Backersen, I am writing this down, Brent Backersen.  Alright.",,,frustrated
train,Ses03M_impro08b,15,Ses03M_impro08b_F015,unknown,"I, I, I don't want a contract. Okay. I don't want any contracts.",,,frustrated
train,Ses03M_impro08b,16,Ses03M_impro08b_F016,unknown,Really?  No contract?,,,frustrated
train,Ses03M_impro08b,21,Ses03M_impro08b_F021,unknown,"Alright. Well-  I guess - I guess that's okay but,",,,neutral
train,Ses03M_impro08b,23,Ses03M_impro08b_F023,unknown,Okay.,,,neutral
train,Ses03M_impro08b,24,Ses03M_impro08b_F024,unknown,Alright Thanks.,,,neutral
train,Ses03M_impro08b,0,Ses03M_impro08b_M000,unknown,Hello?,,,neutral
train,Ses03M_impro08b,1,Ses03M_impro08b_M001,unknown,I'm sorry ma'am.  What's the nature of your problem?  But first can I get you to tell me your first and last name?,,,neutral
train,Ses03M_impro08b,2,Ses03M_impro08b_M002,unknown,I know I just need to verify every time.  I'm sorry.,,,neutral
train,Ses03M_impro08b,3,Ses03M_impro08b_M003,unknown,Alright Ms. Brown what's the nature of your problem?,,,neutral
train,Ses03M_impro08b,4,Ses03M_impro08b_M004,unknown,Oh.  I'm sorry. Um- Did you drop it in water?,,,neutral
train,Ses03M_impro08b,5,Ses03M_impro08b_M005,unknown,"Um- well it's probably easy.  Can you any more symptoms either you're not receiving calls----ok, you're not receiving calls, not getting calls.",,,neutral
train,Ses03M_impro08b,6,Ses03M_impro08b_M006,unknown,Is the phone turned on?,,,neutral
train,Ses03M_impro08b,7,Ses03M_impro08b_M007,unknown,"Well, um- okay.  Your sim card is in- didn't fall out-",,,neutral
train,Ses03M_impro08b,8,Ses03M_impro08b_M008,unknown,Alright.  Um- Well that could be the problem. cause--,,,neutral
train,Ses03M_impro08b,9,Ses03M_impro08b_M009,unknown,you might have an older phone where we would use sim cards but probably not.,,,neutral
train,Ses03M_impro08b,10,Ses03M_impro08b_M010,unknown,Okay.  How about this we'll send you a brand new camera phone with palm pilot-- and-,,,neutral
train,Ses03M_impro08b,11,Ses03M_impro08b_M011,unknown,"So we'll send it- And we'll give you, how about a free year's service?",,,neutral
train,Ses03M_impro08b,12,Ses03M_impro08b_M012,unknown,Tell them my name.  My name is Brent Backersen.,,,neutral
train,Ses03M_impro08b,13,Ses03M_impro08b_M013,unknown,Okay.  Tell them my - my ID number is two one three five.,,,neutral
train,Ses03M_impro08b,14,Ses03M_impro08b_M014,unknown,"Tell them that.  You can go in, get a brand new phone, they'll hook you up with service even give you a free three months--",,,neutral
train,Ses03M_impro08b,15,Ses03M_impro08b_M015,unknown,It will be free.  No contract okay?,,,neutral
train,Ses03M_impro08b,16,Ses03M_impro08b_M016,unknown,"Go in there, yeah, go in there.  Tell them Brent Backersen sent you.",,,neutral
train,Ses03M_impro08b,17,Ses03M_impro08b_M017,unknown,"the top of the line camera phone, game boy, anything you want. For free. And palm pilot.",,,neutral
train,Ses03M_impro08b,18,Ses03M_impro08b_M018,unknown,They might only have orange.,,,neutral
train,Ses03M_impro08b,19,Ses03M_impro08b_M019,unknown,"Okay.  They can figure out pink for you.  So go in there and just tell them that and they'll hook you up with other goodies, stuff like that free service, no contract, no nothing.  Just for being a good customer",,,neutral
train,Ses03M_impro08b,20,Ses03M_impro08b_M020,unknown,and battling through with us.,,,neutral
train,Ses03M_impro08b,21,Ses03M_impro08b_M021,unknown,Yes.  You just tell them Brent Backersen sent you.,,,neutral
train,Ses03M_impro08b,22,Ses03M_impro08b_M022,unknown,Alright?  Great.  Have a nice evening.,,,neutral
train,Ses03M_script01_1,0,Ses03M_script01_1_F000,unknown,What's he going to say?  Maybe we ought to talk to him before he sees it.,,,neutral
train,Ses03M_script01_1,1,Ses03M_script01_1_F001,unknown,"What do you mean. He couldn't have seen it. I was the first one up, he was still in bed.",,,sur
train,Ses03M_script01_1,2,Ses03M_script01_1_F002,unknown,When?,,,sur
train,Ses03M_script01_1,4,Ses03M_script01_1_F004,unknown,Did you talk to him?,,,sadness
train,Ses03M_script01_1,5,Ses03M_script01_1_F005,unknown,He cried hard?,,,sadness
train,Ses03M_script01_1,7,Ses03M_script01_1_F007,unknown,Starting to dream about him again.  He's walking around at night again.,,,frustrated
train,Ses03M_script01_1,8,Ses03M_script01_1_F008,unknown,"He's getting just like he did after he died, you know?  What, what, what's the meaning of this?",,,sadness
train,Ses03M_script01_1,13,Ses03M_script01_1_F013,unknown,How are you going to prove it?  Can you prove it?,,,frustrated
train,Ses03M_script01_1,15,Ses03M_script01_1_F015,unknown,he still thinks he's alive still.  I mean you could talk yourself blue in the face and there's no body and there's no grave so where are you?,,,frustrated
train,Ses03M_script01_1,16,Ses03M_script01_1_F016,unknown,No.  It's his god damned newspapers is what it is.  Now every month there's a new boy comes home and Larry's going to be the next one.,,,anger
train,Ses03M_script01_1,17,Ses03M_script01_1_F017,unknown,Why?,,,anger
train,Ses03M_script01_1,20,Ses03M_script01_1_F020,unknown,"Well what do you want me to do?  I mean, you're old enough to know your own mind.",,,anger
train,Ses03M_script01_1,21,Ses03M_script01_1_F021,unknown,"Well, I mean, you got to make sure your dad's not going--",,,neutral
train,Ses03M_script01_1,22,Ses03M_script01_1_F022,unknown,Well I'm just saying--,,,frustrated
train,Ses03M_script01_1,25,Ses03M_script01_1_F025,unknown,From your father's point of view he is still alive and if you try and take her that's just not fair.  You can't do that.,,,frustrated
train,Ses03M_script01_1,26,Ses03M_script01_1_F026,unknown,"And-And-And if you go on from there if you know already to go on from there, then you can.  But I'm telling you something that I don't know where to go.  You got it?  I mean, do you?",,,frustrated
train,Ses03M_script01_1,28,Ses03M_script01_1_F028,unknown,Did you ask Annie yet?,,,neutral
train,Ses03M_script01_1,30,Ses03M_script01_1_F030,unknown,"Look, you never had seen many, many women.  You know?  I mean...",,,neutral
train,Ses03M_script01_1,31,Ses03M_script01_1_F031,unknown,Well I just don't see why it has to be Annie.,,,frustrated
train,Ses03M_script01_1,33,Ses03M_script01_1_F033,unknown,No I don't want a diagram.,,,frustrated
train,Ses03M_script01_1,34,Ses03M_script01_1_F034,unknown,"He thinks he's coming back. And you go off and marry that girl and you're just pronouncing him dead and what's going to happen to him?  I don't know.  Do you?  I mean, I don't know.",,,frustrated
train,Ses03M_script01_1,38,Ses03M_script01_1_F038,unknown,You're just going to leave the business?  You have a business here.  You can't do that.,,,anger
train,Ses03M_script01_1,40,Ses03M_script01_1_F040,unknown,Tell me something.  You can leave this business?,,,sadness
train,Ses03M_script01_1,42,Ses03M_script01_1_F042,unknown,Alright but you can't talk like that you hear?,,,frustrated
train,Ses03M_script01_1,43,Ses03M_script01_1_F043,unknown,"I mean what the hell have we worked for then?  I mean, it's all for you Chris.  The whole shooting match is for you.",,,anger
train,Ses03M_script01_1,44,Ses03M_script01_1_F044,unknown,Alright but you don't talk like that you hear?  You don't.,,,frustrated
train,Ses03M_script01_1,45,Ses03M_script01_1_F045,unknown,I don't understand you do I?,,,sadness
train,Ses03M_script01_1,46,Ses03M_script01_1_F046,unknown,Yeah.  I can see that.,,,sadness
train,Ses03M_script01_1,0,Ses03M_script01_1_M000,unknown,He saw it.,,,sadness
train,Ses03M_script01_1,1,Ses03M_script01_1_M001,unknown,He was out there when it happened.,,,sadness
train,Ses03M_script01_1,2,Ses03M_script01_1_M002,unknown,About four in the morning.  I heard a crack and I looked out and he was standing right there when it happened.,,,sadness
train,Ses03M_script01_1,3,Ses03M_script01_1_M003,unknown,I don't know. But after it cracked he ran back into the house and he cried in the kitchen.,,,sadness
train,Ses03M_script01_1,4,Ses03M_script01_1_M004,unknown,No.  I figured the best thing to do was leave him alone.,,,sadness
train,Ses03M_script01_1,5,Ses03M_script01_1_M005,unknown,I could hear it right through the floor.,,,sadness
train,Ses03M_script01_1,6,Ses03M_script01_1_M006,unknown,I guess he is.,,,sadness
train,Ses03M_script01_1,7,Ses03M_script01_1_M007,unknown,"I don't know.  But I know one thing mom, we made a terrible mistake with dad.",,,sadness
train,Ses03M_script01_1,8,Ses03M_script01_1_M008,unknown,Being dishonest with him.  That kind of thing always pays off and now it's paying off.,,,frustrated
train,Ses03M_script01_1,9,Ses03M_script01_1_M009,unknown,You know that Larry's not coming back and I know that too.  Why we both go on letting him think that we both believe with him.,,,anger
train,Ses03M_script01_1,10,Ses03M_script01_1_M010,unknown,"No I don't want to argue with him but, it's time that he realizes that nobody believes Larry's coming back anymore.",,,frustrated
train,Ses03M_script01_1,11,Ses03M_script01_1_M011,unknown,"Why shouldn't he walk around and dream at him at night.  Walk around.  Why shouldn't he walk around?  Why shouldn't he dream of him, walk around at night waiting for him?  Do we contradict him?  Do we say flat out that we don't have anymore hope?",,,anger
train,Ses03M_script01_1,12,Ses03M_script01_1_M012,unknown,That we haven't had any hope for years now?,,,anger
train,Ses03M_script01_1,14,Ses03M_script01_1_M014,unknown,Larry's been gone for three years.  For god sakes no one comes back after three years.  It's insane.,,,frustrated
train,Ses03M_script01_1,15,Ses03M_script01_1_M015,unknown,"Listen mom, just, sit down.  I want to talk to you.",,,frustrated
train,Ses03M_script01_1,16,Ses03M_script01_1_M016,unknown,Alright. Alright. Alright just listen.,,,frustrated
train,Ses03M_script01_1,17,Ses03M_script01_1_M017,unknown,"You know why I asked Annie here, right?",,,neutral
train,Ses03M_script01_1,19,Ses03M_script01_1_M019,unknown,I want to ask her to marry me.,,,neutral
train,Ses03M_script01_1,20,Ses03M_script01_1_M020,unknown,You know it's not just my business.,,,frustrated
train,Ses03M_script01_1,21,Ses03M_script01_1_M021,unknown,Okay.  So then it's alright.  I'll go ahead with it.,,,neutral
train,Ses03M_script01_1,22,Ses03M_script01_1_M022,unknown,Oh see then it's just not my business. God you infuriate me sometimes.  Isn't my business too if dad throws a fit?  Huh?  God you have such a talent for ignoring things.,,,anger
train,Ses03M_script01_1,23,Ses03M_script01_1_M023,unknown,She's not Larry's girl.,,,frustrated
train,Ses03M_script01_1,24,Ses03M_script01_1_M024,unknown,I don't know why it is but every time I reach out for something I want I have to pull back,,,frustrated
train,Ses03M_script01_1,26,Ses03M_script01_1_M026,unknown,"My whole entire, bloody life time and time again.",,,frustrated
train,Ses03M_script01_1,27,Ses03M_script01_1_M027,unknown,Well to hell with that.,,,anger
train,Ses03M_script01_1,28,Ses03M_script01_1_M028,unknown,I wanted to get this settled first.,,,neutral
train,Ses03M_script01_1,29,Ses03M_script01_1_M029,unknown,Then I guess that's the end of it.,,,neutral
train,Ses03M_script01_1,30,Ses03M_script01_1_M030,unknown,But from her letters I think she's forgotten him.  I'll find out.,,,sadness
train,Ses03M_script01_1,31,Ses03M_script01_1_M031,unknown,"And then we'll thrash it out with dad right?  Mom, don't avoid me.",,,neutral
train,Ses03M_script01_1,33,Ses03M_script01_1_M033,unknown,Because it is.,,,frustrated
train,Ses03M_script01_1,34,Ses03M_script01_1_M034,unknown,It's just...that's just the way it is.  That's how I feel.  You know these years when I think of someone I want to marry I think of Annie.  What do you want a diagram?,,,frustrated
train,Ses03M_script01_1,35,Ses03M_script01_1_M035,unknown,Alright then.,,,frustrated
train,Ses03M_script01_1,36,Ses03M_script01_1_M036,unknown,I've given it three years of thought and I thought that if I waited then dad would forget about Larry and then we could have a regular wedding and everything happy.,,,sadness
train,Ses03M_script01_1,37,Ses03M_script01_1_M037,unknown,But if I can't have that here I'll get out.,,,neutral
train,Ses03M_script01_1,38,Ses03M_script01_1_M038,unknown,I'll get out.  I'll marry her somewhere else.  Maybe New York.,,,neutral
train,Ses03M_script01_1,39,Ses03M_script01_1_M039,unknown,I've been a good son too long.  A good sucker and I'm through with it.,,,anger
train,Ses03M_script01_1,40,Ses03M_script01_1_M040,unknown,The business doesn't inspire me.,,,anger
train,Ses03M_script01_1,41,Ses03M_script01_1_M041,unknown,Yes.  I like it an hour out of the day.  If I have to grub for money all day long at least at evening I want it beautiful.  I want a family.  I want a wife.  I want some kids.  I want to build something I can give myself to.,,,anger
train,Ses03M_script01_1,42,Ses03M_script01_1_M042,unknown,Now Annie is in the middle of all that.  Where do I find it?,,,frustrated
train,Ses03M_script01_1,43,Ses03M_script01_1_M043,unknown,Yes.  On this I would.,,,neutral
train,Ses03M_script01_1,45,Ses03M_script01_1_M045,unknown,I know.  Just you help me stay here.,,,sadness
train,Ses03M_script01_1,46,Ses03M_script01_1_M046,unknown,I am thinking like that.,,,sadness
train,Ses03M_script01_1,47,Ses03M_script01_1_M047,unknown,No you don't.  I'm a pretty tough guy.,,,sadness
train,Ses03M_script01_2,0,Ses03M_script01_2_F000,unknown,Why did he invite her here?,,,anger
train,Ses03M_script01_2,1,Ses03M_script01_2_F001,unknown,Well she's been away for three and a half years in New York and suddenly she just shows up.,,,anger
train,Ses03M_script01_2,6,Ses03M_script01_2_F006,unknown,No.  She's not his girl Joe and she knows that.,,,anger
train,Ses03M_script01_2,9,Ses03M_script01_2_F009,unknown,"I mean, her faith is stronger than a rock.",,,anger
train,Ses03M_script01_2,10,Ses03M_script01_2_F010,unknown,"My worst times I think about her, you know, and I",,,sadness
train,Ses03M_script01_2,11,Ses03M_script01_2_F011,unknown,it's like I know as long as she's waiting I'm right again.,,,sadness
train,Ses03M_script01_2,12,Ses03M_script01_2_F012,unknown,"No.  Nobody in my house better dare and challenge her faith.  You know and maybe strangers but not his father, not his brother.",,,anger
train,Ses03M_script01_2,15,Ses03M_script01_2_F015,unknown,"Laugh, laugh at me but I will.  Because you know what happened when she came here?  When she came back she slept in his room, the memorial broke into pieces. Joe, look. Look at it. You got to believe with me.",,,anger
train,Ses03M_script01_2,17,Ses03M_script01_2_F017,unknown,"Look, it was just last week that Detroit, some boy came back he had been away longer than Larry, you can read it for yourself. You above all people have got to believe.",,,sadness
train,Ses03M_script01_2,19,Ses03M_script01_2_F019,unknown,I can't help it.,,,sadness
train,Ses03M_script01_2,0,Ses03M_script01_2_M000,unknown,Why does that bother you?,,,frustrated
train,Ses03M_script01_2,1,Ses03M_script01_2_M001,unknown,"Well maybe, maybe he just wanted to see her.",,,neutral
train,Ses03M_script01_2,2,Ses03M_script01_2_M002,unknown,uh-uh What do you mean?  They grew up next to each other their entire lives.  Why shouldn't he want to see her?,,,frustrated
train,Ses03M_script01_2,3,Ses03M_script01_2_M003,unknown,Hey don't look at me like that.  I don't know anymore than you.,,,frustrated
train,Ses03M_script01_2,4,Ses03M_script01_2_M004,unknown,Who said he even thought about that?,,,neutral
train,Ses03M_script01_2,5,Ses03M_script01_2_M005,unknown,"Well, so what?",,,neutral
train,Ses03M_script01_2,6,Ses03M_script01_2_M006,unknown,Now listen kid...,,,frustrated
train,Ses03M_script01_2,8,Ses03M_script01_2_M008,unknown,How do you know why she's waited?  Hmmm?,,,neutral
train,Ses03M_script01_2,9,Ses03M_script01_2_M009,unknown,Look at how nice the day is.  What are we arguing for?,,,frustrated
train,Ses03M_script01_2,10,Ses03M_script01_2_M010,unknown,What do you want me to do?  What do you want?,,,frustrated
train,Ses03M_script01_2,11,Ses03M_script01_2_M011,unknown,But Kate...,,,frustrated
train,Ses03M_script01_2,12,Ses03M_script01_2_M012,unknown,Okay. Calm yourself. Just calm yourself.,,,frustrated
train,Ses03M_script01_2,14,Ses03M_script01_2_M014,unknown,"Alright, alright, calm yourself okay?  Calm yourself. Wait, wait.  What do you mean, me above all?",,,anger
train,Ses03M_script01_2,15,Ses03M_script01_2_M015,unknown,"Wait, what does that mean?  Me above all?",,,anger
train,Ses03M_script01_2,16,Ses03M_script01_2_M016,unknown,"Look at you, you're shaking.",,,anger
train,Ses03M_script01_2,17,Ses03M_script01_2_M017,unknown,What do I got to hide?  Huh?  What the hell's the matter with you Kate?,,,anger
train,Ses03M_script01_3,4,Ses03M_script01_3_F004,unknown,No.  I'm not sorry.  But I'm not going to stay.,,,sadness
train,Ses03M_script01_3,6,Ses03M_script01_3_F006,unknown,"Look,",,,sadness
train,Ses03M_script01_3,7,Ses03M_script01_3_F007,unknown,"you saw the way that she acted and then well, I mean, you, you were acting kind of...",,,sadness
train,Ses03M_script01_3,8,Ses03M_script01_3_F008,unknown,"Well, I don't know, embarrassed of her since I came.",,,sadness
train,Ses03M_script01_3,11,Ses03M_script01_3_F011,unknown,"Well,",,,joy
train,Ses03M_script01_3,12,Ses03M_script01_3_F012,unknown,I guess that's why I came.,,,joy
train,Ses03M_script01_3,13,Ses03M_script01_3_F013,unknown,"Look, I've been ready for a long, long time now.",,,joy
train,Ses03M_script01_3,14,Ses03M_script01_3_F014,unknown,"Look, I almost got married two years ago.",,,joy
train,Ses03M_script01_3,15,Ses03M_script01_3_F015,unknown,You started to write me.,,,joy
train,Ses03M_script01_3,16,Ses03M_script01_3_F016,unknown,Every day since.,,,joy
train,Ses03M_script01_3,17,Ses03M_script01_3_F017,unknown,"I was waiting for you Chris, I mean, till then you never wrote and then when you did what did you say?",,,joy
train,Ses03M_script01_3,18,Ses03M_script01_3_F018,unknown,You'd always be so ambiguous.,,,joy
train,Ses03M_script01_3,19,Ses03M_script01_3_F019,unknown,I'll never forgive you for that.,,,joy
train,Ses03M_script01_3,20,Ses03M_script01_3_F020,unknown,"I mean,  Why did you wait all these years?  There I was sitting around and wondering if I was crazy for thinking about you.",,,joy
train,Ses03M_script01_3,21,Ses03M_script01_3_F021,unknown,Not like that you're not.,,,joy
train,Ses03M_script01_3,29,Ses03M_script01_3_F029,unknown,How many?,,,sadness
train,Ses03M_script01_3,30,Ses03M_script01_3_F030,unknown,Geez.,,,sadness
train,Ses03M_script01_3,31,Ses03M_script01_3_F031,unknown,And you still feel that way?,,,sadness
train,Ses03M_script01_3,33,Ses03M_script01_3_F033,unknown,"that includes me too, I mean and the money, you have right to that money.  Your father put planes up in the air, good planes and he deserves it, you should be proud of that.  A man should be paid for that.",,,sadness
train,Ses03M_script01_3,34,Ses03M_script01_3_F034,unknown,What am I going to do with a fortune?,,,joy
train,Ses03M_script01_3,1,Ses03M_script01_3_M001,unknown,You're not sorry you came?,,,neutral
train,Ses03M_script01_3,2,Ses03M_script01_3_M002,unknown,Why?,,,sur
train,Ses03M_script01_3,4,Ses03M_script01_3_M004,unknown,What?,,,neutral
train,Ses03M_script01_3,8,Ses03M_script01_3_M008,unknown,"I mean, that's the reason why I asked you here.",,,joy
train,Ses03M_script01_3,10,Ses03M_script01_3_M010,unknown,I love you.,,,joy
train,Ses03M_script01_3,16,Ses03M_script01_3_M016,unknown,You felt something that far back.,,,joy
train,Ses03M_script01_3,18,Ses03M_script01_3_M018,unknown,"Give me a kiss Ann, just give me...",,,joy
train,Ses03M_script01_3,19,Ses03M_script01_3_M019,unknown,"Oh God.  Annie, I kissed Annie.  I kissed Annie.",,,excited
train,Ses03M_script01_3,21,Ses03M_script01_3_M021,unknown,We're going to live now.  I'm going to make you so happy.,,,joy
train,Ses03M_script01_3,23,Ses03M_script01_3_M023,unknown,"Nothing.  Hey, let's drive somewhere.  I want to be alone with you.",,,sadness
train,Ses03M_script01_3,27,Ses03M_script01_3_M027,unknown,You remember overseas I was in command of a company?,,,sadness
train,Ses03M_script01_3,28,Ses03M_script01_3_M028,unknown,Well I lost them.,,,sadness
train,Ses03M_script01_3,29,Ses03M_script01_3_M029,unknown,Just about all.,,,sadness
train,Ses03M_script01_3,30,Ses03M_script01_3_M030,unknown,Takes a little while to toss that off cause they weren't just men.,,,sadness
train,Ses03M_script01_3,31,Ses03M_script01_3_M031,unknown,"For instance, one time this...it had been raining several days and this one kid, he came up to me, he gave me his last pair of dry socks, put them in my pocket.",,,sadness
train,Ses03M_script01_3,32,Ses03M_script01_3_M032,unknown,"That's just a little thing but that's the kind of guys I had.  They didn't just die, they killed themselves for each other and I mean that exactly.",,,sadness
train,Ses03M_script01_3,33,Ses03M_script01_3_M033,unknown,A little more selfish and they'd still be here today.  And I got this idea watching them go down.  See everything was being destroyed but there was one new thing that was being created.,,,sadness
train,Ses03M_script01_3,34,Ses03M_script01_3_M034,unknown,"It was a kind of responsibility, man for man.  You understand me?",,,sadness
train,Ses03M_script01_3,35,Ses03M_script01_3_M035,unknown,And to show that and to bring that onto the earth again like some sort of monument standing right behind all of us and we could feel it and it would make a difference to him.,,,sadness
train,Ses03M_script01_3,36,Ses03M_script01_3_M036,unknown,And then I came here and it was incredible.  There was no meaning in it here.  The whole thing to them was a kind of bus accident.,,,sadness
train,Ses03M_script01_3,37,Ses03M_script01_3_M037,unknown,"And I went to work with dad and that rat race again and I felt what you said, ashamed.  Somehow because nobody was changed at all.",,,sadness
train,Ses03M_script01_3,38,Ses03M_script01_3_M038,unknown,"It seemed to make a sucker out of a lot of guys.  I felt wrong to be alive.  I felt wrong to have that new checkbook,",,,sadness
train,Ses03M_script01_3,39,Ses03M_script01_3_M039,unknown,"open that new bank account, drive the new car and see the new refrigerator",,,sadness
train,Ses03M_script01_3,40,Ses03M_script01_3_M040,unknown,"cause you can take those things out of the war.  But you got to know, when you drive that car that it came out of the love that a man can have for a man and you got to be a little bit better because of that.",,,sadness
train,Ses03M_script01_3,41,Ses03M_script01_3_M041,unknown,Otherwise what you have is loot and there's blood on it.,,,sadness
train,Ses03M_script01_3,42,Ses03M_script01_3_M042,unknown,And I didn't want to take any of it and I guess that included you.,,,sadness
train,Ses03M_script01_3,45,Ses03M_script01_3_M045,unknown,Annie I'm going to make a fortune for you.,,,joy
train,Ses03M_script01_3,46,Ses03M_script01_3_M046,unknown,Buy some hats?,,,joy
train,Ses03M_script02_1,5,Ses03M_script02_1_F005,unknown,Yes.,,,neutral
train,Ses03M_script02_1,7,Ses03M_script02_1_F007,unknown,"It's past eleven, let's go.",,,frustrated
train,Ses03M_script02_1,8,Ses03M_script02_1_F008,unknown,There is no point in coming down here.,,,frustrated
train,Ses03M_script02_1,9,Ses03M_script02_1_F009,unknown,That's my point.,,,frustrated
train,Ses03M_script02_1,13,Ses03M_script02_1_F013,unknown,"Pass up what?  These fish swim up to shore, on the beach and then they flop around a little, they swim away and then they die.",,,frustrated
train,Ses03M_script02_1,15,Ses03M_script02_1_F015,unknown,Augie.,,,frustrated
train,Ses03M_script02_1,16,Ses03M_script02_1_F016,unknown,I'm just not.,,,neutral
train,Ses03M_script02_1,18,Ses03M_script02_1_F018,unknown,"You also could remember that I got sand in my panties, we got in an argument over nothing, you got a sore throat and we didn't even get to see the Grunions.",,,frustrated
train,Ses03M_script02_1,19,Ses03M_script02_1_F019,unknown,You didn't see them the first time either.,,,frustrated
train,Ses03M_script02_1,0,Ses03M_script02_1_M000,unknown,"Hey, what time is it?  This pokes around midnight right?  God this is great isn't it?",,,excited
train,Ses03M_script02_1,1,Ses03M_script02_1_M001,unknown,Look at the night we got.  I wouldn't trade this for anything.,,,excited
train,Ses03M_script02_1,2,Ses03M_script02_1_M002,unknown,You know actually I wanted to go a little further up the coast and get away from all the lights and people but I was afraid you'd miss it.  How are you doing?,,,excited
train,Ses03M_script02_1,3,Ses03M_script02_1_M003,unknown,"Is that, is that, nah, is that just Paul?  I can't even tell.",,,excited
train,Ses03M_script02_1,4,Ses03M_script02_1_M004,unknown,"But if I can't tell, it probably isn't them isn't it?  Probably would be unmistakable wouldn't you think?  How are you doing?",,,excited
train,Ses03M_script02_1,5,Ses03M_script02_1_M005,unknown,"Oh, you know what I forgot?  I forgot my flashlight.  How could I be so stupid?  I should've brought my flashlight.",,,excited
train,Ses03M_script02_1,14,Ses03M_script02_1_M014,unknown,"God.  Oh, you know what would be good right about now?  A six-pack.  A six-pack would be just the ticket.",,,excited
train,Ses03M_script02_1,15,Ses03M_script02_1_M015,unknown,"I'm so stupid, I should've brought a six-pack.  God, I'm like a little kid.  It's amazing I get out of the house with my fly zipped up. Oh- [LAUGHTER]",,,excited
train,Ses03M_script02_1,16,Ses03M_script02_1_M016,unknown,I wonder if they can hear us talk?  Or feel the vibrations in the sand when we move around?,,,excited
train,Ses03M_script02_1,17,Ses03M_script02_1_M017,unknown,Do you want my jacket?,,,neutral
train,Ses03M_script02_1,20,Ses03M_script02_1_M020,unknown,That's my point too...No.  No.  That's not my point.  My point is what's the point if we come down here if we just turn around and leave?,,,frustrated
train,Ses03M_script02_1,23,Ses03M_script02_1_M023,unknown,"Honey, this is a natural phenomenon.  It only happens once a year.  I mean think about the people in Kansas, they would have to get hotel reservations and plane tickets to come and see this.  We're only forty minutes away.  This is too good to pass up.",,,excited
train,Ses03M_script02_1,24,Ses03M_script02_1_M024,unknown,"Well this is like the highlight, the one night of their lives and that flopping around, that's laying eggs or spawning or mating or whatever you call it.",,,excited
train,Ses03M_script02_1,25,Ses03M_script02_1_M025,unknown,"But this is the big night for these guys.  Their last, life's last orgy.",,,excited
train,Ses03M_script02_1,26,Ses03M_script02_1_M026,unknown,Yeah they do.,,,excited
train,Ses03M_script02_1,27,Ses03M_script02_1_M027,unknown,"Okay.  But it's fish that do something that no other fish do.  Like the swallows in Capistrano or the Lemmings that throw themselves off the cliffs, there's magic here and some mystery and a little bit of unexplainable.",,,excited
train,Ses03M_script02_1,33,Ses03M_script02_1_M033,unknown,"We just weren't in the good spot.  This is a much better spot.  You know, I have a good instincts for these things.",,,frustrated
train,Ses03M_script02_1,34,Ses03M_script02_1_M034,unknown,"Look, is that...no is that just seaweed?",,,excited
train,Ses03M_script02_1,35,Ses03M_script02_1_M035,unknown,"You know, this is great isn't it?  You know, I wouldn't trade this for anything.",,,excited
train,Ses03M_script02_1,36,Ses03M_script02_1_M036,unknown,"I mean, think about this, I know you're not interested but just think about this for a minute.",,,excited
train,Ses03M_script02_1,37,Ses03M_script02_1_M037,unknown,"Somewhere out there, there's this huge silver mass of fish heading this way, they don't why, we don't know why, they just some little instinctual fire cracker went off in their bodies...",,,excited
train,Ses03M_script02_1,38,Ses03M_script02_1_M038,unknown,"...like and they all just turned at once and formed a line as long as the California coast and started swimming this way.  They didn't, you know, they didn't make a decision, they didn't, you know, have boats or anything.  No one sent them an invitation or a map, they just started swimming as if that's the only thing that matters.",,,excited
train,Ses03M_script02_1,39,Ses03M_script02_1_M039,unknown,"It's single mindedness with no mind.  It's urgency that's pure urge and they don't, they don't ask it a question, they don't give it a name, they just swim.",,,excited
train,Ses03M_script02_1,40,Ses03M_script02_1_M040,unknown,They just start swimming to this place right here where we stand for massive celebration of sex and death.,,,excited
train,Ses03M_script02_1,41,Ses03M_script02_1_M041,unknown,"Oh, I'm giving myself goose bumps.  Look, all my hairs are standing up.",,,excited
train,Ses03M_script02_1,42,Ses03M_script02_1_M042,unknown,[BREATHING] So what do you think?,,,excited
train,Ses03M_script02_1,43,Ses03M_script02_1_M043,unknown,About what I just said?,,,excited
train,Ses03M_script02_1,44,Ses03M_script02_1_M044,unknown,It certainly is not.  It's,,,frustrated
train,Ses03M_script02_2,0,Ses03M_script02_2_F000,unknown,About what?,,,anger
train,Ses03M_script02_2,1,Ses03M_script02_2_F001,unknown,It's ridiculous.,,,anger
train,Ses03M_script02_2,2,Ses03M_script02_2_F002,unknown,"It's PR.  I mean, somebody sold you a good bill about this wonderful event that going to happen on the beach.",,,anger
train,Ses03M_script02_2,3,Ses03M_script02_2_F003,unknown,"Yeah.  Everyone else was sold the same thing.  I mean, look, it keeps us excited, it keeps us coming back for more and you know, keeps us thinking life's going to start any minute now.",,,anger
train,Ses03M_script02_2,4,Ses03M_script02_2_F004,unknown,"Look, I'm sorry but it's still just fish to me.",,,anger
train,Ses03M_script02_2,7,Ses03M_script02_2_F007,unknown,"For heavens sake, grow up.  We're not going to see the Grunions.",,,frustrated
train,Ses03M_script02_2,8,Ses03M_script02_2_F008,unknown,"We never do, do we?  Have we ever?",,,frustrated
train,Ses03M_script02_2,9,Ses03M_script02_2_F009,unknown,Okay.  Twice is as many times as we've tried and that's ever.,,,anger
train,Ses03M_script02_2,11,Ses03M_script02_2_F011,unknown,"Augie, god dammit, don't ask me that.  You always ask me that.  I hate it when you ask me that.  It's insulting.",,,anger
train,Ses03M_script02_2,12,Ses03M_script02_2_F012,unknown,"Look, it's pointless.  It's...we're not going to see the Grunions I mean, it's like waiting around to see Santa Claus, you know, it's...",,,frustrated
train,Ses03M_script02_2,13,Ses03M_script02_2_F013,unknown,"Listen, I've waiting my entire life on this beach just standing there waiting for this fish to show up and these fish never show up.",,,anger
train,Ses03M_script02_2,14,Ses03M_script02_2_F014,unknown,"God, you don't understand anything.",,,frustrated
train,Ses03M_script02_2,15,Ses03M_script02_2_F015,unknown,"I do.  I always do.  I keep thinking, this time will be the time and it never is.",,,frustrated
train,Ses03M_script02_2,16,Ses03M_script02_2_F016,unknown,"No we won't.  I mean, God, this isn't about the fish Augie.",,,anger
train,Ses03M_script02_2,17,Ses03M_script02_2_F017,unknown,"Look, do you remember the first time we came here?",,,frustrated
train,Ses03M_script02_2,18,Ses03M_script02_2_F018,unknown,We thought I was pregnant.,,,sadness
train,Ses03M_script02_2,23,Ses03M_script02_2_F023,unknown,I'd rather not remember something...,,,sadness
train,Ses03M_script02_2,24,Ses03M_script02_2_F024,unknown,Rather not hope for something.,,,sadness
train,Ses03M_script02_2,25,Ses03M_script02_2_F025,unknown,No.,,,sadness
train,Ses03M_script02_2,26,Ses03M_script02_2_F026,unknown,No.,,,frustrated
train,Ses03M_script02_2,27,Ses03M_script02_2_F027,unknown,No.,,,frustrated
train,Ses03M_script02_2,28,Ses03M_script02_2_F028,unknown,No.,,,frustrated
train,Ses03M_script02_2,29,Ses03M_script02_2_F029,unknown,No...No...No...,,,frustrated
train,Ses03M_script02_2,30,Ses03M_script02_2_F030,unknown,No...,,,frustrated
train,Ses03M_script02_2,31,Ses03M_script02_2_F031,unknown,I want things to turn out the way that they're supposed to be.,,,anger
train,Ses03M_script02_2,32,Ses03M_script02_2_F032,unknown,"This what...what's this?  This isn't anything. Alright.  Sure.  Standing on the beach, fighting and waiting.",,,frustrated
train,Ses03M_script02_2,33,Ses03M_script02_2_F033,unknown,Cause everything isn't anything like I thought it would be.,,,anger
train,Ses03M_script02_2,34,Ses03M_script02_2_F034,unknown,This is just this.  You know?  I mean it's a lot and everything but it isn't somewhere else.  Do you know what I'm trying to say?,,,sadness
train,Ses03M_script02_2,35,Ses03M_script02_2_F035,unknown,I know you are Augie.  I know you wanted this evening to be nice.,,,sadness
train,Ses03M_script02_2,36,Ses03M_script02_2_F036,unknown,I can't help thinking about being somewhere else.,,,sadness
train,Ses03M_script02_2,37,Ses03M_script02_2_F037,unknown,I didn't say that.,,,sadness
train,Ses03M_script02_2,38,Ses03M_script02_2_F038,unknown,"Augie, whatever I'm doing I'd rather be doing with you.",,,sadness
train,Ses03M_script02_2,40,Ses03M_script02_2_F040,unknown,If anybody wants to be with anybody else it's probably you.  Probably somebody who enjoys herself a little more and is not so hard.,,,sadness
train,Ses03M_script02_2,41,Ses03M_script02_2_F041,unknown,"Well, I guess this is the wrong spot for the right people.",,,sadness
train,Ses03M_script02_2,42,Ses03M_script02_2_F042,unknown,Yeah.  I noticed that.  It's real pretty on the water.,,,joy
train,Ses03M_script02_2,44,Ses03M_script02_2_F044,unknown,Oh you brought refreshments.,,,joy
train,Ses03M_script02_2,46,Ses03M_script02_2_F046,unknown,No I'm beginning to think you might be right.,,,joy
train,Ses03M_script02_2,47,Ses03M_script02_2_F047,unknown,I think this may be the place for us after all.,,,joy
train,Ses03M_script02_2,48,Ses03M_script02_2_F048,unknown,I am sorry Augie.,,,joy
train,Ses03M_script02_2,49,Ses03M_script02_2_F049,unknown,Or not.,,,joy
train,Ses03M_script02_2,0,Ses03M_script02_2_M000,unknown,So what do you think?,,,excited
train,Ses03M_script02_2,1,Ses03M_script02_2_M001,unknown,About what I just said?,,,frustrated
train,Ses03M_script02_2,2,Ses03M_script02_2_M002,unknown,It certainly is not.  It's a slightly exaggerated scientific fact.,,,frustrated
train,Ses03M_script02_2,3,Ses03M_script02_2_M003,unknown,I'm not the only one.  Look at all these people.,,,frustrated
train,Ses03M_script02_2,4,Ses03M_script02_2_M004,unknown,Are we talking about the same thing?,,,frustrated
train,Ses03M_script02_2,5,Ses03M_script02_2_M005,unknown,I thought you wanted to see it.,,,frustrated
train,Ses03M_script02_2,6,Ses03M_script02_2_M006,unknown,"There's nothing to it.  The Grunions arrive, they do their little fish business, you know?  We go oh, ahh, look at the fish and they go home and we go home.",,,frustrated
train,Ses03M_script02_2,7,Ses03M_script02_2_M007,unknown,Why not?,,,frustrated
train,Ses03M_script02_2,8,Ses03M_script02_2_M008,unknown,"Oh my gosh.  We missed them twice, that's hardly ever.",,,frustrated
train,Ses03M_script02_2,9,Ses03M_script02_2_M009,unknown,"Carla, can I ask you something?",,,frustrated
train,Ses03M_script02_2,10,Ses03M_script02_2_M010,unknown,"Don't take this wrong but, are you having your period?",,,frustrated
train,Ses03M_script02_2,11,Ses03M_script02_2_M011,unknown,What's bugging you then?,,,frustrated
train,Ses03M_script02_2,12,Ses03M_script02_2_M012,unknown,I thought you wanted to see it.,,,frustrated
train,Ses03M_script02_2,13,Ses03M_script02_2_M013,unknown,"No, of course not.",,,frustrated
train,Ses03M_script02_2,14,Ses03M_script02_2_M014,unknown,"Well, we're going to see it.",,,neutral
train,Ses03M_script02_2,15,Ses03M_script02_2_M015,unknown,"What...I've been trying to, I've been trying to figure out the point where we went wrong and I can't seem to pinpoint that moment.",,,frustrated
train,Ses03M_script02_2,17,Ses03M_script02_2_M017,unknown,"Let's see I took a shower, you were watching the news, you said hey, hey the Grunions are running tonight and I said great let's go, I feel lucky tonight.",,,neutral
train,Ses03M_script02_2,18,Ses03M_script02_2_M018,unknown,"And then I'm putting the animals out in the yard, I'm pulling the car out of the garage, putting my jacket on.",,,frustrated
train,Ses03M_script02_2,19,Ses03M_script02_2_M019,unknown,Wait a minute.  I've got it.,,,neutral
train,Ses03M_script02_2,20,Ses03M_script02_2_M020,unknown,It was in the car right?  Driving past the Knickerbocker Liquor Locker...,,,neutral
train,Ses03M_script02_2,21,Ses03M_script02_2_M021,unknown,And you said let's get some champagne and I said time's a wasting or something like that.,,,neutral
train,Ses03M_script02_2,22,Ses03M_script02_2_M022,unknown,You want this to be like the other time right?  That's it right?,,,neutral
train,Ses03M_script02_2,24,Ses03M_script02_2_M024,unknown,Do you want me to get some champagne?,,,frustrated
train,Ses03M_script02_2,25,Ses03M_script02_2_M025,unknown,Take off our shoes?,,,frustrated
train,Ses03M_script02_2,26,Ses03M_script02_2_M026,unknown,What?  Do you want me to breathe in your ear?,,,frustrated
train,Ses03M_script02_2,28,Ses03M_script02_2_M028,unknown,Welcome to the human race.,,,anger
train,Ses03M_script02_2,29,Ses03M_script02_2_M029,unknown,Do you think that this is what I had in mind?  That four years down the line that we'd get married and come to the beach and argue with each other over fish?  No.,,,anger
train,Ses03M_script02_2,30,Ses03M_script02_2_M030,unknown,I was just like you.  I thought it was going to be all peaches and roses and everything great and the sand in our toes and the wind in our hair and the fish will always come and the bills will pay themselves and we'd have three big fat rosy kids...,,,anger
train,Ses03M_script02_2,31,Ses03M_script02_2_M031,unknown,...and you know?  Baby the jokes on us.  Because you know what you get?  Do you know what you get Carla?  You get this.,,,anger
train,Ses03M_script02_2,32,Ses03M_script02_2_M032,unknown,Yes it is.,,,anger
train,Ses03M_script02_2,33,Ses03M_script02_2_M033,unknown,Right.,,,anger
train,Ses03M_script02_2,35,Ses03M_script02_2_M035,unknown,I'm trying to do the best I can.,,,frustrated
train,Ses03M_script02_2,36,Ses03M_script02_2_M036,unknown,Maybe if you were with someone else too.,,,sadness
train,Ses03M_script02_2,37,Ses03M_script02_2_M037,unknown,I know.  But I know I don't make you happy.,,,sadness
train,Ses03M_script02_2,41,Ses03M_script02_2_M041,unknown,I mean look at the view of the moon we got from here.,,,joy
train,Ses03M_script02_2,42,Ses03M_script02_2_M042,unknown,"Hey, look what we got here.",,,joy
train,Ses03M_script02_2,45,Ses03M_script02_2_M045,unknown,Shh.  If we're very quiet the fish might come.,,,joy
train,Ses03M_script02_2,46,Ses03M_script02_2_M046,unknown,Or not.,,,joy
train,Ses03M_script03_1,3,Ses03M_script03_1_F003,unknown,Now and always sweet.,,,excited
train,Ses03M_script03_1,4,Ses03M_script03_1_F004,unknown,"I mean, it was, it's bound to come out sooner or later.",,,excited
train,Ses03M_script03_1,5,Ses03M_script03_1_F005,unknown,That sent shivers up my spine.,,,excited
train,Ses03M_script03_1,6,Ses03M_script03_1_F006,unknown,Behave exquisitely.,,,excited
train,Ses03M_script03_1,18,Ses03M_script03_1_F018,unknown,That's serious enough.,,,sadness
train,Ses03M_script03_1,4,Ses03M_script03_1_M004,unknown,I don't care then.,,,excited
train,Ses03M_script03_1,6,Ses03M_script03_1_M006,unknown,"No, wrong number.",,,excited
train,Ses03M_script03_1,35,Ses03M_script03_1_M035,unknown,I didn't hit you very hard.,,,neutral
train,Ses04F_impro01,1,Ses04F_impro01_F001,unknown,Well I filled out all the forms and I've given them to everyone and they keep sending me to someone else.,,,frustrated
train,Ses04F_impro01,2,Ses04F_impro01_F002,unknown,Yes.  I'm just trying to get a new license.,,,frustrated
train,Ses04F_impro01,3,Ses04F_impro01_F003,unknown,Okay.  I did-,,,frustrated
train,Ses04F_impro01,4,Ses04F_impro01_F004,unknown,I did exactly what they told me to do.,,,anger
train,Ses04F_impro01,5,Ses04F_impro01_F005,unknown,I have done everything everyone in this entire place has told me to do.  I've been here for over an hour.  They make me wait in line.  Every single time I start over again.,,,frustrated
train,Ses04F_impro01,6,Ses04F_impro01_F006,unknown,I have a life.  I have things to do.  I have places to go.  Can you not just put this through please?,,,frustrated
train,Ses04F_impro01,7,Ses04F_impro01_F007,unknown,"Okay, that's nice. That's nice but I have done everything you people have told me to do. I don't understand why you can't just help me get this done.  It's simple, right?  License.  I need it. Can we just do this please?",,,frustrated
train,Ses04F_impro01,8,Ses04F_impro01_F008,unknown,I've been to the back of the line five times.,,,anger
train,Ses04F_impro01,9,Ses04F_impro01_F009,unknown,Okay.  What is it that I did wrong on the form that I have to start all over again?,,,anger
train,Ses04F_impro01,10,Ses04F_impro01_F010,unknown,"Okay.  Well, I can do that right here right now without going to the back of the line again.  See look initialed.  All done. Ready to go.",,,anger
train,Ses04F_impro01,11,Ses04F_impro01_F011,unknown,I have been waiting for over an hour.,,,frustrated
train,Ses04F_impro01,12,Ses04F_impro01_F012,unknown,I'm not starting over again.  No I have done this five times.  I am not starting over again.,,,anger
train,Ses04F_impro01,13,Ses04F_impro01_F013,unknown,Look can you not just help me?,,,frustrated
train,Ses04F_impro01,14,Ses04F_impro01_F014,unknown,I mean look she's -she's perfectly nice.  She doesn't mind waiting for a couple of minutes because I've been here all day. I have a job to get back to.  I have kids to pick up from school.  I can't just stay here.,,,anger
train,Ses04F_impro01,16,Ses04F_impro01_F016,unknown,This is your job is to help people like me who need to get a new license.,,,anger
train,Ses04F_impro01,19,Ses04F_impro01_F019,unknown,I'm testing your patience?,,,anger
train,Ses04F_impro01,21,Ses04F_impro01_F021,unknown,I don't need to be.  I need to go and do other things with my time.  Okay.,,,anger
train,Ses04F_impro01,22,Ses04F_impro01_F022,unknown,"Please just put the form in, take the picture, let me get my license and get the hell out of here.  Please.",,,anger
train,Ses04F_impro01,0,Ses04F_impro01_M000,unknown,"Uh, lets- What do you need exactly?",,,frustrated
train,Ses04F_impro01,1,Ses04F_impro01_M001,unknown,"You need a new license, is that what you're telling me?",,,frustrated
train,Ses04F_impro01,2,Ses04F_impro01_M002,unknown,Let me see the form. Just let me see the form. Yeah.  You filled this out wrong.  I can't - I can't - I can't do anything with this.,,,frustrated
train,Ses04F_impro01,3,Ses04F_impro01_M003,unknown,Ma'am I cannot help you.  You need to fill out a new form and you need to get in the back of the line.,,,frustrated
train,Ses04F_impro01,4,Ses04F_impro01_M004,unknown,Ma'am I can't help you.  Do you understand?,,,frustrated
train,Ses04F_impro01,5,Ses04F_impro01_M005,unknown,I've got a life too ma'am,,,anger
train,Ses04F_impro01,6,Ses04F_impro01_M006,unknown,and I got to - i got to work here all day long.  Okay.  I've got to deal with you people all day.,,,frustrated
train,Ses04F_impro01,7,Ses04F_impro01_M007,unknown,So what I need you to do is I need you to fill out this form correctly and go to the back of the line.,,,frustrated
train,Ses04F_impro01,8,Ses04F_impro01_M008,unknown,There's nothing I can do for you.  Do you understand that?  Nothing.,,,anger
train,Ses04F_impro01,9,Ses04F_impro01_M009,unknown,"What I need you to do is go to the back of the line,",,,frustrated
train,Ses04F_impro01,10,Ses04F_impro01_M010,unknown,fill out this form and wait,,,frustrated
train,Ses04F_impro01,11,Ses04F_impro01_M011,unknown,You're going to have to go back again.,,,anger
train,Ses04F_impro01,13,Ses04F_impro01_M013,unknown,and you filled out-,,,frustrated
train,Ses04F_impro01,14,Ses04F_impro01_M014,unknown,Ma'am I have other people waiting in line right now.  I have other people waiting in line right now.,,,anger
train,Ses04F_impro01,15,Ses04F_impro01_M015,unknown,This whole area of the form was not supposed to be filled out and you put the address in the wrong place,,,frustrated
train,Ses04F_impro01,16,Ses04F_impro01_M016,unknown,"Uhh, and you spelled your own name wrong.  So I need you to take that",,,frustrated
train,Ses04F_impro01,17,Ses04F_impro01_M017,unknown,"and, uh, throw it away. I need you to fill out a new form.",,,frustrated
train,Ses04F_impro01,18,Ses04F_impro01_M018,unknown,Ma'am you're going to have- you- look. You really- you really,,,frustrated
train,Ses04F_impro01,21,Ses04F_impro01_M021,unknown,like I said before right now.,,,anger
train,Ses04F_impro01,22,Ses04F_impro01_M022,unknown,Ma'am you are testing my patience.  Do you understand me?,,,frustrated
train,Ses04F_impro01,23,Ses04F_impro01_M023,unknown,You're testing my goddamn patience.,,,anger
train,Ses04F_impro01,24,Ses04F_impro01_M024,unknown,"I work in this fucking building all day. And I'm sick of it, okay?",,,anger
train,Ses04F_impro02,0,Ses04F_impro02_F000,unknown,Yeah.  They just called.,,,sadness
train,Ses04F_impro02,1,Ses04F_impro02_F001,unknown,I know.,,,sadness
train,Ses04F_impro02,2,Ses04F_impro02_F002,unknown,I don't know what to say.  I don't want to go but I don't have a lot of choice.,,,sadness
train,Ses04F_impro02,3,Ses04F_impro02_F003,unknown,I'm going to come back.  I need you to believe that.,,,sadness
train,Ses04F_impro02,5,Ses04F_impro02_F005,unknown,Well you have to have faith because I don't have a choice and I have to go.,,,sadness
train,Ses04F_impro02,6,Ses04F_impro02_F006,unknown,Do you think I want to leave you?,,,sadness
train,Ses04F_impro02,7,Ses04F_impro02_F007,unknown,I have to do this.  I don't want to leave.  Do you think I want to miss seeing her grow up?,,,sadness
train,Ses04F_impro02,8,Ses04F_impro02_F008,unknown,Look we both knew what this meant when I signed on,,,frustrated
train,Ses04F_impro02,9,Ses04F_impro02_F009,unknown,And now- and now it's really shitty timing but now I have to go.,,,sadness
train,Ses04F_impro02,10,Ses04F_impro02_F010,unknown,I mean I'm the one who has to leave here.  I'm the one who has to leave the two of you.  At least you get to be together.,,,frustrated
train,Ses04F_impro02,11,Ses04F_impro02_F011,unknown,What's that supposed to mean?,,,sadness
train,Ses04F_impro02,12,Ses04F_impro02_F012,unknown,Well I'll come back.  What is that supposed to mean?  You're not willing to wait for me to come back?,,,anger
train,Ses04F_impro02,13,Ses04F_impro02_F013,unknown,What do you want me to do?,,,frustrated
train,Ses04F_impro02,14,Ses04F_impro02_F014,unknown,Well I can't very well do it today.  I still have to leave tomorrow.,,,frustrated
train,Ses04F_impro02,15,Ses04F_impro02_F015,unknown,"You're not making this any easier for me, you know.  I'm the one who has to go and you're really not helping.",,,frustrated
train,Ses04F_impro02,16,Ses04F_impro02_F016,unknown,I do have to go. And I need to know that you're here waiting for me and that you believe that I'm coming back.,,,frustrated
train,Ses04F_impro02,17,Ses04F_impro02_F017,unknown,Thanks that helps.,,,anger
train,Ses04F_impro02,18,Ses04F_impro02_F018,unknown,I feel much better now.,,,anger
train,Ses04F_impro02,19,Ses04F_impro02_F019,unknown,I know I'm leaving you here with all the responsibility but at least you get to be with her.,,,frustrated
train,Ses04F_impro02,20,Ses04F_impro02_F020,unknown,I will but I can't right now.,,,frustrated
train,Ses04F_impro02,22,Ses04F_impro02_F022,unknown,That's how you want to leave it?,,,anger
train,Ses04F_impro02,23,Ses04F_impro02_F023,unknown,I want you to be okay with it as much as you can be.  I mean it's not a great situation but we don't have an option here.,,,sadness
train,Ses04F_impro02,24,Ses04F_impro02_F024,unknown,Fine.,,,sadness
train,Ses04F_impro02,0,Ses04F_impro02_M000,unknown,So you're leaving tomorrow.,,,sadness
train,Ses04F_impro02,1,Ses04F_impro02_M001,unknown,This is really-this is unfair.,,,sadness
train,Ses04F_impro02,2,Ses04F_impro02_M002,unknown,I don't see [BREATHING],,,frustrated
train,Ses04F_impro02,3,Ses04F_impro02_M003,unknown,"I mean we both knew that this was going to happen.  It's just that I feel that, you know, I don't want Susie growing up without a mother.",,,frustrated
train,Ses04F_impro02,4,Ses04F_impro02_M004,unknown,"And, uh, I'm afraid that if you, you know, when you leave, you won't come back.",,,sadness
train,Ses04F_impro02,5,Ses04F_impro02_M005,unknown,You don't know that.,,,frustrated
train,Ses04F_impro02,6,Ses04F_impro02_M006,unknown,"I'll believe it, but- I'll believe it but it- I don't know that that's going to happen.",,,frustrated
train,Ses04F_impro02,8,Ses04F_impro02_M008,unknown,You have a choice.,,,frustrated
train,Ses04F_impro02,9,Ses04F_impro02_M009,unknown,I know.  It's just you don't have to do this for a living you know.,,,frustrated
train,Ses04F_impro02,10,Ses04F_impro02_M010,unknown,You're a smart person.  There are other things you can do.,,,frustrated
train,Ses04F_impro02,12,Ses04F_impro02_M012,unknown,I mean we can't-we're not a complete family without you here.,,,sadness
train,Ses04F_impro02,13,Ses04F_impro02_M013,unknown,Of course I'm going to wait.  I just- I just don't like the idea of this happening because this isn't the last time this is going to happen. You're going to go on more tours and stuff.  I just- I can't-,,,frustrated
train,Ses04F_impro02,14,Ses04F_impro02_M014,unknown,I can't deal with this emotionally.,,,frustrated
train,Ses04F_impro02,15,Ses04F_impro02_M015,unknown,I want you to leave.  I want you to leave the service.,,,frustrated
train,Ses04F_impro02,16,Ses04F_impro02_M016,unknown,You can do it today.  You don't have to do anything.  You don't have to do anything you don't want to do.,,,frustrated
train,Ses04F_impro02,17,Ses04F_impro02_M017,unknown,Look I'm just telling you that you don't have to go.,,,frustrated
train,Ses04F_impro02,18,Ses04F_impro02_M018,unknown,That's all I'm saying... No you don't.,,,anger
train,Ses04F_impro02,19,Ses04F_impro02_M019,unknown,It's just really unfair.  This is- this is bullshit.,,,frustrated
train,Ses04F_impro02,20,Ses04F_impro02_M020,unknown,"You're acting like, you know, you're the one who's going all through, you know, all this shit and it's really- it's really not.",,,anger
train,Ses04F_impro02,21,Ses04F_impro02_M021,unknown,Yeah.  Of course I do because I didn't enlist in this stupid thing.  Why don't you just get out now and then-,,,anger
train,Ses04F_impro02,23,Ses04F_impro02_M023,unknown,Then go.  We'll be here when you get back.,,,frustrated
train,Ses04F_impro02,24,Ses04F_impro02_M024,unknown,"I don't know how else to leave it.  What, do you want me to lie to you?",,,sadness
train,Ses04F_impro02,25,Ses04F_impro02_M025,unknown,You want me tell you that I'm okay with it?,,,sadness
train,Ses04F_impro02,26,Ses04F_impro02_M026,unknown,Well I can't be okay with it the same way you can't not go.  It just doesn't work that way.,,,sadness
train,Ses04F_impro03,0,Ses04F_impro03_F000,unknown,I have something to tell you.,,,excited
train,Ses04F_impro03,1,Ses04F_impro03_F001,unknown,It's really exciting.  Don't you want to guess?,,,excited
train,Ses04F_impro03,2,Ses04F_impro03_F002,unknown,Look.,,,excited
train,Ses04F_impro03,3,Ses04F_impro03_F003,unknown,Yes.  He finally proposed.  I'm getting married.,,,excited
train,Ses04F_impro03,4,Ses04F_impro03_F004,unknown,I know. I'm so-,,,excited
train,Ses04F_impro03,5,Ses04F_impro03_F005,unknown,Thank you. [LAUGHTER],,,excited
train,Ses04F_impro03,6,Ses04F_impro03_F006,unknown,You think. [LAUGHTER],,,excited
train,Ses04F_impro03,7,Ses04F_impro03_F007,unknown,"Well actually we were just talking about today and I don't really want to do like the traditional church thing, you know.  So we are going to get married in the meadow.",,,excited
train,Ses04F_impro03,9,Ses04F_impro03_F009,unknown,We're going to get married in the middle of a meadow. [LAUGHTER],,,excited
train,Ses04F_impro03,10,Ses04F_impro03_F010,unknown,"Everybody's going to come up. We're going to stay in all the pretty cabins up there and, um, everybody's going to have, you know, really flowery sort of naturey stuff.",,,joy
train,Ses04F_impro03,11,Ses04F_impro03_F011,unknown,So pretty.,,,excited
train,Ses04F_impro03,12,Ses04F_impro03_F012,unknown,Very Midsummer Night's wedding.,,,joy
train,Ses04F_impro03,13,Ses04F_impro03_F013,unknown,Thanks. Thanks a lot.  You're really helping the Excitement here. I hope no one dies.,,,excited
train,Ses04F_impro03,14,Ses04F_impro03_F014,unknown,"Okey Well- well-, you know what?  I was hoping that you would help",,,excited
train,Ses04F_impro03,15,Ses04F_impro03_F015,unknown,plan everything.  So then you can make sure that no one gets attacked by bears.,,,excited
train,Ses04F_impro03,16,Ses04F_impro03_F016,unknown,Yeah?,,,excited
train,Ses04F_impro03,17,Ses04F_impro03_F017,unknown,Really?,,,excited
train,Ses04F_impro03,18,Ses04F_impro03_F018,unknown,"Okay.  It's going to be in, like, six months.  So we don't have a really long time.",,,excited
train,Ses04F_impro03,34,Ses04F_impro03_F034,unknown,"Throw in a little- little, uh, trim in yellow.  Maybe some yellow flowers.",,,excited
train,Ses04F_impro03,36,Ses04F_impro03_F036,unknown,Yes.,,,excited
train,Ses04F_impro03,38,Ses04F_impro03_F038,unknown,because you're going to take care of everything.  You're going to think of all the details that I forget.,,,excited
train,Ses04F_impro03,40,Ses04F_impro03_F040,unknown,Ha ha ha.,,,excited
train,Ses04F_impro03,41,Ses04F_impro03_F041,unknown,Ha ha.,,,excited
train,Ses04F_impro03,42,Ses04F_impro03_F042,unknown,Just couldn't be any cooler.,,,excited
train,Ses04F_impro03,43,Ses04F_impro03_F043,unknown,I know.  I've been waiting forever.  I can't believe it's finally happening.,,,excited
train,Ses04F_impro03,44,Ses04F_impro03_F044,unknown,You don't look like you're going to faint.,,,excited
train,Ses04F_impro03,45,Ses04F_impro03_F045,unknown,So- So when are you getting married Mr. Excited?,,,excited
train,Ses04F_impro03,47,Ses04F_impro03_F047,unknown,You haven't ruined it yet.,,,excited
train,Ses04F_impro03,48,Ses04F_impro03_F048,unknown,You really like,,,excited
train,Ses04F_impro03,50,Ses04F_impro03_F050,unknown,You could make her that excited.  You really like her.  You guys have been together for a really long time now.,,,excited
train,Ses04F_impro03,51,Ses04F_impro03_F051,unknown,[LAUGHTER] That's more than I needed to know.,,,excited
train,Ses04F_impro03,52,Ses04F_impro03_F052,unknown,[laughter],,,excited
train,Ses04F_impro03,0,Ses04F_impro03_M000,unknown,What?  You seem so excited.,,,neutral
train,Ses04F_impro03,1,Ses04F_impro03_M001,unknown,"Uh, you got a new car, a new house. Uh, a dog.",,,neutral
train,Ses04F_impro03,2,Ses04F_impro03_M002,unknown,Are you serious?  You're getting married.,,,sur
train,Ses04F_impro03,3,Ses04F_impro03_M003,unknown,Holy shit that's amazing.,,,excited
train,Ses04F_impro03,4,Ses04F_impro03_M004,unknown,Congratulations.,,,excited
train,Ses04F_impro03,5,Ses04F_impro03_M005,unknown,"I'm invited, right.",,,excited
train,Ses04F_impro03,14,Ses04F_impro03_M014,unknown,Yeah.  I'll help plan.,,,excited
train,Ses04F_impro03,18,Ses04F_impro03_M018,unknown,Why not browns?,,,neutral
train,Ses04F_impro03,19,Ses04F_impro03_M019,unknown,"It's a light brown, tanish.",,,neutral
train,Ses04F_impro03,20,Ses04F_impro03_M020,unknown,I just think browns are really what you want to go with.  I mean I think there's more contrast between brown and green than there is-,,,neutral
train,Ses04F_impro03,21,Ses04F_impro03_M021,unknown,I know but you just asked me to-,,,neutral
train,Ses04F_impro03,23,Ses04F_impro03_M023,unknown,"Come on.  Please will you do the greens and browns, just the browns for me?",,,frustrated
train,Ses04F_impro03,27,Ses04F_impro03_M027,unknown,Okay.  Fine.  So green and what?,,,neutral
train,Ses04F_impro03,28,Ses04F_impro03_M028,unknown,Blue?,,,neutral
train,Ses04F_impro03,29,Ses04F_impro03_M029,unknown,"Okay, fine. Greens and blues.",,,neutral
train,Ses04F_impro03,30,Ses04F_impro03_M030,unknown,Greens and blues and maybe a little light yellow?,,,neutral
train,Ses04F_impro03,31,Ses04F_impro03_M031,unknown,Yeah?,,,neutral
train,Ses04F_impro03,32,Ses04F_impro03_M032,unknown,"Okay.  That sounds good. Um, and, uh, we're going to get like a five, uh, story cake, right?",,,neutral
train,Ses04F_impro03,33,Ses04F_impro03_M033,unknown,"I mean, you know, you're going to have at least, like, two hundred and fifty people come.  So we're going to need, you know, just a huge buffet.",,,neutral
train,Ses04F_impro03,34,Ses04F_impro03_M034,unknown,"Fried chicken, mashed potatoes.",,,neutral
train,Ses04F_impro03,35,Ses04F_impro03_M035,unknown,Well I can't be in charge of this.  I mean I got things I got to do.,,,neutral
train,Ses04F_impro03,36,Ses04F_impro03_M036,unknown,Well this is really exciting.  I mean- I just- I couldn't be happier right now.,,,excited
train,Ses04F_impro03,37,Ses04F_impro03_M037,unknown,I'm thrilled.  God.,,,excited
train,Ses04F_impro03,38,Ses04F_impro03_M038,unknown,Just ecstatic.  I can't believe you're my best friend,,,excited
train,Ses04F_impro03,39,Ses04F_impro03_M039,unknown,"You're my best friend, we're growing up and now you're getting married. that's amazing",,,excited
train,Ses04F_impro03,40,Ses04F_impro03_M040,unknown,Wow.  I just- I- I- I feel like I'm going to faint.,,,excited
train,Ses04F_impro03,41,Ses04F_impro03_M041,unknown,I'm so- all the blood,,,excited
train,Ses04F_impro03,42,Ses04F_impro03_M042,unknown,"has just rushed to my head, and I, and I mean honestly.",,,excited
train,Ses04F_impro03,43,Ses04F_impro03_M043,unknown,I'm getting a little weak in the knees.,,,excited
train,Ses04F_impro03,47,Ses04F_impro03_M047,unknown,"I don't know.  Okay.  I mean gosh.  There's just- look there's a lot of pressure in getting married, okay.",,,neutral
train,Ses04F_impro04,0,Ses04F_impro04_F000,unknown,That's helpful.,,,neutral
train,Ses04F_impro04,1,Ses04F_impro04_F001,unknown,I just don't think I can do this anymore.  It's been a really long time and it's not like I'm not trying.,,,frustrated
train,Ses04F_impro04,2,Ses04F_impro04_F002,unknown,I am try-  it's been three years,,,frustrated
train,Ses04F_impro04,3,Ses04F_impro04_F003,unknown,and I have gone everywhere I can think of.  I have given resumes.  I have done interviews.  I've tried to pull in favors.  I've asked everybody I know for help.  I don't know what else to do.,,,frustrated
train,Ses04F_impro04,4,Ses04F_impro04_F004,unknown,"Okay but I've been trying for three years.  Three years and I haven't gotten a bite much less actually gotten hired, and I am smart enough.  Thank you very much.",,,frustrated
train,Ses04F_impro04,5,Ses04F_impro04_F005,unknown,I'm really good at what I do.  I just don't know how to make someone else see that.,,,anger
train,Ses04F_impro04,6,Ses04F_impro04_F006,unknown,What?  Who says that?  Bananas don't grow overnight.,,,anger
train,Ses04F_impro04,7,Ses04F_impro04_F007,unknown,Okay.  I think three years is a little excessive.,,,frustrated
train,Ses04F_impro04,8,Ses04F_impro04_F008,unknown,"Yeah but you weren't unemployed for three years trying to find any job.  I mean at this point I'm going to go drive a cab or, you know, work at the gas station or something.  I don't even- I don't know what to do anymore.",,,anger
train,Ses04F_impro04,9,Ses04F_impro04_F009,unknown,Nothing I'm trying seems to work. Just-,,,frustrated
train,Ses04F_impro04,11,Ses04F_impro04_F011,unknown,Clearly everything you're doing is completely wrong.,,,anger
train,Ses04F_impro04,12,Ses04F_impro04_F012,unknown,Well don't you understand that this is-,,,frustrated
train,Ses04F_impro04,13,Ses04F_impro04_F013,unknown,I don't even- I mean you have to have some kind of an idea.  Something you could possibly throw out there that I could maybe use.,,,anger
train,Ses04F_impro04,14,Ses04F_impro04_F014,unknown,I mean it's not like this is an,,,anger
train,Ses04F_impro04,15,Ses04F_impro04_F015,unknown,extreme request.  I want to find a job.  Everybody wants to find a job. It's really not that.,,,anger
train,Ses04F_impro04,16,Ses04F_impro04_F016,unknown,"Okay. Okay, Fine.",,,anger
train,Ses04F_impro04,17,Ses04F_impro04_F017,unknown,Okey So I'm doing something wrong.  What am I doing wrong?,,,anger
train,Ses04F_impro04,18,Ses04F_impro04_F018,unknown,I'm really good at what I do.  I'm smart.  I'm trained.  I have the education.  I'm talented.  I cannot-,,,anger
train,Ses04F_impro04,19,Ses04F_impro04_F019,unknown,Well yeah I mean I like take a shower and stuff.,,,frustrated
train,Ses04F_impro04,20,Ses04F_impro04_F020,unknown,[LAUGHTER] Yeah.  Usually.,,,frustrated
train,Ses04F_impro04,21,Ses04F_impro04_F021,unknown,"Yeah, I- I make my",,,frustrated
train,Ses04F_impro04,22,Ses04F_impro04_F022,unknown,I make myself very presentable before I go to any kind of interview.,,,frustrated
train,Ses04F_impro04,23,Ses04F_impro04_F023,unknown,"Uhuh. Uhuh. Yeah, yeah. Good quote.",,,frustrated
train,Ses04F_impro04,24,Ses04F_impro04_F024,unknown,Buck-O. That's really helpful.  Just keep chugging along.  The little engine that could.,,,frustrated
train,Ses04F_impro04,25,Ses04F_impro04_F025,unknown,Well you- just you're doing something wrong.,,,anger
train,Ses04F_impro04,26,Ses04F_impro04_F026,unknown,Well maybe you could help.  I mean you've got a job.  I'm willing to look outside of my realm.  I could try something else.,,,frustrated
train,Ses04F_impro04,27,Ses04F_impro04_F027,unknown,I'll get it.  I just need a job.  I don't care what it is.,,,frustrated
train,Ses04F_impro04,28,Ses04F_impro04_F028,unknown,Well I mean I need to make a little bit more than the minimum wage fry flipper.,,,frustrated
train,Ses04F_impro04,29,Ses04F_impro04_F029,unknown,I did start somewhere.  I worked my way up.  I'm not going to start at the bottom again.,,,frustrated
train,Ses04F_impro04,30,Ses04F_impro04_F030,unknown,What's my problem?  What's my problem? I don't have a job.,,,anger
train,Ses04F_impro04,31,Ses04F_impro04_F031,unknown,I thought I was pretty clear about what the problem was.,,,anger
train,Ses04F_impro04,32,Ses04F_impro04_F032,unknown,Well maybe you could be a little helpful.  I mean obviously you don't have any problems so would it really take so much time out of your day to just go ahead and help somebody else.,,,frustrated
train,Ses04F_impro04,33,Ses04F_impro04_F033,unknown,That's important.  That's really important.,,,frustrated
train,Ses04F_impro04,1,Ses04F_impro04_M001,unknown,Well I guess you're not trying hard enough.,,,neutral
train,Ses04F_impro04,2,Ses04F_impro04_M002,unknown,"Just, I don't know, maybe you're not smart enough.",,,neutral
train,Ses04F_impro04,3,Ses04F_impro04_M003,unknown,I mean I don't know just go out and keep trying. Just-,,,neutral
train,Ses04F_impro04,4,Ses04F_impro04_M004,unknown,I don't know.,,,neutral
train,Ses04F_impro04,5,Ses04F_impro04_M005,unknown,"Hey.  Look, I mean- you know.",,,neutral
train,Ses04F_impro04,6,Ses04F_impro04_M006,unknown,Look bananas don't grow overnight.  Okay.,,,neutral
train,Ses04F_impro04,7,Ses04F_impro04_M007,unknown,You need that- Time-,,,neutral
train,Ses04F_impro04,8,Ses04F_impro04_M008,unknown,"You know- You need to just- you need, I mean it takes time to get a good job.  I mean-",,,neutral
train,Ses04F_impro04,9,Ses04F_impro04_M009,unknown,"look at me, like, you know. I mean, Hey, I- it took me, you know, like six years to get where I am now. I mean-",,,neutral
train,Ses04F_impro04,10,Ses04F_impro04_M010,unknown,I don't know.  I mean whatever.,,,frustrated
train,Ses04F_impro04,13,Ses04F_impro04_M013,unknown,"I mean, well I mean i don't know; it doesn't really affect my life, you know.",,,neutral
train,Ses04F_impro04,14,Ses04F_impro04_M014,unknown,"Yeah, I understand, but-",,,neutral
train,Ses04F_impro04,15,Ses04F_impro04_M015,unknown,"I don't know. Well like, I don't know. I mean-",,,neutral
train,Ses04F_impro04,16,Ses04F_impro04_M016,unknown,Clearly- cle- clearly you're doing something wrong.,,,neutral
train,Ses04F_impro04,17,Ses04F_impro04_M017,unknown,"'Cause if you've been looking, you've been applying for jobs for three years. And-",,,neutral
train,Ses04F_impro04,18,Ses04F_impro04_M018,unknown,Are you- I mean do you like get dressed up and everything when you go to the job interview?,,,neutral
train,Ses04F_impro04,19,Ses04F_impro04_M019,unknown,"And you like- you know, you shave your legs and everything?",,,neutral
train,Ses04F_impro04,20,Ses04F_impro04_M020,unknown,"and I want- I mean you know you've got to, like, do your hair.  I mean- I don't know, it's like,",,,neutral
train,Ses04F_impro04,21,Ses04F_impro04_M021,unknown,"you know what I mean? You know, it's like they say presentation is, like eighty percent.",,,neutral
train,Ses04F_impro04,22,Ses04F_impro04_M022,unknown,or some- some large percent of- of success.,,,neutral
train,Ses04F_impro04,23,Ses04F_impro04_M023,unknown,"Because I don't know I mean just, you know, just keep- keep- keep at it.  Keep trying.  Go-",,,neutral
train,Ses04F_impro04,25,Ses04F_impro04_M025,unknown,"Look if I could give you a job,if I could give you a job I would but I mean I'm not in that position. I'm-",,,frustrated
train,Ses04F_impro04,26,Ses04F_impro04_M026,unknown,"Hey, I'd love to help you but I- you don't have the kind of training that I-",,,neutral
train,Ses04F_impro04,27,Ses04F_impro04_M027,unknown,"So, go to McDonalds.",,,frustrated
train,Ses04F_impro04,28,Ses04F_impro04_M028,unknown,Well you've got to start somewhere.  I mean-,,,neutral
train,Ses04F_impro04,29,Ses04F_impro04_M029,unknown,Well you're going to have to.  You don't really have an option.  What's your problem?,,,frustrated
train,Ses04F_impro04,30,Ses04F_impro04_M030,unknown,I don't know it's like I'm trying to be-,,,neutral
train,Ses04F_impro04,31,Ses04F_impro04_M031,unknown,I'm trying to be helpful.,,,neutral
train,Ses04F_impro04,33,Ses04F_impro04_M033,unknown,I'm trying to watch TV.,,,neutral
train,Ses04F_impro07,0,Ses04F_impro07_F000,unknown,Guess what came today?,,,excited
train,Ses04F_impro07,1,Ses04F_impro07_F001,unknown,My acceptance letter.,,,excited
train,Ses04F_impro07,2,Ses04F_impro07_F002,unknown,From U.S.C..,,,excited
train,Ses04F_impro07,3,Ses04F_impro07_F003,unknown,"Yes, I am.",,,excited
train,Ses04F_impro07,4,Ses04F_impro07_F004,unknown,"Well yeah, that's the general idea. [LAUGHTER]",,,excited
train,Ses04F_impro07,5,Ses04F_impro07_F005,unknown,Big bad acceptance packet with all the information.  I'm going to U.S.C..,,,excited
train,Ses04F_impro07,6,Ses04F_impro07_F006,unknown,I know. [LAUGHTER],,,excited
train,Ses04F_impro07,7,Ses04F_impro07_F007,unknown,"[LAUGHTER] Yeah, uh. No.",,,excited
train,Ses04F_impro07,8,Ses04F_impro07_F008,unknown,[LAUGHTER] It's safe around there.,,,excited
train,Ses04F_impro07,9,Ses04F_impro07_F009,unknown,The campus is beautiful. I'm so excited.,,,excited
train,Ses04F_impro07,10,Ses04F_impro07_F010,unknown,"Do you want to buy me some mace for my, you know, going away present?",,,excited
train,Ses04F_impro07,11,Ses04F_impro07_F011,unknown,There we go.  Perfect.,,,excited
train,Ses04F_impro07,12,Ses04F_impro07_F012,unknown,And a taser.  Excellent.  Just make sure it's a big knife.,,,excited
train,Ses04F_impro07,13,Ses04F_impro07_F013,unknown,I don't want any of those little puny ones.,,,excited
train,Ses04F_impro07,14,Ses04F_impro07_F014,unknown,Well I was thinking maybe underwater basket weaving.,,,excited
train,Ses04F_impro07,15,Ses04F_impro07_F015,unknown,"U.S.C. has a major in that, right.",,,excited
train,Ses04F_impro07,16,Ses04F_impro07_F016,unknown,They have - U.S.C. has everything because U.S.C. is the best school ever.,,,excited
train,Ses04F_impro07,17,Ses04F_impro07_F017,unknown,Okay.  Well I'm lying but-,,,excited
train,Ses04F_impro07,18,Ses04F_impro07_F018,unknown,"Well, I haven't decided yet.  I want to try some things out.",,,excited
train,Ses04F_impro07,21,Ses04F_impro07_F021,unknown,okay.  Well I'm not going to be undecided forever. [LAUGHTER],,,excited
train,Ses04F_impro07,22,Ses04F_impro07_F022,unknown,And it's so close so you can come visit me all the time.,,,excited
train,Ses04F_impro07,24,Ses04F_impro07_F024,unknown,"So this works out perfectly.  Because I was worried if I didn't get in to U.S.C., then I would have to go somewhere far away and then-",,,excited
train,Ses04F_impro07,27,Ses04F_impro07_F027,unknown,Everything worked out perfectly.,,,excited
train,Ses04F_impro07,28,Ses04F_impro07_F028,unknown,I know.  We should have a party.,,,excited
train,Ses04F_impro07,29,Ses04F_impro07_F029,unknown,An I got accepted to U.S.C. party.,,,excited
train,Ses04F_impro07,30,Ses04F_impro07_F030,unknown,No.  An I got accepted to U.S.C. party. [LAUGHTER],,,excited
train,Ses04F_impro07,31,Ses04F_impro07_F031,unknown,Right.  Now you're with me.,,,excited
train,Ses04F_impro07,32,Ses04F_impro07_F032,unknown,That is why I got accepted.,,,excited
train,Ses04F_impro07,33,Ses04F_impro07_F033,unknown,I know.,,,excited
train,Ses04F_impro07,35,Ses04F_impro07_F035,unknown,What- what did you have in mind?,,,excited
train,Ses04F_impro07,36,Ses04F_impro07_F036,unknown,[LAUGHTER],,,excited
train,Ses04F_impro07,38,Ses04F_impro07_F038,unknown,On occasion I've heard of it.,,,excited
train,Ses04F_impro07,39,Ses04F_impro07_F039,unknown,Yeah.  Totally.,,,excited
train,Ses04F_impro07,40,Ses04F_impro07_F040,unknown,I am totally down with the ice cream.,,,excited
train,Ses04F_impro07,41,Ses04F_impro07_F041,unknown,"Eh, we can work that part out.",,,excited
train,Ses04F_impro07,42,Ses04F_impro07_F042,unknown,Alright.,,,excited
train,Ses04F_impro07,44,Ses04F_impro07_F044,unknown,party.,,,excited
train,Ses04F_impro07,47,Ses04F_impro07_F047,unknown,I know.,,,excited
train,Ses04F_impro07,48,Ses04F_impro07_F048,unknown,Okay well that's not a happy part.  We don't want to talk about that.,,,excited
train,Ses04F_impro07,49,Ses04F_impro07_F049,unknown,"Well no.  I mean I have some scholarships and some financial aid and stuff but I'll have to, you know, I'll get a job",,,excited
train,Ses04F_impro07,50,Ses04F_impro07_F050,unknown,while I'm in school.  It'll be good.,,,excited
train,Ses04F_impro07,51,Ses04F_impro07_F051,unknown,Yeah.  It will work out.  Maybe I could work at Red Lobster.,,,excited
train,Ses04F_impro07,52,Ses04F_impro07_F052,unknown,I know.  Right down the street.,,,excited
train,Ses04F_impro07,58,Ses04F_impro07_F058,unknown,Excellent.  Drive drunk people around because you know that's all campus cruisers for.,,,excited
train,Ses04F_impro07,59,Ses04F_impro07_F059,unknown,"Okay.  No, that's dorky.",,,excited
train,Ses04F_impro07,60,Ses04F_impro07_F060,unknown,Yeah.,,,excited
train,Ses04F_impro07,61,Ses04F_impro07_F061,unknown,Student counsel?,,,excited
train,Ses04F_impro07,62,Ses04F_impro07_F062,unknown,"No, it's dorky.",,,excited
train,Ses04F_impro07,63,Ses04F_impro07_F063,unknown,Social life.  Hello.,,,excited
train,Ses04F_impro07,64,Ses04F_impro07_F064,unknown,[LAUGHTER].,,,excited
train,Ses04F_impro07,65,Ses04F_impro07_F065,unknown,[LAUGHTER].,,,excited
train,Ses04F_impro07,66,Ses04F_impro07_F066,unknown,"No.  But I'm thinking I might, you know, like audition for a play or something.  I don't really want to do the sorority thing.  I'm not really feeling that vibe with the",,,excited
train,Ses04F_impro07,70,Ses04F_impro07_F070,unknown,What have you heard about the Greek system?,,,excited
train,Ses04F_impro07,74,Ses04F_impro07_F074,unknown,"Oh, oh, I'm sorry, my bad.  I'll have to, like, sign up for summer lessons from you before I go.  You can teach me how to be cool before I go to college.",,,excited
train,Ses04F_impro07,78,Ses04F_impro07_F078,unknown,That's what you're saying. I'm right. [LAUGHTER],,,excited
train,Ses04F_impro07,79,Ses04F_impro07_F079,unknown,me.,,,excited
train,Ses04F_impro07,0,Ses04F_impro07_M000,unknown,"Hey, what's up?",,,neutral
train,Ses04F_impro07,1,Ses04F_impro07_M001,unknown,What?,,,excited
train,Ses04F_impro07,2,Ses04F_impro07_M002,unknown,Get out.,,,sur
train,Ses04F_impro07,3,Ses04F_impro07_M003,unknown,You serious?,,,sur
train,Ses04F_impro07,5,Ses04F_impro07_M005,unknown,That's awesome.  Congratulations.,,,excited
train,Ses04F_impro07,6,Ses04F_impro07_M006,unknown,That's amazing.  Wow.,,,excited
train,Ses04F_impro07,9,Ses04F_impro07_M009,unknown,I know but you should get like a taser or something.  I mean walking around the campus at night-,,,neutral
train,Ses04F_impro07,13,Ses04F_impro07_M013,unknown,"So, um- so what are you going to- what are you going to major in?",,,neutral
train,Ses04F_impro07,16,Ses04F_impro07_M016,unknown,they have that as a major?,,,neutral
train,Ses04F_impro07,17,Ses04F_impro07_M017,unknown,That's ridiculous.  I don't believe that.,,,neutral
train,Ses04F_impro07,18,Ses04F_impro07_M018,unknown,"Seriously, what's your major?",,,neutral
train,Ses04F_impro07,19,Ses04F_impro07_M019,unknown,So you're undecided?,,,neutral
train,Ses04F_impro07,20,Ses04F_impro07_M020,unknown,"Hey, that's cool.",,,neutral
train,Ses04F_impro07,21,Ses04F_impro07_M021,unknown,"No, no.  It's totally cool.  I mean, like, this friend of mine he was- he's been undecided now for, like, the past like eleven years of his life.",,,neutral
train,Ses04F_impro07,22,Ses04F_impro07_M022,unknown,"Uh, well-",,,neutral
train,Ses04F_impro07,23,Ses04F_impro07_M023,unknown,You- you- you'll find.,,,neutral
train,Ses04F_impro07,26,Ses04F_impro07_M026,unknown,"You'd have to, like go somewhere else, and, you know, we would be apart, and that would suck.",,,neutral
train,Ses04F_impro07,28,Ses04F_impro07_M028,unknown,That's awesome.,,,excited
train,Ses04F_impro07,31,Ses04F_impro07_M031,unknown,"Oh, that's right. Okay, I see. Right, right, right.",,,neutral
train,Ses04F_impro07,32,Ses04F_impro07_M032,unknown,A party celebrating your acceptance.,,,neutral
train,Ses04F_impro07,33,Ses04F_impro07_M033,unknown,That's cool.,,,neutral
train,Ses04F_impro07,34,Ses04F_impro07_M034,unknown,"Well, that's really cool that you're going to be staying in the same city and everything. so umm",,,excited
train,Ses04F_impro07,35,Ses04F_impro07_M035,unknown,"I don't know are you, like, I don't know.  Are you, like, available or anything?",,,neutral
train,Ses04F_impro07,36,Ses04F_impro07_M036,unknown,"Well I mean I don't know.  It's like you know I kind of had a crush on you throughout high school and, like",,,excited
train,Ses04F_impro07,37,Ses04F_impro07_M037,unknown,"I don't know I just thought that, you know, maybe we could, you know, I don't know.  It's like, you know, just test the waters anyway.  I don't see what the problem is.",,,excited
train,Ses04F_impro07,38,Ses04F_impro07_M038,unknown,"Movies- movie, we'll go to a movie and a dinner and- and",,,excited
train,Ses04F_impro07,39,Ses04F_impro07_M039,unknown,"actually, you know, there's this- there's this really cool restaurant, um, I don't know if you-  it's Red Lobster.  It's like down on",,,excited
train,Ses04F_impro07,40,Ses04F_impro07_M040,unknown,Vermont.,,,excited
train,Ses04F_impro07,41,Ses04F_impro07_M041,unknown,"Wait, you've been there before?",,,excited
train,Ses04F_impro07,42,Ses04F_impro07_M042,unknown,"Oh, so well then you know that it's awesome.",,,excited
train,Ses04F_impro07,43,Ses04F_impro07_M043,unknown,"Right, so we'll go there and then- and then we'll get some ice cream and maybe we'll go putt-putt golfing.",,,excited
train,Ses04F_impro07,44,Ses04F_impro07_M044,unknown,Okay.  Putt-putt golfing?,,,neutral
train,Ses04F_impro07,45,Ses04F_impro07_M045,unknown,"Yeah, you want to go.  No, you want to go. You want to go.",,,excited
train,Ses04F_impro07,46,Ses04F_impro07_M046,unknown,I can see it in your eyes.  You want to go.,,,excited
train,Ses04F_impro07,49,Ses04F_impro07_M049,unknown,Good. Alright we're so happy.,,,excited
train,Ses04F_impro07,50,Ses04F_impro07_M050,unknown,"That's right.  Um, so U.S.C. is a really nice school.",,,excited
train,Ses04F_impro07,51,Ses04F_impro07_M051,unknown,Are you going to take out loans or-,,,neutral
train,Ses04F_impro07,57,Ses04F_impro07_M057,unknown,"But, um-",,,neutral
train,Ses04F_impro07,58,Ses04F_impro07_M058,unknown,"I mean, like, I don't know.  I'm just saying if you need to make some extra cash.  You can, you know",,,neutral
train,Ses04F_impro07,59,Ses04F_impro07_M059,unknown,Or library.,,,neutral
train,Ses04F_impro07,60,Ses04F_impro07_M060,unknown,I just said the library,,,neutral
train,Ses04F_impro07,61,Ses04F_impro07_M061,unknown,"or, um, campus cruiser.  You can drive people around.",,,neutral
train,Ses04F_impro07,62,Ses04F_impro07_M062,unknown,Right or you can run for student counsel.,,,neutral
train,Ses04F_impro07,63,Ses04F_impro07_M063,unknown,Dorky?,,,neutral
train,Ses04F_impro07,64,Ses04F_impro07_M064,unknown,It's important.,,,neutral
train,Ses04F_impro07,66,Ses04F_impro07_M066,unknown,Fine.  It's dorky.,,,neutral
train,Ses04F_impro07,67,Ses04F_impro07_M067,unknown,But that'll fit you  because you're a dork.,,,neutral
train,Ses04F_impro07,70,Ses04F_impro07_M070,unknown,I dork.,,,excited
train,Ses04F_impro07,71,Ses04F_impro07_M071,unknown,"Yeah, you don't want to do the sorority thing because you'll probably get used and abused by",,,neutral
train,Ses04F_impro07,72,Ses04F_impro07_M072,unknown,lots of drunk frat boys,,,neutral
train,Ses04F_impro07,73,Ses04F_impro07_M073,unknown,Yeah.,,,neutral
train,Ses04F_impro07,76,Ses04F_impro07_M076,unknown,"I mean it's not really free because you have to pay for it, but yeah.",,,neutral
train,Ses04F_impro07,77,Ses04F_impro07_M077,unknown,Well do you think you're going to live on campus or off campus your first year?,,,neutral
train,Ses04F_impro07,79,Ses04F_impro07_M079,unknown,"I hate to break this to you but you meet people by being cool, so-",,,neutral
train,Ses04F_impro07,80,Ses04F_impro07_M080,unknown,"No, no, no.  You're right though.  I mean, you know, dorms are definitely the way to meet people.  I know that I was in an apartment off campus",,,neutral
train,Ses04F_impro07,82,Ses04F_impro07_M082,unknown,"that happened, you know, that was going on.",,,neutral
train,Ses04F_script01_1,1,Ses04F_script01_1_F001,unknown,How could he see it?  I was the first one up.  He was still in bed.,,,sur
train,Ses04F_script01_1,4,Ses04F_script01_1_F004,unknown,Did you talk to him?,,,sadness
train,Ses04F_script01_1,6,Ses04F_script01_1_F006,unknown,What was he doing out here at that hour?  He's dreaming about him again.  He's walking around at night.,,,frustrated
train,Ses04F_script01_1,9,Ses04F_script01_1_F009,unknown,What?,,,sur
train,Ses04F_script01_1,11,Ses04F_script01_1_F011,unknown,"What do you want to do, argue with him?",,,anger
train,Ses04F_script01_1,12,Ses04F_script01_1_F012,unknown,You can't say that to him.,,,anger
train,Ses04F_script01_1,13,Ses04F_script01_1_F013,unknown,How are you going to prove it?  Can you prove it?,,,anger
train,Ses04F_script01_1,14,Ses04F_script01_1_F014,unknown,To you it is and to me but not to him.  You can talk yourself blue in the face but there's no body and no grave so where are you?,,,anger
train,Ses04F_script01_1,15,Ses04F_script01_1_F015,unknown,The trouble is the goddamn newspapers.  Every month some boy turns up from nowhere so the next one is going to be Larry.,,,anger
train,Ses04F_script01_1,18,Ses04F_script01_1_F018,unknown,"Well that's only your business, Chris.",,,neutral
train,Ses04F_script01_1,19,Ses04F_script01_1_F019,unknown,What do you want me to do?  You're old enough to know your own mind.,,,anger
train,Ses04F_script01_1,21,Ses04F_script01_1_F021,unknown,I'm just saying.,,,frustrated
train,Ses04F_script01_1,22,Ses04F_script01_1_F022,unknown,I ignore what I got to ignore. The girl is Larry's girl.,,,anger
train,Ses04F_script01_1,23,Ses04F_script01_1_F023,unknown,"From father's point of view, he's not dead and you have no right to take his girl.",,,anger
train,Ses04F_script01_1,24,Ses04F_script01_1_F024,unknown,"Now you can go on from there and you know where to go, but I'm telling you I don't know where to go.  See I don't know.  Now what can I do for you?",,,anger
train,Ses04F_script01_1,25,Ses04F_script01_1_F025,unknown,You're a considerate fellow.  There's nothing wrong in that.,,,neutral
train,Ses04F_script01_1,27,Ses04F_script01_1_F027,unknown,How do you know she'll marry you?  Maybe she feels the same way father does.,,,frustrated
train,Ses04F_script01_1,28,Ses04F_script01_1_F028,unknown,The trouble is you don't see enough women.  You never did.,,,frustrated
train,Ses04F_script01_1,29,Ses04F_script01_1_F029,unknown,I don't see why it has to be Annie.,,,anger
train,Ses04F_script01_1,30,Ses04F_script01_1_F030,unknown,Well that's a good answer but it don't answer anything.  You haven't seen her since you went to war.  It's been five years.,,,anger
train,Ses04F_script01_1,31,Ses04F_script01_1_F031,unknown,"I don't want a diagram.  He thinks he's coming back, Chris.",,,frustrated
train,Ses04F_script01_1,32,Ses04F_script01_1_F032,unknown,You marry that girl.  You're pronouncing him dead.  Now what happens to your father?  Do you know because I don't?,,,anger
train,Ses04F_script01_1,35,Ses04F_script01_1_F035,unknown,Are you crazy?,,,anger
train,Ses04F_script01_1,36,Ses04F_script01_1_F036,unknown,You've got a business here.  What the hell is this?,,,anger
train,Ses04F_script01_1,37,Ses04F_script01_1_F037,unknown,Must you be inspired?,,,anger
train,Ses04F_script01_1,38,Ses04F_script01_1_F038,unknown,You mean-tell me something you mean you'd really leave the business?,,,frustrated
train,Ses04F_script01_1,40,Ses04F_script01_1_F040,unknown,Alright but don't think that way,,,anger
train,Ses04F_script01_1,41,Ses04F_script01_1_F041,unknown,"because what the hell did we work for?  This whole shooting match is just for you, Chris.",,,anger
train,Ses04F_script01_1,42,Ses04F_script01_1_F042,unknown,But don't think that way.  You hear me?,,,anger
train,Ses04F_script01_1,44,Ses04F_script01_1_F044,unknown,Yeah.  I can see that.,,,anger
train,Ses04F_script01_1,0,Ses04F_script01_1_M000,unknown,He saw it.,,,neutral
train,Ses04F_script01_1,4,Ses04F_script01_1_M004,unknown,"No, I figured the best thing was to leave him alone.",,,sadness
train,Ses04F_script01_1,5,Ses04F_script01_1_M005,unknown,I could hear him right through the floor of my room.,,,sadness
train,Ses04F_script01_1,7,Ses04F_script01_1_M007,unknown,"I don't know the meaning of this, mom.  But I know one thing you made a terrible mistake with dad.",,,frustrated
train,Ses04F_script01_1,8,Ses04F_script01_1_M008,unknown,"Being dishonest with him, that kind of thing always pays off and now it's paying off.",,,frustrated
train,Ses04F_script01_1,9,Ses04F_script01_1_M009,unknown,You know that Larry's not coming back and I know it.  Why do we allow him to go on thinking that we believe with him?,,,anger
train,Ses04F_script01_1,10,Ses04F_script01_1_M010,unknown,I don't want to argue with him but it's time that he realizes that Larry's not coming back anymore.,,,anger
train,Ses04F_script01_1,12,Ses04F_script01_1_M012,unknown,We've got to say it to him.,,,anger
train,Ses04F_script01_1,13,Ses04F_script01_1_M013,unknown,For God's sake three years.  Nobody comes back after three years.  It's insane.,,,anger
train,Ses04F_script01_1,14,Ses04F_script01_1_M014,unknown,Sit down mom.  I want to talk to you.,,,frustrated
train,Ses04F_script01_1,15,Ses04F_script01_1_M015,unknown,"Alright, alright, alright.  Listen. You know why I asked Annie here don't you?",,,frustrated
train,Ses04F_script01_1,16,Ses04F_script01_1_M016,unknown,You know why.,,,neutral
train,Ses04F_script01_1,17,Ses04F_script01_1_M017,unknown,I'm going to ask her to marry me.,,,neutral
train,Ses04F_script01_1,18,Ses04F_script01_1_M018,unknown,You know it's not only my business.,,,frustrated
train,Ses04F_script01_1,19,Ses04F_script01_1_M019,unknown,Then it's alright.  I'll go ahead with it.,,,frustrated
train,Ses04F_script01_1,20,Ses04F_script01_1_M020,unknown,Then it isn't just my business.,,,anger
train,Ses04F_script01_1,21,Ses04F_script01_1_M021,unknown,Sometimes you infuriate me.  You know that?  Isn't it your business too if I tell this to father and he throws a fit about it.,,,anger
train,Ses04F_script01_1,22,Ses04F_script01_1_M022,unknown,Sometimes you have a- Sometimes you have a talent for ignoring things.,,,anger
train,Ses04F_script01_1,23,Ses04F_script01_1_M023,unknown,She's not Larry's girl.,,,frustrated
train,Ses04F_script01_1,24,Ses04F_script01_1_M024,unknown,"I don't know why it is but every time I reach out for something I want, I have to pull back because other people will suffer. My whole bloody life time after time after time.",,,frustrated
train,Ses04F_script01_1,25,Ses04F_script01_1_M025,unknown,To hell with that.,,,anger
train,Ses04F_script01_1,26,Ses04F_script01_1_M026,unknown,I wanted to get this settled first.,,,sadness
train,Ses04F_script01_1,27,Ses04F_script01_1_M027,unknown,"Well if she does, then that's the end of it.  From her letters, I think she's forgotten him.  I'll find out.",,,frustrated
train,Ses04F_script01_1,28,Ses04F_script01_1_M028,unknown,"and then we'll thrash it out with dad, right mom.  Don't avoid me.",,,anger
train,Ses04F_script01_1,29,Ses04F_script01_1_M029,unknown,So what I'm not fast with women.,,,anger
train,Ses04F_script01_1,30,Ses04F_script01_1_M030,unknown,Because it is.,,,anger
train,Ses04F_script01_1,32,Ses04F_script01_1_M032,unknown,"These years when I think of someone for my wife, I think of Annie.  What do you want, a diagram?",,,sadness
train,Ses04F_script01_1,34,Ses04F_script01_1_M034,unknown,"I've given it three years of thought.  I hoped that if I waited, dad would forget about Larry",,,anger
train,Ses04F_script01_1,35,Ses04F_script01_1_M035,unknown,"and everything would be happy and we would have a regular wedding.  But if that can't happen here, then I'll have to get out.",,,frustrated
train,Ses04F_script01_1,38,Ses04F_script01_1_M038,unknown,"The business, the business doesn't inspire me.",,,anger
train,Ses04F_script01_1,39,Ses04F_script01_1_M039,unknown,"Yes, I like it an hour a day.  If I have to grub for money all day long, at least at evening I want it beautiful.",,,frustrated
train,Ses04F_script01_1,40,Ses04F_script01_1_M040,unknown,I want- I want a family.  I want some kids.  I want to build something I give myself to.  Annie is in the middle of that.  Now where do I find it?,,,frustrated
train,Ses04F_script01_1,42,Ses04F_script01_1_M042,unknown,Then you help me stay here.,,,frustrated
train,Ses04F_script01_1,43,Ses04F_script01_1_M043,unknown,I know.  Just you help me stay here.,,,frustrated
train,Ses04F_script01_2,0,Ses04F_script01_2_F000,unknown,Why did he invite her?,,,anger
train,Ses04F_script01_2,1,Ses04F_script01_2_F001,unknown,It's been three years.  Why all of a sudden?,,,anger
train,Ses04F_script01_2,2,Ses04F_script01_2_F002,unknown,Nobody comes seven hundred miles just to see.,,,frustrated
train,Ses04F_script01_2,5,Ses04F_script01_2_F005,unknown,"What's going on here, Joe?",,,anger
train,Ses04F_script01_2,6,Ses04F_script01_2_F006,unknown,"No, line.",,,anger
train,Ses04F_script01_2,7,Ses04F_script01_2_F007,unknown,"She's not his girl, Joe.  She knows she's not.",,,anger
train,Ses04F_script01_2,8,Ses04F_script01_2_F008,unknown,Then why is she still single?  New York is full of men.  Why hasn't she married?,,,anger
train,Ses04F_script01_2,9,Ses04F_script01_2_F009,unknown,Probably a hundred people told her she's foolish but she's waited.,,,anger
train,Ses04F_script01_2,10,Ses04F_script01_2_F010,unknown,Because she knows what I know that's why.  She's faithful as a rock.,,,anger
train,Ses04F_script01_2,11,Ses04F_script01_2_F011,unknown,"In my worst moments, I think of her waiting and I know again that I'm right.",,,frustrated
train,Ses04F_script01_2,12,Ses04F_script01_2_F012,unknown,"Nobody in this house dares take her faith away, Joe.  Strangers might but not his father, not his brother.",,,frustrated
train,Ses04F_script01_2,14,Ses04F_script01_2_F014,unknown,"Because if he's not coming back, I'll kill myself.",,,frustrated
train,Ses04F_script01_2,16,Ses04F_script01_2_F016,unknown,"She goes to sleep in his room and his memorial breaks in pieces.  Look, look at it.  Joe-",,,anger
train,Ses04F_script01_2,17,Ses04F_script01_2_F017,unknown,"Believe with me, Joe.  I can't stand alone.",,,frustrated
train,Ses04F_script01_2,18,Ses04F_script01_2_F018,unknown,Just last week a man showed up in Detroit missing longer than Larry.  You read it yourself.,,,frustrated
train,Ses04F_script01_2,19,Ses04F_script01_2_F019,unknown,You above all have got to believe.  You.,,,frustrated
train,Ses04F_script01_2,20,Ses04F_script01_2_F020,unknown,Just don't stop believing.,,,frustrated
train,Ses04F_script01_2,21,Ses04F_script01_2_F021,unknown,I can't help it.,,,frustrated
train,Ses04F_script01_2,0,Ses04F_script01_2_M000,unknown,Why does that bother you?,,,neutral
train,Ses04F_script01_2,1,Ses04F_script01_2_M001,unknown,Well maybe- maybe he just wanted to see her again.,,,neutral
train,Ses04F_script01_2,4,Ses04F_script01_2_M004,unknown,How do you know he's even thinking about it?,,,neutral
train,Ses04F_script01_2,6,Ses04F_script01_2_M006,unknown,Listen kid.,,,frustrated
train,Ses04F_script01_2,7,Ses04F_script01_2_M007,unknown,"Uh, Then why is she still-she's not his girl, Joe",,,neutral
train,Ses04F_script01_2,8,Ses04F_script01_2_M008,unknown,You can't read her mind.,,,neutral
train,Ses04F_script01_2,9,Ses04F_script01_2_M009,unknown,How do you know why she waited?,,,frustrated
train,Ses04F_script01_2,10,Ses04F_script01_2_M010,unknown,Look it's a nice day.  What are we arguing for?,,,frustrated
train,Ses04F_script01_2,11,Ses04F_script01_2_M011,unknown,What do you want me to do?,,,frustrated
train,Ses04F_script01_2,12,Ses04F_script01_2_M012,unknown,But Kate-,,,frustrated
train,Ses04F_script01_2,13,Ses04F_script01_2_M013,unknown,Calm yourself.,,,frustrated
train,Ses04F_script01_2,14,Ses04F_script01_2_M014,unknown,Calm yourself.,,,frustrated
train,Ses04F_script01_2,15,Ses04F_script01_2_M015,unknown,Alright.  Alright.  Calm yourself.,,,frustrated
train,Ses04F_script01_2,16,Ses04F_script01_2_M016,unknown,Why me above all?,,,frustrated
train,Ses04F_script01_2,17,Ses04F_script01_2_M017,unknown,"What does that mean, me above all?  Look at you.  You're shaking.",,,anger
train,Ses04F_script01_2,18,Ses04F_script01_2_M018,unknown,What have I got to hide?  What the hell is matter with you Kate?,,,frustrated
train,Ses04F_script01_3,9,Ses04F_script01_3_F009,unknown,I guess this is why I came.,,,joy
train,Ses04F_script01_3,10,Ses04F_script01_3_F010,unknown,"Chris, I've been ready a long, long time.",,,joy
train,Ses04F_script01_3,12,Ses04F_script01_3_F012,unknown,You started to write me.,,,joy
train,Ses04F_script01_3,13,Ses04F_script01_3_F013,unknown,Every day since.,,,joy
train,Ses04F_script01_3,14,Ses04F_script01_3_F014,unknown,"I was waiting for you, Chris.  Till then you never wrote and then when you did what did you say.  I mean you sure can be ambiguous you know.",,,joy
train,Ses04F_script01_3,15,Ses04F_script01_3_F015,unknown,I'll never forgive you.  Why did you wait all these years?  All I've done is sit and wonder if I was crazy for thinking of you.,,,joy
train,Ses04F_script01_3,23,Ses04F_script01_3_F023,unknown,"Yeah, sure.",,,neutral
train,Ses04F_script01_3,24,Ses04F_script01_3_F024,unknown,How many?,,,sadness
train,Ses04F_script01_3,30,Ses04F_script01_3_F030,unknown,What'll I do with a fortune?,,,joy
train,Ses04F_script01_3,4,Ses04F_script01_3_M004,unknown,What?,,,anger
train,Ses04F_script01_3,8,Ses04F_script01_3_M008,unknown,I guess you know this is why I asked you to come.,,,neutral
train,Ses04F_script01_3,9,Ses04F_script01_3_M009,unknown,"Ann, I love you.  I love you a great deal.  I love you.",,,joy
train,Ses04F_script01_3,10,Ses04F_script01_3_M010,unknown,I have no imagination that's all I know to tell you.,,,joy
train,Ses04F_script01_3,11,Ses04F_script01_3_M011,unknown,I'm embarrassing you.  I didn't want to tell it to you here.  I,,,joy
train,Ses04F_script01_3,14,Ses04F_script01_3_M014,unknown,And he's gone forever.  You're sure?,,,neutral
train,Ses04F_script01_3,18,Ses04F_script01_3_M018,unknown,"Give me a kiss, Ann.  Give me a-God I kissed you.",,,joy
train,Ses04F_script01_3,19,Ses04F_script01_3_M019,unknown,"I kissed Annie.  How long, how long I've been waiting to kiss you.",,,joy
train,Ses04F_script01_3,20,Ses04F_script01_3_M020,unknown,"Annie, we're going to live now.  I'm going to make you so happy.",,,joy
train,Ses04F_script01_3,23,Ses04F_script01_3_M023,unknown,"No, nothing like that.",,,sadness
train,Ses04F_script01_3,24,Ses04F_script01_3_M024,unknown,Yes.  I suppose I have been but it's going from me.,,,sadness
train,Ses04F_script01_3,25,Ses04F_script01_3_M025,unknown,I don't know where to start.,,,frustrated
train,Ses04F_script01_3,26,Ses04F_script01_3_M026,unknown,There's so many things mixed up.,,,sadness
train,Ses04F_script01_3,27,Ses04F_script01_3_M027,unknown,You remember overseas I was in command of a company?,,,sadness
train,Ses04F_script01_3,28,Ses04F_script01_3_M028,unknown,Well I lost them.,,,sadness
train,Ses04F_script01_3,29,Ses04F_script01_3_M029,unknown,Just about all.,,,sadness
train,Ses04F_script01_3,30,Ses04F_script01_3_M030,unknown,It takes a lot of time to toss that off because they weren't just men.,,,sadness
train,Ses04F_script01_3,31,Ses04F_script01_3_M031,unknown,"For instance, one time it had been raining several days and this kid came to me and gave me his last pair of dry socks.",,,sadness
train,Ses04F_script01_3,32,Ses04F_script01_3_M032,unknown,I put them in my pocket. that's only a little thing but these are the kind of guys I had.,,,sadness
train,Ses04F_script01_3,33,Ses04F_script01_3_M033,unknown,They didn't die.  They killed themselves for each other.  I mean that exactly.  A little more selfish and they'd have been here today.,,,sadness
train,Ses04F_script01_3,34,Ses04F_script01_3_M034,unknown,"And I got this idea watching them go down.  Everything was being destroyed see, but it seemed to me that there was one new thing that was made",,,sadness
train,Ses04F_script01_3,35,Ses04F_script01_3_M035,unknown,a sort of responsibility man for man.  You understand me?,,,sadness
train,Ses04F_script01_3,36,Ses04F_script01_3_M036,unknown,And then I came home and it was amazing.,,,sadness
train,Ses04F_script01_3,39,Ses04F_script01_3_M039,unknown,"I felt, what you said, ashamed somehow",,,sadness
train,Ses04F_script01_3,40,Ses04F_script01_3_M040,unknown,because nobody was changed at all.  It seemed to make suckers out of a lot of guys.,,,sadness
train,Ses04F_script01_3,41,Ses04F_script01_3_M041,unknown,"I felt wrong to be alive, to open the new bank book, to drive the new car, to see the new refrigerator.",,,sadness
train,Ses04F_script01_3,43,Ses04F_script01_3_M043,unknown,"when you drive the new car, you have to know that it came out of the love a man can have for a man.  You've got to be a little better because of that.",,,sadness
train,Ses04F_script01_3,44,Ses04F_script01_3_M044,unknown,Otherwise what you have is really just loot and there's blood on it.  I didn't want to take any of it.,,,sadness
train,Ses04F_script01_3,45,Ses04F_script01_3_M045,unknown,I guess that included you.,,,sadness
train,Ses04F_script01_3,47,Ses04F_script01_3_M047,unknown,"Annie, Annie I'm going to make a fortune for you.",,,joy
train,Ses04F_script02_1,0,Ses04F_script02_1_F000,unknown,Fine.,,,neutral
train,Ses04F_script02_1,2,Ses04F_script02_1_F002,unknown,It's not yours.,,,frustrated
train,Ses04F_script02_1,7,Ses04F_script02_1_F007,unknown,It's after eleven let's go home.,,,anger
train,Ses04F_script02_1,8,Ses04F_script02_1_F008,unknown,There is no point in coming down here.,,,anger
train,Ses04F_script02_1,9,Ses04F_script02_1_F009,unknown,That's my point.,,,frustrated
train,Ses04F_script02_1,10,Ses04F_script02_1_F010,unknown,So let's go home.,,,frustrated
train,Ses04F_script02_1,11,Ses04F_script02_1_F011,unknown,Not particularly.,,,frustrated
train,Ses04F_script02_1,12,Ses04F_script02_1_F012,unknown,I just don't.  It's stupid.,,,anger
train,Ses04F_script02_1,13,Ses04F_script02_1_F013,unknown,"Pass up what?  These little fish swim onto the beach, flop around, and then swim away and then they die.",,,anger
train,Ses04F_script02_1,14,Ses04F_script02_1_F014,unknown,What are you so excited about?  This isn't a moon landing we're talking about.  It's fish.  It's fish nobody even eats.,,,anger
train,Ses04F_script02_1,15,Ses04F_script02_1_F015,unknown,"Oh, Augie.",,,frustrated
train,Ses04F_script02_1,16,Ses04F_script02_1_F016,unknown,I'm just not.,,,anger
train,Ses04F_script02_1,17,Ses04F_script02_1_F017,unknown,Yes.,,,anger
train,Ses04F_script02_1,19,Ses04F_script02_1_F019,unknown,We didn't see them the first time either.,,,anger
train,Ses04F_script02_1,20,Ses04F_script02_1_F020,unknown,That's the wind.,,,frustrated
train,Ses04F_script02_1,21,Ses04F_script02_1_F021,unknown,About what?,,,anger
train,Ses04F_script02_1,22,Ses04F_script02_1_F022,unknown,It's ridiculous.,,,anger
train,Ses04F_script02_1,0,Ses04F_script02_1_M000,unknown,What time is it?  They're supposed to run around midnight.  This is great isn't it?  Look at this night we've got here.  It couldn't be better.,,,joy
train,Ses04F_script02_1,2,Ses04F_script02_1_M002,unknown,"Is that, is that-that's just foam isn't it?  I can't even tell",,,excited
train,Ses04F_script02_1,4,Ses04F_script02_1_M004,unknown,"Oh, no you know what I did?  I forgot my flashlight.  How could I be so stupid I forgot my flashlight.",,,frustrated
train,Ses04F_script02_1,5,Ses04F_script02_1_M005,unknown,"The flashlight, the silver one.  There's only one isn't there?",,,frustrated
train,Ses04F_script02_1,6,Ses04F_script02_1_M006,unknown,Whose is it?,,,sur
train,Ses04F_script02_1,7,Ses04F_script02_1_M007,unknown,Well sure.,,,frustrated
train,Ses04F_script02_1,8,Ses04F_script02_1_M008,unknown,"No of course our flashlight, yours and mine, mi flashlight es su flashlight naturally.  How could we not think to bring it?",,,frustrated
train,Ses04F_script02_1,9,Ses04F_script02_1_M009,unknown,I hope the moon stays out.  I wonder do they always run during a full moon.  I can't remember if it was full last year.  Remember?,,,excited
train,Ses04F_script02_1,10,Ses04F_script02_1_M010,unknown,"Are you cold?  Do you want my jacket?  We should have brought the blanket, our blanket.",,,neutral
train,Ses04F_script02_1,11,Ses04F_script02_1_M011,unknown,"Ah, this is great, isn't it?  I didn't even think to bring a six-pack.  A six-pack would be just the ticket right about now.",,,joy
train,Ses04F_script02_1,15,Ses04F_script02_1_M015,unknown,Are you kidding?  We'd miss it.  We just got here.  What's the point of coming down here if we just turn around and go home?,,,frustrated
train,Ses04F_script02_1,16,Ses04F_script02_1_M016,unknown,Right.,,,frustrated
train,Ses04F_script02_1,17,Ses04F_script02_1_M017,unknown,That's my point too.,,,neutral
train,Ses04F_script02_1,18,Ses04F_script02_1_M018,unknown,"No, no, no.  That's not my point.  My point is is that there's no point in coming down here if we just leave.  Don't you want to see it?",,,frustrated
train,Ses04F_script02_1,20,Ses04F_script02_1_M020,unknown,Honey this is natural phenomenon.  I mean this only happens once a year.  This is a great opportunity.,,,frustrated
train,Ses04F_script02_1,21,Ses04F_script02_1_M021,unknown,Think about the people in Kansas.  They'd have to get plane tickets and hotel reservations to come see this.  We're just forty minutes away.  It's too good to pass up.,,,excited
train,Ses04F_script02_1,22,Ses04F_script02_1_M022,unknown,"Yeah but that moment on the beach is the highlight of their little lives.  All that flopping around is laying eggs or what do you, spawning or mating something like that.",,,frustrated
train,Ses04F_script02_1,23,Ses04F_script02_1_M023,unknown,This is the big night for these guys.  Life's last orgy.,,,excited
train,Ses04F_script02_1,24,Ses04F_script02_1_M024,unknown,"Yeah, they do.",,,frustrated
train,Ses04F_script02_1,25,Ses04F_script02_1_M025,unknown,Okay but it's fish who do something none of the other fish do,,,frustrated
train,Ses04F_script02_1,26,Ses04F_script02_1_M026,unknown,"like the swallows returning to Capistrano or the lemmings throwing themselves off the cliffs, like that.  There's mystery here and magic",,,excited
train,Ses04F_script02_1,27,Ses04F_script02_1_M027,unknown,a little bit of the unexplainable.  I don't see how you cannot be interested.,,,frustrated
train,Ses04F_script02_1,28,Ses04F_script02_1_M028,unknown,For real?,,,sur
train,Ses04F_script02_1,29,Ses04F_script02_1_M029,unknown,I don't get it.  The first time we came here to see it you said it was the best night of your life and last year I remember distinctly you were so excited to get here.  You stubbed your toe rushing me out the door and didn't even notice until we were in the car.,,,frustrated
train,Ses04F_script02_1,30,Ses04F_script02_1_M030,unknown,We weren't in a good spot.,,,frustrated
train,Ses04F_script02_1,31,Ses04F_script02_1_M031,unknown,We just weren't in a good spot.  This is a much better spot.,,,anger
train,Ses04F_script02_1,32,Ses04F_script02_1_M032,unknown,"I've got good instincts for these things.  Look there. What's that.  Is that?  Is that, is that-no it's just seaweed isn't it.",,,excited
train,Ses04F_script02_1,33,Ses04F_script02_1_M033,unknown,"Ah, man this is great.  I wouldn't miss this for anything.  I mean think about this.  I know you're not interested but just think about this for a minute.",,,excited
train,Ses04F_script02_1,34,Ses04F_script02_1_M034,unknown,Out there someplace there's this huge mass of silver fish heading this way.  They don't know why.  We don't know why.  It wasn't a decision.  They didn't take a vote.,,,excited
train,Ses04F_script02_1,35,Ses04F_script02_1_M035,unknown,No one sent them a map or an invitation.  Just some little instinctual time release firecracker went off in their little bodies and all as one. They turned and formed a line as long as the California coast and started swimming.,,,excited
train,Ses04F_script02_1,36,Ses04F_script02_1_M036,unknown,They're swimming right now as if that's the only thing that matters.,,,excited
train,Ses04F_script02_1,37,Ses04F_script02_1_M037,unknown,It's single mindedness with no mind.  Urgency that's pure urge.,,,excited
train,Ses04F_script02_1,38,Ses04F_script02_1_M038,unknown,They don't know what drives them.  They don't give it a name or ask question.  They just turn as one and start the swim that brings them here to this place,,,excited
train,Ses04F_script02_1,39,Ses04F_script02_1_M039,unknown,where we stand for massive celebration of sex and death.,,,excited
train,Ses04F_script02_1,40,Ses04F_script02_1_M040,unknown,"Ah, I'm giving myself goose bumps.  All my hairs are popping up.",,,excited
train,Ses04F_script02_2,2,Ses04F_script02_2_F002,unknown,It's PR.  Somebody sold you a bill of goods that this wonderful event is going to take place on the beach.,,,anger
train,Ses04F_script02_2,5,Ses04F_script02_2_F005,unknown,Goddamn it Augie don't ask me that.  You always ask me that.  I hate it when you ask me that.  It's insulting.,,,anger
train,Ses04F_script02_2,6,Ses04F_script02_2_F006,unknown,We just have different ideas about what this evening is supposed to look like.,,,anger
train,Ses04F_script02_2,7,Ses04F_script02_2_F007,unknown,"For heaven's sake, this is not about fish.",,,anger
train,Ses04F_script02_2,8,Ses04F_script02_2_F008,unknown,We totally skipped. Right.,,,neutral
train,Ses04F_script02_2,9,Ses04F_script02_2_F009,unknown,"For heaven's sake, grow up we are not going to see the Grunions.",,,anger
train,Ses04F_script02_2,10,Ses04F_script02_2_F010,unknown,We never do.  Do we have we ever?,,,anger
train,Ses04F_script02_2,11,Ses04F_script02_2_F011,unknown,Twice is every time we've tried that's ever.,,,anger
train,Ses04F_script02_2,14,Ses04F_script02_2_F014,unknown,and the fish won't show up.,,,anger
train,Ses04F_script02_2,15,Ses04F_script02_2_F015,unknown,You don't understand anything I'm saying.,,,frustrated
train,Ses04F_script02_2,16,Ses04F_script02_2_F016,unknown,I did want to see it.  I always do.  I keep thinking that this time will be the time but it never is.,,,frustrated
train,Ses04F_script02_2,19,Ses04F_script02_2_F019,unknown,We thought I was pregnant and we had a bottle of champagne but no glasses.  You asked me to dance.  So we took off our shoes,,,sadness
train,Ses04F_script02_2,20,Ses04F_script02_2_F020,unknown,"and you popped the cork and while we were dancing, you said the softest most intimate things to me",,,sadness
train,Ses04F_script02_2,21,Ses04F_script02_2_F021,unknown,right into my ear so that I could hear them as much as- so that I could feel them as much as hear them.,,,sadness
train,Ses04F_script02_2,22,Ses04F_script02_2_F022,unknown,"And I remember thinking this is it.  At last, at last I'm as happy as I'm supposed to be.",,,sadness
train,Ses04F_script02_2,23,Ses04F_script02_2_F023,unknown,"Dancing barefoot in the sand, drinking champagne from the bottle.",,,sadness
train,Ses04F_script02_2,24,Ses04F_script02_2_F024,unknown,I would rather not remember some things.  I would rather not hope for some things.,,,sadness
train,Ses04F_script02_2,25,Ses04F_script02_2_F025,unknown,No.,,,neutral
train,Ses04F_script02_2,26,Ses04F_script02_2_F026,unknown,No.,,,sadness
train,Ses04F_script02_2,27,Ses04F_script02_2_F027,unknown,No.  No.,,,frustrated
train,Ses04F_script02_2,28,Ses04F_script02_2_F028,unknown,No.,,,frustrated
train,Ses04F_script02_2,29,Ses04F_script02_2_F029,unknown,No.,,,frustrated
train,Ses04F_script02_2,30,Ses04F_script02_2_F030,unknown,No.,,,frustrated
train,Ses04F_script02_2,31,Ses04F_script02_2_F031,unknown,No.,,,anger
train,Ses04F_script02_2,33,Ses04F_script02_2_F033,unknown,"This what, what is this?  This isn't even anything.",,,anger
train,Ses04F_script02_2,34,Ses04F_script02_2_F034,unknown,"Oh, right, sure this is standing on the beach.  This is waiting.  This is fighting.",,,anger
train,Ses04F_script02_2,37,Ses04F_script02_2_F037,unknown,"I know you are, Augie.  Really I do.  I know you wanted this to be special and nice and it's the full moon and the sand and all but I just couldn't help thinking about being somewhere else.",,,sadness
train,Ses04F_script02_2,38,Ses04F_script02_2_F038,unknown,I didn't say that.,,,frustrated
train,Ses04F_script02_2,39,Ses04F_script02_2_F039,unknown,"For heaven's sake, whatever I'm doing I'd rather be doing it with you.",,,frustrated
train,Ses04F_script02_2,40,Ses04F_script02_2_F040,unknown,Well don't be ridiculous.  Don't you know that?  You're the one who probably wishes you were with somebody else,,,frustrated
train,Ses04F_script02_2,41,Ses04F_script02_2_F041,unknown,somebody who knew how to enjoy herself and didn't take everything so hard.,,,sadness
train,Ses04F_script02_2,43,Ses04F_script02_2_F043,unknown,"Yeah, I noticed that.  Looks pretty on the water doesn't it, big old white moon.",,,joy
train,Ses04F_script02_2,44,Ses04F_script02_2_F044,unknown,"Oh, Augie you brought refreshments.",,,joy
train,Ses04F_script02_2,45,Ses04F_script02_2_F045,unknown,Well then I guess we don't need glasses.,,,joy
train,Ses04F_script02_2,46,Ses04F_script02_2_F046,unknown,I'm beginning to think you might be right.  I think this may be the spot after all.  Augie I'm sorry.,,,joy
train,Ses04F_script02_2,0,Ses04F_script02_2_M000,unknown,"Well, so what do you think?",,,neutral
train,Ses04F_script02_2,6,Ses04F_script02_2_M006,unknown,Well then what's bugging you?,,,frustrated
train,Ses04F_script02_2,7,Ses04F_script02_2_M007,unknown,"There's nothing to it.  We come down here.  The grunions arrive.  They do their little fish business.  We go oh, ah look at the fish.  They go home.  We go home.",,,frustrated
train,Ses04F_script02_2,8,Ses04F_script02_2_M008,unknown,Why not?,,,frustrated
train,Ses04F_script02_2,10,Ses04F_script02_2_M010,unknown,Why not?,,,frustrated
train,Ses04F_script02_2,11,Ses04F_script02_2_M011,unknown,We've missed them twice that's not ever.,,,frustrated
train,Ses04F_script02_2,12,Ses04F_script02_2_M012,unknown,We'll see them this year.,,,frustrated
train,Ses04F_script02_2,13,Ses04F_script02_2_M013,unknown,I thought you wanted to see it.,,,frustrated
train,Ses04F_script02_2,14,Ses04F_script02_2_M014,unknown,"No, of course not.",,,frustrated
train,Ses04F_script02_2,15,Ses04F_script02_2_M015,unknown,It's just a fish.  Nothing to get traumatized over.,,,frustrated
train,Ses04F_script02_2,16,Ses04F_script02_2_M016,unknown,I've been trying to work this backwards but I can't seem to pinpoint the moment when we took a turn for the worse.  You were fine during the phone call from Marge.  Dinner was okay.  Doing the dishes was no problem.,,,frustrated
train,Ses04F_script02_2,19,Ses04F_script02_2_M019,unknown,Wait a minute.  I've got it.,,,neutral
train,Ses04F_script02_2,20,Ses04F_script02_2_M020,unknown,"It was in the car right.  Driving past the Knickerbocker Liquor Locker, you said let's get some champagne and I said times a wasting or something like that.  Right?",,,neutral
train,Ses04F_script02_2,21,Ses04F_script02_2_M021,unknown,"That's it, right?  You want this to be like the other time, right.  That's it.",,,excited
train,Ses04F_script02_2,23,Ses04F_script02_2_M023,unknown,You want me to get some champagne?,,,neutral
train,Ses04F_script02_2,25,Ses04F_script02_2_M025,unknown,Well what?  Want me to breath in your ear?,,,frustrated
train,Ses04F_script02_2,26,Ses04F_script02_2_M026,unknown,Want to get married again?,,,frustrated
train,Ses04F_script02_2,27,Ses04F_script02_2_M027,unknown,What?  What do you want a divorce?,,,frustrated
train,Ses04F_script02_2,28,Ses04F_script02_2_M028,unknown,A vacation?,,,frustrated
train,Ses04F_script02_2,29,Ses04F_script02_2_M029,unknown,"A new carpet, a poodle, a backrub, ice cream, a suicide pact.  What?  What?  Carla what the hell do you want?",,,frustrated
train,Ses04F_script02_2,31,Ses04F_script02_2_M031,unknown,"Do you think that when I proposed, I had this great fantasy going that four years down the line we'd come to the beach and yell at each other over fish.",,,frustrated
train,Ses04F_script02_2,32,Ses04F_script02_2_M032,unknown,Do you think that I knew that there'd be times when you'd look at me like I'm a used Kleenex and times I would look at you and think holy hell when's the next flight to Alaska.,,,frustrated
train,Ses04F_script02_2,33,Ses04F_script02_2_M033,unknown,"No, no I'm just like you.  I thought it was going to be all peaches and roses and sand in our hair and wind in our",,,frustrated
train,Ses04F_script02_2,34,Ses04F_script02_2_M034,unknown,"Sand in our toes and wind in our hair and the fish will always come and the bills will always pay themselves and ha, ha baby the jokes on us.  Because you know what you get,",,,frustrated
train,Ses04F_script02_2,39,Ses04F_script02_2_M039,unknown,I'm doing the best I can.,,,frustrated
train,Ses04F_script02_2,40,Ses04F_script02_2_M040,unknown,Maybe if you were with somebody else too.,,,sadness
train,Ses04F_script02_2,41,Ses04F_script02_2_M041,unknown,"No, I know but still.  I know I don't make you happy.",,,sadness
train,Ses04F_script02_2,42,Ses04F_script02_2_M042,unknown,Yeah?,,,sur
train,Ses04F_script02_2,43,Ses04F_script02_2_M043,unknown,"Actually now that you mention it, no I don't.",,,neutral
train,Ses04F_script02_2,44,Ses04F_script02_2_M044,unknown,I don't know.  It seemed like a good spot to me.,,,neutral
train,Ses04F_script02_2,46,Ses04F_script02_2_M046,unknown,Well look at what we got here.,,,excited
train,Ses04F_script02_2,47,Ses04F_script02_2_M047,unknown,It's not champagne.,,,neutral
train,Ses04F_script03_1,5,Ses04F_script03_1_F005,unknown,Ahh.  It sent shivers up my spine.,,,excited
train,Ses04F_script03_1,6,Ses04F_script03_1_F006,unknown,Behave exquisitely.,,,excited
train,Ses04F_script03_1,7,Ses04F_script03_1_F007,unknown,Certainly I shall probably do a court curtsy.,,,excited
train,Ses04F_script03_1,9,Ses04F_script03_1_F009,unknown,It's true the whole business is very poor joke.,,,excited
train,Ses04F_script03_1,11,Ses04F_script03_1_F011,unknown,Don't laugh at me.  I'm serious.,,,excited
train,Ses04F_script03_1,12,Ses04F_script03_1_F012,unknown,Who's they?,,,neutral
train,Ses04F_script03_1,14,Ses04F_script03_1_F014,unknown,"Oh, how long will it last, this ludicrous, over-bearing love of ours?",,,excited
train,Ses04F_script03_1,17,Ses04F_script03_1_F017,unknown,What happens if one of us dies?  Does the one that's left still laugh?,,,neutral
train,Ses04F_script03_1,21,Ses04F_script03_1_F021,unknown,"Thank you, dear.  The same applies to you except that if I catch you so much as looking at another woman, I'll kill you.",,,excited
train,Ses04F_script03_1,22,Ses04F_script03_1_F022,unknown,Which particular one?,,,excited
train,Ses04F_script03_1,23,Ses04F_script03_1_F023,unknown,"Oh, Charles.  That was his name.  Charles he did wriggle so beautifully.",,,excited
train,Ses04F_script03_1,24,Ses04F_script03_1_F024,unknown,"Yes, I know you did.  You threw him out of the window into the Grand Canal.  I don't think I'll ever forgive you for that.",,,excited
train,Ses04F_script03_1,26,Ses04F_script03_1_F026,unknown,It burnt my comb too and all the towels in the bathroom.,,,excited
train,Ses04F_script03_1,28,Ses04F_script03_1_F028,unknown,Then the manager came in and found us rolling about on the floor biting and scratching like panthers.,,,excited
train,Ses04F_script03_1,29,Ses04F_script03_1_F029,unknown,"How ridiculous.  How utterly, utterly ridiculous.",,,excited
train,Ses04F_script03_1,30,Ses04F_script03_1_F030,unknown,And very much sillier.,,,excited
train,Ses04F_script03_1,1,Ses04F_script03_1_M001,unknown,I wonder.,,,fea
train,Ses04F_script03_1,2,Ses04F_script03_1_M002,unknown,It must be them then.,,,fea
train,Ses04F_script03_1,6,Ses04F_script03_1_M006,unknown,What shall we do if they suddenly walk in on us?,,,excited
train,Ses04F_script03_1,7,Ses04F_script03_1_M007,unknown,With the most perfect poise.,,,excited
train,Ses04F_script03_1,8,Ses04F_script03_1_M008,unknown,"Things that ought to matter dreadfully don't matter at all when one's happy, do they?",,,excited
train,Ses04F_script03_1,9,Ses04F_script03_1_M009,unknown,"Don't say that, my darling.",,,neutral
train,Ses04F_script03_1,17,Ses04F_script03_1_M017,unknown,Well who knows?,,,neutral
train,Ses04F_script03_1,27,Ses04F_script03_1_M027,unknown,Do you remember that awful scene in Venice?,,,neutral
train,Ses04F_script03_1,28,Ses04F_script03_1_M028,unknown,The one where you bought that little painted wooden snake and put it on my bed.,,,neutral
train,Ses04F_script03_1,29,Ses04F_script03_1_M029,unknown,Horrible thing.  I hated it.,,,neutral
train,Ses04F_script03_1,30,Ses04F_script03_1_M030,unknown,How long did that row last?,,,neutral
train,Ses04F_script03_1,31,Ses04F_script03_1_M031,unknown,The worst one was in Cannes when your curling irons burnt holes in my dressing gown.,,,neutral
train,Ses04F_script03_2,5,Ses04F_script03_2_F005,unknown,What of it?,,,anger
train,Ses04F_script03_2,8,Ses04F_script03_2_F008,unknown,"Oh, dear.  I'm bored with this conversation.",,,frustrated
train,Ses04F_script03_2,9,Ses04F_script03_2_F009,unknown,No thanks.,,,frustrated
train,Ses04F_script03_2,12,Ses04F_script03_2_F012,unknown,It's become a habit with you.,,,anger
train,Ses04F_script03_2,13,Ses04F_script03_2_F013,unknown,"Oh, don't be so stupid.",,,anger
train,Ses04F_script03_2,14,Ses04F_script03_2_F014,unknown,What?,,,anger
train,Ses04F_script03_2,15,Ses04F_script03_2_F015,unknown,Just making myself fascinating for you.,,,frustrated
train,Ses04F_script03_2,16,Ses04F_script03_2_F016,unknown,The woman's job is to allure the man.  Watch me a minute will you.,,,frustrated
train,Ses04F_script03_2,17,Ses04F_script03_2_F017,unknown,"Oh, no it isn't",,,frustrated
train,Ses04F_script03_2,19,Ses04F_script03_2_F019,unknown,It doesn't seem to have worked such wonders with you.,,,anger
train,Ses04F_script03_2,20,Ses04F_script03_2_F020,unknown,Adders don't snap they sting.,,,anger
train,Ses04F_script03_2,21,Ses04F_script03_2_F021,unknown,They sting.,,,anger
train,Ses04F_script03_2,22,Ses04F_script03_2_F022,unknown,"I don't care, okay.  Do you understand?  I don't care.  I don't mind if they bark and roll about like hoops.",,,anger
train,Ses04F_script03_2,23,Ses04F_script03_2_F023,unknown,"Yes, I did quite a lot.",,,anger
train,Ses04F_script03_2,24,Ses04F_script03_2_F024,unknown,Mind your own business.,,,anger
train,Ses04F_script03_2,25,Ses04F_script03_2_F025,unknown,You're quite insufferable.  I expect it's because you're drunk.,,,anger
train,Ses04F_script03_2,26,Ses04F_script03_2_F026,unknown,You always had a weak head.,,,anger
train,Ses04F_script03_2,27,Ses04F_script03_2_F027,unknown,"On, the contrary.  A child of two could get violently drunk on only one glass of brandy.",,,anger
train,Ses04F_script03_2,28,Ses04F_script03_2_F028,unknown,"Oh, shut up.",,,anger
train,Ses04F_script03_2,29,Ses04F_script03_2_F029,unknown,"Not very funny, dear.  You'd better have some more brandy.",,,anger
train,Ses04F_script03_2,30,Ses04F_script03_2_F030,unknown,Why?,,,anger
train,Ses04F_script03_2,31,Ses04F_script03_2_F031,unknown,There is no one upstairs.  It's a photographer's studio.,,,anger
train,Ses04F_script03_2,34,Ses04F_script03_2_F034,unknown,Very well if you insist on being boorish and idiotic.,,,anger
train,Ses04F_script03_2,35,Ses04F_script03_2_F035,unknown,You're far too temperamental.  Try to control yourself.,,,anger
train,Ses04F_script03_2,36,Ses04F_script03_2_F036,unknown,"Go away, go away.  I hate you.",,,anger
train,Ses04F_script03_2,37,Ses04F_script03_2_F037,unknown,Listen? Listen indeed.  I'm sick and tired of listening to you.  You damn sadistic bully.,,,anger
train,Ses04F_script03_2,38,Ses04F_script03_2_F038,unknown,Stop.,,,anger
train,Ses04F_script03_2,39,Ses04F_script03_2_F039,unknown,"Stop, stop.  I hate you.  Do you hear?  You're conceited and overbearing and utterly impossible.",,,anger
train,Ses04F_script03_2,40,Ses04F_script03_2_F040,unknown,"This is the end do you understand?  The end,",,,anger
train,Ses04F_script03_2,41,Ses04F_script03_2_F041,unknown,finally and forever,,,anger
train,Ses04F_script03_2,42,Ses04F_script03_2_F042,unknown,"Oh, I am.  Let go of me.",,,anger
train,Ses04F_script03_2,43,Ses04F_script03_2_F043,unknown,"Oh, I hate you. It's a good thing that I found out in time what you're really like. Marry you again?  Never, never, never.",,,anger
train,Ses04F_script03_2,44,Ses04F_script03_2_F044,unknown,I'd rather die in torment. Beast.  Brute.  Calf swine.,,,anger
train,Ses04F_script03_2,0,Ses04F_script03_2_M000,unknown,"As a matter of fact, the real cause of that row was Peter Burden.",,,neutral
train,Ses04F_script03_2,1,Ses04F_script03_2_M001,unknown,I knew nothing of the sort.  You took presents from him.,,,anger
train,Ses04F_script03_2,3,Ses04F_script03_2_M003,unknown,You went out of your way to torture me over Peter Burden.,,,anger
train,Ses04F_script03_2,5,Ses04F_script03_2_M005,unknown,You let him kiss you.  You said you did.,,,anger
train,Ses04F_script03_2,6,Ses04F_script03_2_M006,unknown,What of it?,,,anger
train,Ses04F_script03_2,7,Ses04F_script03_2_M007,unknown,What about me?,,,anger
train,Ses04F_script03_2,8,Ses04F_script03_2_M008,unknown,"That's a nice point of view, I must say.",,,anger
train,Ses04F_script03_2,10,Ses04F_script03_2_M010,unknown,"I'll have some myself, I think.",,,neutral
train,Ses04F_script03_2,12,Ses04F_script03_2_M012,unknown,You can hardly call three liquor glasses in the whole evening going on and on and on.,,,frustrated
train,Ses04F_script03_2,14,Ses04F_script03_2_M014,unknown,"Really, Amanda.",,,anger
train,Ses04F_script03_2,15,Ses04F_script03_2_M015,unknown,Nothing.,,,anger
train,Ses04F_script03_2,16,Ses04F_script03_2_M016,unknown,"Going somewhere, my dear?",,,anger
train,Ses04F_script03_2,21,Ses04F_script03_2_M021,unknown,"Snap, snap, snap like a little adder.",,,frustrated
train,Ses04F_script03_2,24,Ses04F_script03_2_M024,unknown,Did you see much of Peter Burden after our divorce?,,,neutral
train,Ses04F_script03_2,27,Ses04F_script03_2_M027,unknown,I'm not in the least drunk.,,,anger
train,Ses04F_script03_2,28,Ses04F_script03_2_M028,unknown,I think I mentioned once before that I had three minute liquor glasses of brandy the whole evening long.  A child of two couldn't get drunk on that.,,,frustrated
train,Ses04F_script03_2,31,Ses04F_script03_2_M031,unknown,Very good idea.  I will.,,,anger
train,Ses04F_script03_2,34,Ses04F_script03_2_M034,unknown,There are people downstairs I suppose.,,,anger
train,Ses04F_script03_2,35,Ses04F_script03_2_M035,unknown,This is no time of year for Tunis.,,,anger
train,Ses04F_script03_2,37,Ses04F_script03_2_M037,unknown,Turn it off.  It's driving me mad.,,,anger
train,Ses04F_script03_2,39,Ses04F_script03_2_M039,unknown,"Amanda, listen.",,,anger
train,Ses04F_script03_2,40,Ses04F_script03_2_M040,unknown,Very amusing.,,,anger
train,Ses04F_script03_2,41,Ses04F_script03_2_M041,unknown,"You're a vile tempered, loose living, wicked little beast. And I hope I never see you again as long as I live.",,,anger
train,Ses04F_script03_2,42,Ses04F_script03_2_M042,unknown,You're not going like this.,,,anger
train,Ses04F_script03_2,43,Ses04F_script03_2_M043,unknown,You're not.,,,anger
train,Ses04F_script03_2,44,Ses04F_script03_2_M044,unknown,Shut up.  Shut up. I wouldn't marry you again if you came crawling to me on your bended knees.,,,anger
train,Ses04F_script03_2,45,Ses04F_script03_2_M045,unknown,"You're a mean, evil minded, little tempered witch. I hope to God I never set eyes on you again as long as I live. Whore.",,,anger
train,Ses04M_impro01,0,Ses04M_impro01_F000,unknown,Okay.  What's the problem?,,,neutral
train,Ses04M_impro01,1,Ses04M_impro01_F001,unknown,"Okay, um.  Do you have your photo ID with you?",,,neutral
train,Ses04M_impro01,2,Ses04M_impro01_F002,unknown,Okay.  This is the wrong form.  I'm sorry.,,,neutral
train,Ses04M_impro01,3,Ses04M_impro01_F003,unknown,"I don't have the form.  You're going to have to go get in that line over there and they will give you the right form.  And after you fill it out, you can bring it back to me.",,,frustrated
train,Ses04M_impro01,4,Ses04M_impro01_F004,unknown,I don't have any of,,,frustrated
train,Ses04M_impro01,5,Ses04M_impro01_F005,unknown,I don't have any of them over here.  You're gonna have to go get in that line over there.  And they will give you a copy of the form.,,,frustrated
train,Ses04M_impro01,6,Ses04M_impro01_F006,unknown,"Nope, I don't. I don't have-",,,frustrated
train,Ses04M_impro01,7,Ses04M_impro01_F007,unknown,"No, I can't. That's-",,,frustrated
train,Ses04M_impro01,8,Ses04M_impro01_F008,unknown,I'm sorry.  You have to do things the way you have to do things here.  We have rules.,,,frustrated
train,Ses04M_impro01,9,Ses04M_impro01_F009,unknown,"Go get in that-- Sir-- Sir, there are people in line behind you. you need",,,frustrated
train,Ses04M_impro01,10,Ses04M_impro01_F010,unknown,"I'm sorry.  I'm sorry you're having a hard time,",,,frustrated
train,Ses04M_impro01,11,Ses04M_impro01_F011,unknown,but you're gonna have to go get in  that line to,,,frustrated
train,Ses04M_impro01,12,Ses04M_impro01_F012,unknown,twenty bucks? Please. Go get in that line over there.,,,neutral
train,Ses04M_impro01,13,Ses04M_impro01_F013,unknown,"Look, I'm having a really bad day.  I'm off in twenty minutes and I just really don't need this right now, okay.",,,frustrated
train,Ses04M_impro01,14,Ses04M_impro01_F014,unknown,"And you're gonna have to go wait again, because that's the line you need.",,,frustrated
train,Ses04M_impro01,15,Ses04M_impro01_F015,unknown,I can't do that. It's against our rules. You can go get in that line over there or you can just go ahead and leave and come back another day.  Maybe there will be a shorter line.,,,frustrated
train,Ses04M_impro01,16,Ses04M_impro01_F016,unknown,I can't do that.,,,frustrated
train,Ses04M_impro01,17,Ses04M_impro01_F017,unknown,"I'm sorry, but I can't do that.",,,frustrated
train,Ses04M_impro01,18,Ses04M_impro01_F018,unknown,So go get in the other line or leave.  Or I will have you escorted out by security.,,,anger
train,Ses04M_impro01,19,Ses04M_impro01_F019,unknown,Would you like to be kicked out of the D.M.V.?  You don't think that'll be a little embarrassing?,,,anger
train,Ses04M_impro01,20,Ses04M_impro01_F020,unknown,The one you just came from.,,,frustrated
train,Ses04M_impro01,21,Ses04M_impro01_F021,unknown,Yeah.  Thank you.  Have a pleasant day.,,,anger
train,Ses04M_impro01,0,Ses04M_impro01_M000,unknown,"Yeah, hi.  Um, look, I -- all I'm trying to do right now is renew my license plate.  That's all.  I just need to get one of those little stickers.",,,neutral
train,Ses04M_impro01,1,Ses04M_impro01_M001,unknown,"And I've- I've- some lady -- I got in line.  I waited for about two hours um, and, I gave her this form",,,frustrated
train,Ses04M_impro01,2,Ses04M_impro01_M002,unknown,"that she gave to me earlier. And she said oh, I gave you the wrong one by accident.  So I was hoping I could just fill out a new one, give it to you and sort of skip this whole line business.",,,frustrated
train,Ses04M_impro01,3,Ses04M_impro01_M003,unknown,"Yes, I do.",,,neutral
train,Ses04M_impro01,4,Ses04M_impro01_M004,unknown,"This is -- okay, then just can I have the form that I need.",,,frustrated
train,Ses04M_impro01,5,Ses04M_impro01_M005,unknown,Don't you -- you don't have-,,,frustrated
train,Ses04M_impro01,6,Ses04M_impro01_M006,unknown,are you telling me you don't have a stack of them behind the desk?,,,frustrated
train,Ses04M_impro01,7,Ses04M_impro01_M007,unknown,"But you're -- it's the same -- I mean, you can -- like I can't go behind your desk--",,,frustrated
train,Ses04M_impro01,8,Ses04M_impro01_M008,unknown,or I can't go behind there- you can go behind this person's desk and just grab the form. So if you could just do that; that would help me out a lot.,,,frustrated
train,Ses04M_impro01,9,Ses04M_impro01_M009,unknown,"Look, can you please just-- --make this -- look, I look--",,,frustrated
train,Ses04M_impro01,10,Ses04M_impro01_M010,unknown,look-- It's  been- it's been two hours.  Can you please just make this easier on me and just go and get the form?  It's not- it's really not,,,frustrated
train,Ses04M_impro01,11,Ses04M_impro01_M011,unknown,What if I pay you money?,,,frustrated
train,Ses04M_impro01,12,Ses04M_impro01_M012,unknown,"Can I pay you money?  Can I give you, like, twenty bucks and you'll go back there and get the form?",,,frustrated
train,Ses04M_impro01,13,Ses04M_impro01_M013,unknown,"Come on.  Will you please?  I just --I look, I  cannot-- --just if I --",,,frustrated
train,Ses04M_impro01,14,Ses04M_impro01_M014,unknown,"I don't care, well- You're having a bad -- I just waited in line for two hours.",,,frustrated
train,Ses04M_impro01,16,Ses04M_impro01_M016,unknown,That's all I- I just- That's all i want you to-,,,frustrated
train,Ses04M_impro01,17,Ses04M_impro01_M017,unknown,"Rules, you just have to grab a piece of paper behind from somebody's desk",,,frustrated
train,Ses04M_impro01,18,Ses04M_impro01_M018,unknown,It's not rocket science.,,,anger
train,Ses04M_impro01,19,Ses04M_impro01_M019,unknown,"Come -- just, please, just grab the form.  It's right over there.",,,frustrated
train,Ses04M_impro01,21,Ses04M_impro01_M021,unknown,Why are you being such a bitch?,,,frustrated
train,Ses04M_impro01,22,Ses04M_impro01_M022,unknown,"Please, will you please -- will you please just grab the form?",,,frustrated
train,Ses04M_impro01,23,Ses04M_impro01_M023,unknown,"Fine, which line is it?",,,frustrated
train,Ses04M_impro01,24,Ses04M_impro01_M024,unknown,"Okay, fine.  I'll go over there.  Thanks, a lot.  You've been really helpful.",,,anger
train,Ses04M_impro02,2,Ses04M_impro02_F002,unknown,You're just going to pick up and leave me and our baby and miss a year of our lives?,,,frustrated
train,Ses04M_impro02,5,Ses04M_impro02_F005,unknown,"Do you want to -- do you want to leave us behind?  I mean, I don't understand why you have to do this.",,,frustrated
train,Ses04M_impro02,7,Ses04M_impro02_F007,unknown,Can't you ask them?  Can't you go back and ask them if you could -- I don't know if you could change  assignments or something and you could stay here?,,,frustrated
train,Ses04M_impro02,8,Ses04M_impro02_F008,unknown,"Why not?  You could, at least, try.  They have to understand",,,frustrated
train,Ses04M_impro02,9,Ses04M_impro02_F009,unknown,You won't even know your child when you come back.  This -- isn't there someone you could talk to?,,,sadness
train,Ses04M_impro02,10,Ses04M_impro02_F010,unknown,Explain the situation to them and then you can stay here.,,,frustrated
train,Ses04M_impro02,11,Ses04M_impro02_F011,unknown,"And what happens if, at the end of that year, they ask you to stay longer?  Are you just going to agree?  Are you just going to absentmindedly brainwashedly do whatever it is they tell you to do?",,,frustrated
train,Ses04M_impro02,12,Ses04M_impro02_F012,unknown,Then why do you have to go a year at all?,,,frustrated
train,Ses04M_impro02,13,Ses04M_impro02_F013,unknown,Well unagree.  Tell them that you can't leave right now.  I can't do this by myself.  I can't do this without you.,,,frustrated
train,Ses04M_impro02,16,Ses04M_impro02_F016,unknown,"There has to be something.  I mean, we can't just live with this.  It's not -- it just won't work this way.",,,frustrated
train,Ses04M_impro02,17,Ses04M_impro02_F017,unknown,Just tell them no.,,,frustrated
train,Ses04M_impro02,18,Ses04M_impro02_F018,unknown,"Then, can't you please try something?  If you go and ask them and they say no, then I would understand, but you're not even willing to ask.",,,frustrated
train,Ses04M_impro02,19,Ses04M_impro02_F019,unknown,Can't you just make an effort?  Can't you just try?,,,frustrated
train,Ses04M_impro02,20,Ses04M_impro02_F020,unknown,When do you leave?,,,sadness
train,Ses04M_impro02,21,Ses04M_impro02_F021,unknown,A week.  You're giving me a week to be okay with this.,,,anger
train,Ses04M_impro02,22,Ses04M_impro02_F022,unknown,Well it doesn't seem like you're that bothered by it.,,,frustrated
train,Ses04M_impro02,23,Ses04M_impro02_F023,unknown,"If you really cared so much, you'd find a way out.",,,frustrated
train,Ses04M_impro02,25,Ses04M_impro02_F025,unknown,"It's a free world.  I can go where I want.  Wherever you are, that's where we're going to go.",,,frustrated
train,Ses04M_impro02,27,Ses04M_impro02_F027,unknown,"I'm finding a way to make it work.  And I will go wherever you go.  Whatever I have to do, I will make this work.",,,frustrated
train,Ses04M_impro02,28,Ses04M_impro02_F028,unknown,You're not really giving me a lot of options.,,,frustrated
train,Ses04M_impro02,29,Ses04M_impro02_F029,unknown,But I'm supposed to be okay with you going there.,,,frustrated
train,Ses04M_impro02,0,Ses04M_impro02_M000,unknown,It's only going to be a year.,,,sadness
train,Ses04M_impro02,2,Ses04M_impro02_M002,unknown,There's nothing I --,,,frustrated
train,Ses04M_impro02,3,Ses04M_impro02_M003,unknown,"It's -- look, it's only a year.  It'll go by quickly.  Okay.",,,frustrated
train,Ses04M_impro02,4,Ses04M_impro02_M004,unknown,"I know, but I'll be back then.  And - and- and we'll have -- we have the rest of our lives.",,,frustrated
train,Ses04M_impro02,5,Ses04M_impro02_M005,unknown,I can't do that.  I have to go.,,,frustrated
train,Ses04M_impro02,6,Ses04M_impro02_M006,unknown,I've made a pledge.  I can't not do this at this point.,,,frustrated
train,Ses04M_impro02,7,Ses04M_impro02_M007,unknown,I know that. I know that. I know that.,,,frustrated
train,Ses04M_impro02,8,Ses04M_impro02_M008,unknown,"There's nothing I can do.  I mean, I have to go.",,,neutral
train,Ses04M_impro02,9,Ses04M_impro02_M009,unknown,"And this is what I do.  This is -- I mean, this is my life.  And I know that you're part of my life, too, and I mean, it's only -- it's just going to be a year.  I'll be back.",,,frustrated
train,Ses04M_impro02,10,Ses04M_impro02_M010,unknown,It's not- it's not- It's not like that.  It's not like that.  I can't do that.,,,frustrated
train,Ses04M_impro02,11,Ses04M_impro02_M011,unknown,Because it's impossible.  There's -- I just can't.  I can't.,,,frustrated
train,Ses04M_impro02,12,Ses04M_impro02_M012,unknown,"Look, honey, it's- it's- it's only going to be a year.",,,frustrated
train,Ses04M_impro02,13,Ses04M_impro02_M013,unknown,It's only going to be a year. I'm not going to miss my son's entire life.,,,frustrated
train,Ses04M_impro02,14,Ses04M_impro02_M014,unknown,I'm not going to stay more than a year.  I've  agreed to a year,,,frustrated
train,Ses04M_impro02,15,Ses04M_impro02_M015,unknown,Because I've already agreed to that.,,,frustrated
train,Ses04M_impro02,16,Ses04M_impro02_M016,unknown,"Yes, you can.  Yes, you can.  You know you can.  You're a strong person.",,,frustrated
train,Ses04M_impro02,17,Ses04M_impro02_M017,unknown,It is. It is. It is. It is. I'm going to write you every day.,,,frustrated
train,Ses04M_impro02,18,Ses04M_impro02_M018,unknown,What else can we do?  I -- we don't have a choice in this.  Do you understand?  You can't come with me and I can't stay here.  That's all there is to it.,,,frustrated
train,Ses04M_impro02,19,Ses04M_impro02_M019,unknown,We don't have a choice.  I have to do this.,,,frustrated
train,Ses04M_impro02,20,Ses04M_impro02_M020,unknown,"I can't do it.  I'd love to.  I mean, I don't - if you understand, I don't want to stay.",,,frustrated
train,Ses04M_impro02,21,Ses04M_impro02_M021,unknown,"I mean, I don't want to -- I don't want to leave.  I want to stay here with you.",,,frustrated
train,Ses04M_impro02,22,Ses04M_impro02_M022,unknown,I've asked already.  I can't go back.,,,frustrated
train,Ses04M_impro02,23,Ses04M_impro02_M023,unknown,"It can't happen.  I have to go.  I want to stay really bad, but I can't.  There's just no -- I don't have an option.",,,frustrated
train,Ses04M_impro02,24,Ses04M_impro02_M024,unknown,Next week.,,,frustrated
train,Ses04M_impro02,25,Ses04M_impro02_M025,unknown,"You can't make it out like I'm happy about this.  I mean, I didn't -- I didn't want to put you in this situation.",,,frustrated
train,Ses04M_impro02,26,Ses04M_impro02_M026,unknown,"I am.  I mean, I don't know.  I don't know what else to tell -- you know, I mean, I can tell you.  I don't know what else to do. I mean, I've been forced into this situation.",,,frustrated
train,Ses04M_impro02,27,Ses04M_impro02_M027,unknown,There's nothing I can do.  I-- I,,,frustrated
train,Ses04M_impro02,28,Ses04M_impro02_M028,unknown,They won't let you come along.  It's not going to happen.,,,frustrated
train,Ses04M_impro02,29,Ses04M_impro02_M029,unknown,Are you kidding? Please don't be difficult about this.,,,frustrated
train,Ses04M_impro02,30,Ses04M_impro02_M030,unknown,[BREATHING],,,frustrated
train,Ses04M_impro02,31,Ses04M_impro02_M031,unknown,"Look, I--",,,frustrated
train,Ses04M_impro02,32,Ses04M_impro02_M032,unknown,Where I'm going is not the safest place on the earth.  Okay.,,,frustrated
train,Ses04M_impro02,33,Ses04M_impro02_M033,unknown,But I've been trained.  You have no training.,,,frustrated
train,Ses04M_impro02,34,Ses04M_impro02_M034,unknown,You have to.  Do you understand me?  You have to.,,,frustrated
train,Ses04M_impro02,35,Ses04M_impro02_M035,unknown,"Well I guess we're at a stalemate then, aren't we?",,,frustrated
train,Ses04M_impro03,2,Ses04M_impro03_F002,unknown,I can't -- how did you do it?  What happened?,,,excited
train,Ses04M_impro03,3,Ses04M_impro03_F003,unknown,[LAUGHTER] Well you paint a romantic picture.,,,excited
train,Ses04M_impro03,4,Ses04M_impro03_F004,unknown,Did she cry?,,,excited
train,Ses04M_impro03,5,Ses04M_impro03_F005,unknown,"Oh, my God.  How long have you been planning on doing this?",,,excited
train,Ses04M_impro03,6,Ses04M_impro03_F006,unknown,I can't believe this.  You're getting married. It's crazy!,,,excited
train,Ses04M_impro03,7,Ses04M_impro03_F007,unknown,"Yeah, it is.",,,excited
train,Ses04M_impro03,8,Ses04M_impro03_F008,unknown,"Yeah, I would love to. Thanks. [LAUGHTER]",,,excited
train,Ses04M_impro03,9,Ses04M_impro03_F009,unknown,"Oh, my God, where -- have you guys talked about where you're going to get married or--",,,excited
train,Ses04M_impro03,10,Ses04M_impro03_F010,unknown,"Oh, my God.",,,excited
train,Ses04M_impro03,11,Ses04M_impro03_F011,unknown,Are you going to get married like on the beach barefoot or like fancier?  Like in a church.,,,excited
train,Ses04M_impro03,12,Ses04M_impro03_F012,unknown,Well I don't know.  Throwing it out there.,,,excited
train,Ses04M_impro03,15,Ses04M_impro03_F015,unknown,It's so exciting.  What's the ring look like?,,,excited
train,Ses04M_impro03,16,Ses04M_impro03_F016,unknown,Big and shiny.  You're such a guy. [LAUGHTER],,,excited
train,Ses04M_impro03,17,Ses04M_impro03_F017,unknown,I'm so excited for you. That's great. I'm so-,,,excited
train,Ses04M_impro03,19,Ses04M_impro03_F019,unknown,It's fantastic.  I -- congratulations. It's amazing.,,,excited
train,Ses04M_impro03,24,Ses04M_impro03_F024,unknown,This is why men don't plan weddings. [LAUGHTER],,,joy
train,Ses04M_impro03,25,Ses04M_impro03_F025,unknown,All fruit and brown. [LAUGHTER],,,excited
train,Ses04M_impro03,2,Ses04M_impro03_M002,unknown,"Yeah, it's pretty amazing, huh?",,,excited
train,Ses04M_impro03,5,Ses04M_impro03_M005,unknown,"Well I didn't want it to be like cheesy, you know.",,,joy
train,Ses04M_impro03,6,Ses04M_impro03_M006,unknown,"She didn't cry, but she was laughing a lot and it was very exciting, so...",,,joy
train,Ses04M_impro03,7,Ses04M_impro03_M007,unknown,"Honestly, it was kind of quickly.  It was actually only in the past couple months.",,,joy
train,Ses04M_impro03,8,Ses04M_impro03_M008,unknown,"Yeah. Yeah. So- I know.  I know. I know.  It's weird 'cause it's like the beginning of the rest of my life, you know.",,,joy
train,Ses04M_impro03,9,Ses04M_impro03_M009,unknown,"But uh- no, I mean, you know.  You know, I really want you to like, you know, sort of",,,joy
train,Ses04M_impro03,11,Ses04M_impro03_M011,unknown,Okay. Well there you go.,,,excited
train,Ses04M_impro03,15,Ses04M_impro03_M015,unknown,Barefoot?,,,excited
train,Ses04M_impro03,17,Ses04M_impro03_M017,unknown,Yeah.  But I'm really excited.  So and everybody's going to come out and it'll be a great time.  And--,,,excited
train,Ses04M_impro03,19,Ses04M_impro03_M019,unknown,It's big and shiny.  I don't know.  It's silver and--,,,excited
train,Ses04M_impro03,20,Ses04M_impro03_M020,unknown,"Yeah, I don't know. [LAUGHTER] But, yeah, so anyway -- well I wanted to tell you that, you know, 'cause you're one of my good friends and you're Kate's- one of her best friends and-",,,joy
train,Ses04M_impro03,21,Ses04M_impro03_M021,unknown,"Yeah, yeah. She was actually -- she was going to tell you but I told her that I wanted to tell you and she had to work today anyway, so I decided to-",,,joy
train,Ses04M_impro03,22,Ses04M_impro03_M022,unknown,"Yeah, yeah.",,,joy
train,Ses04M_impro03,23,Ses04M_impro03_M023,unknown,"Thank you.  I'm really -- I'm really excited.  And it's -- I don't know, it's like a little -- it's like a little scary, 'cause I'm like, ah, you know, it's the first time I've ever done anything like this.",,,excited
train,Ses04M_impro03,24,Ses04M_impro03_M024,unknown,"But, you know, it's like I really love her and I really just -- I can't imagine spending my life with anybody else but her.  So, you know, it's like I know that's the right thing.  And if you have to, you know, if you have to question that, you know, don't- don't do it.  So we're going to do it.",,,joy
train,Ses04M_impro03,25,Ses04M_impro03_M025,unknown,"And it's going to -- the -- you know, I told her that I just -- I want the color brown to be as an integral in the wedding.  And, um, maybe some greens and blues.",,,joy
train,Ses04M_impro03,26,Ses04M_impro03_M026,unknown,She's okay with it.,,,joy
train,Ses04M_impro03,28,Ses04M_impro03_M028,unknown,"Well, I mean I just told her--Well I just said, you know, hey, these are my suggestions.",,,joy
train,Ses04M_impro03,29,Ses04M_impro03_M029,unknown,All fruit and the color brown. Just that. That's all- that's my only request.,,,joy
train,Ses04M_impro03,30,Ses04M_impro03_M030,unknown,Yeah.  Well maybe--maybe you're right. Maybe there's something to that.,,,joy
train,Ses04M_impro03,31,Ses04M_impro03_M031,unknown,"So, um, anyway, do you want to order now?   So, um I mean--",,,neutral
train,Ses04M_impro04,0,Ses04M_impro04_F000,unknown,Well there has to be something you haven't tried.,,,neutral
train,Ses04M_impro04,1,Ses04M_impro04_F001,unknown,What about like a temp agency?,,,neutral
train,Ses04M_impro04,2,Ses04M_impro04_F002,unknown,"Have you gone, like, signed up with a temp agency?  Maybe they can help.",,,neutral
train,Ses04M_impro04,3,Ses04M_impro04_F003,unknown,"Right, but you have -- I mean, you have to keep on them.  You have to keep calling and reminding them that you're still looking and",,,neutral
train,Ses04M_impro04,4,Ses04M_impro04_F004,unknown,"I mean, you have to be really aggressive about it.",,,neutral
train,Ses04M_impro04,5,Ses04M_impro04_F005,unknown,"Well, I mean, if it's that bad, maybe you're gonna have to take something that doesn't really fit, you know.  Like maybe you'll have to do something else for a while.  Find a new field, new skill.",,,neutral
train,Ses04M_impro04,6,Ses04M_impro04_F006,unknown,"Well then you're choosing to be unemployed, really.",,,neutral
train,Ses04M_impro04,7,Ses04M_impro04_F007,unknown,"If you're not willing to try and work with it and find something and, you know, I mean, there are things you could do.",,,neutral
train,Ses04M_impro04,8,Ses04M_impro04_F008,unknown,"Well maybe, you know, your luck it is just down and the market for your particular field is down and maybe you just need to look into doing something else for a while.",,,neutral
train,Ses04M_impro04,9,Ses04M_impro04_F009,unknown,"I mean, I'm not saying that you should, you know--",,,neutral
train,Ses04M_impro04,10,Ses04M_impro04_F010,unknown,Excuse me?,,,sur
train,Ses04M_impro04,11,Ses04M_impro04_F011,unknown,It's my fault 'cause you didn't do what I told you to?,,,neutral
train,Ses04M_impro04,12,Ses04M_impro04_F012,unknown,Well that sounds like your fault.,,,neutral
train,Ses04M_impro04,13,Ses04M_impro04_F013,unknown,You didn't do what I told you to do.,,,neutral
train,Ses04M_impro04,15,Ses04M_impro04_F015,unknown,I think maybe you can't get employed because you aren't willing to take responsibility for your own actions.,,,neutral
train,Ses04M_impro04,16,Ses04M_impro04_F016,unknown,Really?  Whose fault is it you don't have a job?,,,neutral
train,Ses04M_impro04,17,Ses04M_impro04_F017,unknown,[LAUGHTER],,,neutral
train,Ses04M_impro04,0,Ses04M_impro04_M000,unknown,"Oh, man, I just -- I don't know what to do.  I don't know what to do.  It's like every job, you know, I go to; every job I apply to,",,,frustrated
train,Ses04M_impro04,1,Ses04M_impro04_M001,unknown,"it's just like nobody- nobody wants to hire me. It's been years, I mean, do you understand, years?  Like, I'm -- you know what I mean, it's like I've been collecting unemployment for so long now, it's just like I just -- I can't take it.  I don't know what to do.  I mean, I'm just like losing my mind.",,,frustrated
train,Ses04M_impro04,2,Ses04M_impro04_M002,unknown,"I-I'm not kidding.  I've tried everything.  Like I've gone to every business and local, you know,",,,frustrated
train,Ses04M_impro04,3,Ses04M_impro04_M003,unknown,"local business in- in the area and I can't- I can't get anything.  Like, nobody -",,,frustrated
train,Ses04M_impro04,4,Ses04M_impro04_M004,unknown,"there's just like no jobs available.  I mean, it's just like, God.",,,neutral
train,Ses04M_impro04,5,Ses04M_impro04_M005,unknown,"Yeah, I tried that.  And there was like, yeah, like I did like one thing once.  But, like, that's not -- it doesn't last very long.  And it's not enough to live on.",,,frustrated
train,Ses04M_impro04,6,Ses04M_impro04_M006,unknown,"Yeah, I do.  I do.  You don't understand.",,,frustrated
train,Ses04M_impro04,7,Ses04M_impro04_M007,unknown,I- You don't understand. I don't have a job.  All- My job is to look for a job.  I don't do anything else.,,,frustrated
train,Ses04M_impro04,8,Ses04M_impro04_M008,unknown,"But, like, it's been years now and I just can't seem to get anything that really fits.  It's just it -- I -- it drives me absolutely insane.",,,frustrated
train,Ses04M_impro04,9,Ses04M_impro04_M009,unknown,"No, no, no, no, no.  I can't- I can't do that.  I can't, I- because if I'm not- if I'm not- if I'm not doing something that I love, then I can't -- I can't- I mean it's- what's the point?",,,frustrated
train,Ses04M_impro04,10,Ses04M_impro04_M010,unknown,I'm not choosing. I'm not-,,,frustrated
train,Ses04M_impro04,11,Ses04M_impro04_M011,unknown,"No, but I'm try- but like all the things that I-it's like I apply to all these places and none of them",,,frustrated
train,Ses04M_impro04,12,Ses04M_impro04_M012,unknown,"-- I mean, I don't understand.  It's like -- I mean, I feel like I'm qualified enough.  I just don't understand.  Like, I mean, it's just like a matter of circumstance, but it's been three years, you know, three years.",,,frustrated
train,Ses04M_impro04,13,Ses04M_impro04_M013,unknown,This is stupid.,,,frustrated
train,Ses04M_impro04,14,Ses04M_impro04_M014,unknown,"You know what, this is your fault.",,,frustrated
train,Ses04M_impro04,15,Ses04M_impro04_M015,unknown,It's your fault 'cause -cause you always told me to- to do this and I did that instead.  And I didn't take your advice and - and- but you sort of were like were telling--,,,frustrated
train,Ses04M_impro04,16,Ses04M_impro04_M016,unknown,"Yeah, exactly.",,,frustrated
train,Ses04M_impro04,17,Ses04M_impro04_M017,unknown,Yeah.,,,frustrated
train,Ses04M_impro04,18,Ses04M_impro04_M018,unknown,That's 'cause you always tell me to do the wrong thing.  And I thought this time it was -- I was gonna be right by going with the opposite thing. So it's your fault because,,,frustrated
train,Ses04M_impro04,19,Ses04M_impro04_M019,unknown,"-because you were always wrong and-and-and this time you were right. And-and I didn't -- yeah, that's why.",,,frustrated
train,Ses04M_impro04,20,Ses04M_impro04_M020,unknown,"Well, I mean, it makes sense, doesn't it, hmm?",,,neutral
train,Ses04M_impro04,21,Ses04M_impro04_M021,unknown,That's not true.  I take responsibility for my own actions.,,,neutral
train,Ses04M_impro04,22,Ses04M_impro04_M022,unknown,Yours.  I don't--,,,neutral
train,Ses04M_impro04,23,Ses04M_impro04_M023,unknown,"I had- No, I don't.  I'm sorry.  I just totally screwed this one up.  You can stop it I guess.",,,oth
train,Ses04M_impro05,0,Ses04M_impro05_F000,unknown,"Hi, how can I help you?",,,neutral
train,Ses04M_impro05,1,Ses04M_impro05_F001,unknown,Mmhmm.,,,neutral
train,Ses04M_impro05,2,Ses04M_impro05_F002,unknown,I'm sorry.,,,neutral
train,Ses04M_impro05,3,Ses04M_impro05_F003,unknown,Right.,,,neutral
train,Ses04M_impro05,6,Ses04M_impro05_F006,unknown,"Uh. Okay.  I -- first of all, I'm very sorry you lost your bag.",,,neutral
train,Ses04M_impro05,7,Ses04M_impro05_F007,unknown,"Um, but, actually, our policy is a fifty dollar",,,neutral
train,Ses04M_impro05,8,Ses04M_impro05_F008,unknown,refund--coverage of the bag that was lost. yes,,,neutral
train,Ses04M_impro05,9,Ses04M_impro05_F009,unknown,"That's our policy, sir.",,,neutral
train,Ses04M_impro05,10,Ses04M_impro05_F010,unknown,I can't do that.,,,neutral
train,Ses04M_impro05,12,Ses04M_impro05_F012,unknown,I'm very sorry.  I understand you're frustrated. You just got off of a flight.,,,frustrated
train,Ses04M_impro05,13,Ses04M_impro05_F013,unknown,We'll cover fifty.,,,neutral
train,Ses04M_impro05,14,Ses04M_impro05_F014,unknown,We only cover fifty do-,,,frustrated
train,Ses04M_impro05,15,Ses04M_impro05_F015,unknown,We only cover fifty dollars worth of lost items.,,,frustrated
train,Ses04M_impro05,16,Ses04M_impro05_F016,unknown,I'm very sorry.,,,frustrated
train,Ses04M_impro05,17,Ses04M_impro05_F017,unknown,I'm very sorry.  I understand you're upset.  You just got off a long flight.,,,neutral
train,Ses04M_impro05,18,Ses04M_impro05_F018,unknown,We really -- we want to work with you. We really -- we want to help.,,,frustrated
train,Ses04M_impro05,19,Ses04M_impro05_F019,unknown,I understand that.  I would know if it was mine. Um-,,,neutral
train,Ses04M_impro05,20,Ses04M_impro05_F020,unknown,But it's not.  It's yours.  I understand.,,,neutral
train,Ses04M_impro05,21,Ses04M_impro05_F021,unknown,I know.  We want to work with you.  We will give you the fifty dollars but I'm--,,,frustrated
train,Ses04M_impro05,22,Ses04M_impro05_F022,unknown,"Yeah, we don't do that.  I can go ahead and send you--",,,frustrated
train,Ses04M_impro05,23,Ses04M_impro05_F023,unknown,"We will definitely keep an eye out for your bag. We will try to find it.  We will, you know, fill out the form for missing items.",,,frustrated
train,Ses04M_impro05,24,Ses04M_impro05_F024,unknown,No one can make the three check thing happen 'cause we don't do that.,,,frustrated
train,Ses04M_impro05,25,Ses04M_impro05_F025,unknown,I can write you the one check.,,,frustrated
train,Ses04M_impro05,26,Ses04M_impro05_F026,unknown,All- all that my supervisor could do is the exact same thing that I'm offering to do.,,,frustrated
train,Ses04M_impro05,27,Ses04M_impro05_F027,unknown,"I'd be happy to give you a cup of coffee, too.",,,frustrated
train,Ses04M_impro05,28,Ses04M_impro05_F028,unknown,We'll just throw that in--gratuitously.,,,frustrated
train,Ses04M_impro05,29,Ses04M_impro05_F029,unknown,"No, I don't. See, I could lose my job if I did that.",,,frustrated
train,Ses04M_impro05,30,Ses04M_impro05_F030,unknown,And your bag is not my concern.,,,frustrated
train,Ses04M_impro05,31,Ses04M_impro05_F031,unknown,The fifty dollars I'm going to give you for your bag is really all I'm concerned with.,,,frustrated
train,Ses04M_impro05,32,Ses04M_impro05_F032,unknown,I'm more than happy to not argue about it.  I will give you your fifty dollar certificate.,,,frustrated
train,Ses04M_impro05,33,Ses04M_impro05_F033,unknown,You can go ahead and go fill out the form. We'll look for your bag.,,,frustrated
train,Ses04M_impro05,34,Ses04M_impro05_F034,unknown,Then that would be lying.,,,frustrated
train,Ses04M_impro05,35,Ses04M_impro05_F035,unknown,I'm sorry.  We can only issue one fifty dollar certificate to cover the lost bag for one person.,,,frustrated
train,Ses04M_impro05,36,Ses04M_impro05_F036,unknown,"I understand you're frustrated, but--",,,neutral
train,Ses04M_impro05,37,Ses04M_impro05_F037,unknown,I know. I understand it's personal-- It's personal to you. I get that.,,,neutral
train,Ses04M_impro05,38,Ses04M_impro05_F038,unknown,"But if you want to just sit down, you know, maybe have a cup of tea, calm down a little bit, we'll go ahead and we'll do what we can for you. you okey",,,frustrated
train,Ses04M_impro05,39,Ses04M_impro05_F039,unknown,"And I'm looking forward to that.  However, I can't do that. I would lose my job.",,,frustrated
train,Ses04M_impro05,40,Ses04M_impro05_F040,unknown,"Oh, yes.",,,frustrated
train,Ses04M_impro05,41,Ses04M_impro05_F041,unknown,"I'm sorry, really.  But--",,,frustrated
train,Ses04M_impro05,42,Ses04M_impro05_F042,unknown,That I'm sorry?,,,frustrated
train,Ses04M_impro05,0,Ses04M_impro05_M000,unknown,"Yeah, hi.  Look--Um, okay.  Here's the thing.",,,frustrated
train,Ses04M_impro05,2,Ses04M_impro05_M002,unknown,lost my luggage. Your airline--,,,frustrated
train,Ses04M_impro05,3,Ses04M_impro05_M003,unknown,"lost my luggage. I didn't lose it. No, it's not like I left it somewhere and somebody took it.",,,frustrated
train,Ses04M_impro05,4,Ses04M_impro05_M004,unknown,"It was lost.  I waited on the conveyor -- near the conveyor belt to see, you know, where -- then the baggage claim and see if it would- it would come out.",,,frustrated
train,Ses04M_impro05,5,Ses04M_impro05_M005,unknown,"Didn't come out.  I spoke to somebody, a local authority figure.",,,frustrated
train,Ses04M_impro05,6,Ses04M_impro05_M006,unknown,"And he told me to come to this desk here so I can, uh, at least get, uh, the hundred- hundred and fifty dollars that- that I'm owed for my loss.",,,frustrated
train,Ses04M_impro05,7,Ses04M_impro05_M007,unknown,'Cause that's roughly how much the bag plus all its contents was worth.,,,frustrated
train,Ses04M_impro05,8,Ses04M_impro05_M008,unknown,fifty dollars?,,,anger
train,Ses04M_impro05,9,Ses04M_impro05_M009,unknown,"fifty dollars. No way, no.",,,anger
train,Ses04M_impro05,10,Ses04M_impro05_M010,unknown,"I don't but the thing is, I don't care about your policy.",,,anger
train,Ses04M_impro05,11,Ses04M_impro05_M011,unknown,You understand?,,,anger
train,Ses04M_impro05,12,Ses04M_impro05_M012,unknown,"What I want you to do is I want you to write three of those, as if I were three people.  Okay.  You can write -- you can just put my name on all --",,,frustrated
train,Ses04M_impro05,13,Ses04M_impro05_M013,unknown,But what I'm telling you is that's what you're going to do.,,,frustrated
train,Ses04M_impro05,14,Ses04M_impro05_M014,unknown,"No, no, because, look, I don't care what your policy says.  I mean--",,,anger
train,Ses04M_impro05,15,Ses04M_impro05_M015,unknown,You understand that the contents of my bag- The contents of my bag cost a hundred and fifty dollars.,,,anger
train,Ses04M_impro05,16,Ses04M_impro05_M016,unknown,You--,,,anger
train,Ses04M_impro05,17,Ses04M_impro05_M017,unknown,No.  No.  No.  What I need you to do -- I need you to write checks for -- I need you to write three of them. That'll be satisfactory.,,,anger
train,Ses04M_impro05,18,Ses04M_impro05_M018,unknown,"Just -- you can fill out the form--We can fill out - no, no, no, we can fill out the form three times.",,,anger
train,Ses04M_impro05,19,Ses04M_impro05_M019,unknown,And then that'll be that. It's going to be fine. Just-,,,frustrated
train,Ses04M_impro05,21,Ses04M_impro05_M021,unknown,"You don't understand. You don't understand, actually.  You don't understand because it was my luggage that was lost.  Okay.",,,frustrated
train,Ses04M_impro05,22,Ses04M_impro05_M022,unknown,"Yeah.  If it was yours, but it's not. It's mine.  Okay. So just--",,,anger
train,Ses04M_impro05,24,Ses04M_impro05_M024,unknown,You- you- you- you're misunderstanding me.  You're going to do that.,,,frustrated
train,Ses04M_impro05,25,Ses04M_impro05_M025,unknown,"Look, can I just -- can I speak to your manager, please?  'Cause I- I really -- I don't, um -- I mean, I just don't want to deal with -- I know that -- I mean, I know this isn't your fault,",,,frustrated
train,Ses04M_impro05,26,Ses04M_impro05_M026,unknown,but I need to speak to somebody who can make the three check thing happen.,,,anger
train,Ses04M_impro05,27,Ses04M_impro05_M027,unknown,"But what I'm talk -- but I'm just,just- please let me--",,,frustrated
train,Ses04M_impro05,28,Ses04M_impro05_M028,unknown,But if I could just speak directly -- if I could just speak directly to your-- to your superior person,,,frustrated
train,Ses04M_impro05,29,Ses04M_impro05_M029,unknown,then that would be helpful to me because I just feel like if- you don't think you have the power to write three checks but you actually do. see?,,,frustrated
train,Ses04M_impro05,30,Ses04M_impro05_M030,unknown,But your job is not my concern. My concern is getting my luggage.,,,frustrated
train,Ses04M_impro05,31,Ses04M_impro05_M031,unknown,"Look, I don't -- look, can we just not argue about this.  Like--",,,frustrated
train,Ses04M_impro05,32,Ses04M_impro05_M032,unknown,So what if- what if we- what if we do three forms,,,frustrated
train,Ses04M_impro05,33,Ses04M_impro05_M033,unknown,with different names on them? That-,,,frustrated
train,Ses04M_impro05,34,Ses04M_impro05_M034,unknown,"but, no. See, 'cause",,,frustrated
train,Ses04M_impro05,35,Ses04M_impro05_M035,unknown,if we have three forms then I can get the hundred and fifty.,,,frustrated
train,Ses04M_impro05,36,Ses04M_impro05_M036,unknown,"Just please, will you please just work with me here? Just -- all I'm asking you to do is just work with me. I know -- I know that you get lots of people all day long who give you shit, give you crap, but",,,frustrated
train,Ses04M_impro05,37,Ses04M_impro05_M037,unknown,"um, you know, I -- this is my bag and I need the hundred and fifty dollars. Please.",,,frustrated
train,Ses04M_impro05,38,Ses04M_impro05_M038,unknown,Please.,,,anger
train,Ses04M_impro05,39,Ses04M_impro05_M039,unknown,"I'm already calm. Okay, I'm calm. I'm calm.",,,anger
train,Ses04M_impro05,40,Ses04M_impro05_M040,unknown,"Just all I need you to do is just fill out three forms and I'll leave you alone forever, forever.  I'll never -- we'll never see each other again.",,,frustrated
train,Ses04M_impro05,41,Ses04M_impro05_M041,unknown,But that's not going to-- But you don't understand. You're looking forward to never seeing me again.,,,frustrated
train,Ses04M_impro05,42,Ses04M_impro05_M042,unknown,But never seeing me again is not going to happen until you give me the three checks.,,,frustrated
train,Ses04M_impro05,43,Ses04M_impro05_M043,unknown,I don't -- I'm not- I'm not convinced.,,,frustrated
train,Ses04M_impro05,44,Ses04M_impro05_M044,unknown,"Yeah.  If you were really sorry, you'd give me the three checks.",,,anger
train,Ses04M_impro05,45,Ses04M_impro05_M045,unknown,"So why don't we just do that and stop this nonsense, hmm?  Hmm?",,,anger
train,Ses04M_impro06,0,Ses04M_impro06_F000,unknown,"Hey, how you doing?",,,sadness
train,Ses04M_impro06,1,Ses04M_impro06_F001,unknown,I'm sorry.,,,sadness
train,Ses04M_impro06,2,Ses04M_impro06_F002,unknown,"I know- I know there's nothing I can say that will really help, but--",,,sadness
train,Ses04M_impro06,3,Ses04M_impro06_F003,unknown,I'm sorry.  It's never easy.,,,sadness
train,Ses04M_impro06,4,Ses04M_impro06_F004,unknown,"But, I'm here if there's anything you need.  I mean, you just have to ask.  I know --",,,sadness
train,Ses04M_impro06,5,Ses04M_impro06_F005,unknown,--it doesn't really do anything.  But--,,,sadness
train,Ses04M_impro06,6,Ses04M_impro06_F006,unknown,I know.  It never is.,,,sadness
train,Ses04M_impro06,7,Ses04M_impro06_F007,unknown,"How's, um -- how's his parents doing?",,,sadness
train,Ses04M_impro06,8,Ses04M_impro06_F008,unknown,"I mean, what do you want to do?  Do you want to- do you want to talk about it?  Do you-",,,sadness
train,Ses04M_impro06,9,Ses04M_impro06_F009,unknown,"Well I know it's not a lot of help or anything, but at least you got to know him.  I mean, at least you had the time with him that you did.",,,sadness
train,Ses04M_impro06,10,Ses04M_impro06_F010,unknown,"I mean, we can be grateful for that.",,,sadness
train,Ses04M_impro06,11,Ses04M_impro06_F011,unknown,You feel that way now because you're upset.  But you don't really think that.,,,sadness
train,Ses04M_impro06,12,Ses04M_impro06_F012,unknown,"It'll get better.  I know it doesn't help, but it will get better and you will remember all of the good things that you guys had; all of the memories that you have with him that were happy and you'll be grateful for those.",,,sadness
train,Ses04M_impro06,14,Ses04M_impro06_F014,unknown,"I agree.  If I knew how to make that happen, I would certainly help you.",,,sadness
train,Ses04M_impro06,15,Ses04M_impro06_F015,unknown,"When's the service? Can- can we help?  Is there anything, I mean--",,,sadness
train,Ses04M_impro06,16,Ses04M_impro06_F016,unknown,"Seems like if the whole world's sad, then it's okay for you to be.",,,sadness
train,Ses04M_impro06,17,Ses04M_impro06_F017,unknown,I know.,,,sadness
train,Ses04M_impro06,18,Ses04M_impro06_F018,unknown,"I don't have any magic answers.  But,",,,sadness
train,Ses04M_impro06,19,Ses04M_impro06_F019,unknown,"I mean, as- as cliche as it is, as long as people who loved him remember him, then it's not a waste, you know.",,,sadness
train,Ses04M_impro06,0,Ses04M_impro06_M000,unknown,Thanks.,,,sadness
train,Ses04M_impro06,1,Ses04M_impro06_M001,unknown,"I know.  I just -- I don't know.  It's just weird because you have somebody who's, you know,",,,sadness
train,Ses04M_impro06,2,Ses04M_impro06_M002,unknown,a major part of your life and then they're gone.  And I don't know.  That's not really -- it's never really happened to me before.,,,sadness
train,Ses04M_impro06,3,Ses04M_impro06_M003,unknown,Yeah.,,,sadness
train,Ses04M_impro06,4,Ses04M_impro06_M004,unknown,Thanks.,,,sadness
train,Ses04M_impro06,5,Ses04M_impro06_M005,unknown,I just -- it's just not fair.,,,sadness
train,Ses04M_impro06,6,Ses04M_impro06_M006,unknown,"I mean, they're, you know, they're upset.  It's like you know, they",,,sadness
train,Ses04M_impro06,7,Ses04M_impro06_M007,unknown,feel the same way everybody else does.,,,sadness
train,Ses04M_impro06,8,Ses04M_impro06_M008,unknown,"[BREATHING] I mean, there's nothing really to talk about.  He's gone and I'll never see him again.",,,sadness
train,Ses04M_impro06,9,Ses04M_impro06_M009,unknown,Yeah.,,,sadness
train,Ses04M_impro06,10,Ses04M_impro06_M010,unknown,"Yeah, I don't know.  Sometimes I wish I didn't know him.  So I wouldn't--",,,sadness
train,Ses04M_impro06,11,Ses04M_impro06_M011,unknown,This is just -- this is a terrible life.  I just don't understand.,,,sadness
train,Ses04M_impro06,12,Ses04M_impro06_M012,unknown,"I mean, it's just not fair.  Like, I don't know.  Why people -",,,sadness
train,Ses04M_impro06,13,Ses04M_impro06_M013,unknown,"there should just be some sort of rule that people don't die until they're older, 'cause then, at least, it's expected.",,,sadness
train,Ses04M_impro06,14,Ses04M_impro06_M014,unknown,I don't know what to do.,,,sadness
train,Ses04M_impro06,15,Ses04M_impro06_M015,unknown,"I mean, you- you can go.  I don't know.  I don't know what else.",,,sadness
train,Ses04M_impro06,16,Ses04M_impro06_M016,unknown,I hope it rains.  Somehow that'll make me feel more comfortable.,,,sadness
train,Ses04M_impro06,17,Ses04M_impro06_M017,unknown,Yeah.,,,sadness
train,Ses04M_impro06,18,Ses04M_impro06_M018,unknown,I just wish there was some way to just bring him back to life magically.,,,sadness
train,Ses04M_impro06,19,Ses04M_impro06_M019,unknown,"Just, you know, some thing; some genie. I need to find a genie bottle.",,,sadness
train,Ses04M_impro06,20,Ses04M_impro06_M020,unknown,I know.,,,sadness
train,Ses04M_impro07,0,Ses04M_impro07_F000,unknown,"What, no way.",,,sur
train,Ses04M_impro07,1,Ses04M_impro07_F001,unknown,Really?,,,sur
train,Ses04M_impro07,2,Ses04M_impro07_F002,unknown,I didn't even,,,excited
train,Ses04M_impro07,3,Ses04M_impro07_F003,unknown,know you applied to U.S.C..,,,excited
train,Ses04M_impro07,4,Ses04M_impro07_F004,unknown,"That's amazing.  I've seen it on TV. Um, Wow.  I mean, well what are you going to major in?  What are you going to do?",,,excited
train,Ses04M_impro07,6,Ses04M_impro07_F006,unknown,Right.,,,excited
train,Ses04M_impro07,7,Ses04M_impro07_F007,unknown,Yes.,,,excited
train,Ses04M_impro07,8,Ses04M_impro07_F008,unknown,Is U.S.C. known for its history program?,,,excited
train,Ses04M_impro07,9,Ses04M_impro07_F009,unknown,I know.  It's a great school and you know,,,excited
train,Ses04M_impro07,10,Ses04M_impro07_F010,unknown,It's all about the connections,,,excited
train,Ses04M_impro07,11,Ses04M_impro07_F011,unknown,"Oh, you did not just say that.",,,joy
train,Ses04M_impro07,12,Ses04M_impro07_F012,unknown,I know.  You're going to be so close.,,,excited
train,Ses04M_impro07,13,Ses04M_impro07_F013,unknown,I'm glad you did.,,,excited
train,Ses04M_impro07,14,Ses04M_impro07_F014,unknown,"That's great.  I mean, I'm really glad you're not going to go anywhere.  You'll still be here.",,,excited
train,Ses04M_impro07,15,Ses04M_impro07_F015,unknown,Everything in LA is twenty minutes away.,,,excited
train,Ses04M_impro07,16,Ses04M_impro07_F016,unknown,Give or take. [LAUGHTER],,,excited
train,Ses04M_impro07,17,Ses04M_impro07_F017,unknown,Well congratulations.,,,excited
train,Ses04M_impro07,18,Ses04M_impro07_F018,unknown,Yeah.,,,excited
train,Ses04M_impro07,22,Ses04M_impro07_F022,unknown,"But, congrats on the U.S.C. thing.",,,excited
train,Ses04M_impro07,23,Ses04M_impro07_F023,unknown,"The -- what, the- I mean--",,,neutral
train,Ses04M_impro07,26,Ses04M_impro07_F026,unknown,"Okay.  Well that's cool, too, but like--",,,neutral
train,Ses04M_impro07,27,Ses04M_impro07_F027,unknown,"Wow, you are a winner and a half. [LAUGHTER]",,,excited
train,Ses04M_impro07,36,Ses04M_impro07_F036,unknown,Excuse me?,,,neutral
train,Ses04M_impro07,37,Ses04M_impro07_F037,unknown,No.,,,neutral
train,Ses04M_impro07,0,Ses04M_impro07_M000,unknown,"Alright, so you're not going to believe this.  But I went home today. I looked through the mail.  And I got an acceptance letter from U.S.C..",,,excited
train,Ses04M_impro07,1,Ses04M_impro07_M001,unknown,I'm going to U.S.C.. Yeah.,,,excited
train,Ses04M_impro07,2,Ses04M_impro07_M002,unknown,"Yeah, yeah.",,,excited
train,Ses04M_impro07,3,Ses04M_impro07_M003,unknown,"I did.  I did. I've -- yeah, I applied to U.S.C..  I mean, it's really expensive but",,,excited
train,Ses04M_impro07,4,Ses04M_impro07_M004,unknown,it's a really good school.  So,,,excited
train,Ses04M_impro07,7,Ses04M_impro07_M007,unknown,"Yeah.  I like to know about history, 'cause, you know, it's- it's just so relevant to the present.",,,joy
train,Ses04M_impro07,8,Ses04M_impro07_M008,unknown,Yeah.,,,joy
train,Ses04M_impro07,9,Ses04M_impro07_M009,unknown,"And, uh-",,,joy
train,Ses04M_impro07,10,Ses04M_impro07_M010,unknown,"Um, you know, I don't think so.  But I think that, you know, it's still a private school",,,joy
train,Ses04M_impro07,11,Ses04M_impro07_M011,unknown,"and right you know it's still- and then, you know, I mean-",,,joy
train,Ses04M_impro07,12,Ses04M_impro07_M012,unknown,"I'm guessing, you know it's like I I checked it out.  And, like, they have a decent history program.",,,joy
train,Ses04M_impro07,13,Ses04M_impro07_M013,unknown,"So -- and like the geology just is awesome.  It rocks, no pun intended. [LAUGHTER]",,,joy
train,Ses04M_impro07,14,Ses04M_impro07_M014,unknown,"Um, but, uh- anyway -- yeah, so that's awesome, though, because you live here and then we're not going to be separated by me going to some other school",,,excited
train,Ses04M_impro07,15,Ses04M_impro07_M015,unknown,"And, uh, it's just really exciting.  I- You know, I'm -- just I want to- I want to share this special happy moment with you. It's awesome",,,excited
train,Ses04M_impro07,20,Ses04M_impro07_M020,unknown,"umm, and I'm going to check out school and get, you know, check out the courses",,,excited
train,Ses04M_impro07,21,Ses04M_impro07_M021,unknown,find out all this stuff.  And- and I don't know.  I think I'm going to try to live in a dorm.,,,excited
train,Ses04M_impro07,25,Ses04M_impro07_M025,unknown,"Ouch.  That's, um -- oh, wow.",,,neutral
train,Ses04M_impro07,26,Ses04M_impro07_M026,unknown,"No, no, I mean, I didn't know -- I didn't know that about you. Um, I feel like --",,,neutral
train,Ses04M_impro07,29,Ses04M_impro07_M029,unknown,I'll go to basketball games.,,,neutral
train,Ses04M_impro07,30,Ses04M_impro07_M030,unknown,Maybe some golf matches.,,,neutral
train,Ses04M_impro07,32,Ses04M_impro07_M032,unknown,I don't know.  Do they have golf?  Do they have- Does U.S.C. have a -- I don't know if they have a golf team.,,,neutral
train,Ses04M_impro07,35,Ses04M_impro07_M035,unknown,"No, I'm not going to go to a football game.",,,neutral
train,Ses04M_impro07,36,Ses04M_impro07_M036,unknown,Forget it. Forget it. Forget it. No way.,,,neutral
train,Ses04M_impro07,37,Ses04M_impro07_M037,unknown,I do -- I will need to get a gun-,,,neutral
train,Ses04M_impro07,40,Ses04M_impro07_M040,unknown,"Okay.  Um, but, no, I, uh, I do need to get a gun soon, though, 'cause I mean",,,neutral
train,Ses04M_impro07,41,Ses04M_impro07_M041,unknown,I need to get like a -- just a small little gun just 'cause -- or like a taser or something or just like a butterfly knife,,,neutral
train,Ses04M_impro07,42,Ses04M_impro07_M042,unknown,"'cause, you know, I mean, it's like If I ever want to go south of campus",,,neutral
train,Ses04M_impro07,43,Ses04M_impro07_M043,unknown,Well I need to defend myself from,,,neutral
train,Ses04M_impro08,0,Ses04M_impro08_F000,unknown,Hi.  I've been on the phone for an hour trying to get a little discrepancy on my bill fixed.  I was charged for two hundred dollars worth of calls that I didn't make.,,,frustrated
train,Ses04M_impro08,1,Ses04M_impro08_F001,unknown,I'm positive.  They came from like another state.,,,frustrated
train,Ses04M_impro08,2,Ses04M_impro08_F002,unknown,"Uh. Yeah, I just gave it to the automated thing like five times.",,,frustrated
train,Ses04M_impro08,3,Ses04M_impro08_F003,unknown,Okay.  three two three six nine seven five zero six six.  Can we move on?,,,frustrated
train,Ses04M_impro08,6,Ses04M_impro08_F006,unknown,"Yes, and I've been through all of the menus, pushed one and star and pound and all of that stuff and I'm just trying to get through to a person who can",,,frustrated
train,Ses04M_impro08,7,Ses04M_impro08_F007,unknown,"take off the charges that came from like Nebraska or wherever because, obviously, I didn't make those.",,,frustrated
train,Ses04M_impro08,8,Ses04M_impro08_F008,unknown,So can you please refund the mischarged charges,,,frustrated
train,Ses04M_impro08,9,Ses04M_impro08_F009,unknown,I did not make the calls from B.F.E. Nebraska.,,,frustrated
train,Ses04M_impro08,10,Ses04M_impro08_F010,unknown,So could you discretion it back?,,,frustrated
train,Ses04M_impro08,11,Ses04M_impro08_F011,unknown,"Okay, but that's like half",,,frustrated
train,Ses04M_impro08,12,Ses04M_impro08_F012,unknown,of the money that I was charged that I didn't make those calls.,,,frustrated
train,Ses04M_impro08,13,Ses04M_impro08_F013,unknown,"Okay, no, look, I- I- I- I'm really -- I'm trying to be patient.  I know this isn't your fault.  I know that you didn't do it",,,frustrated
train,Ses04M_impro08,14,Ses04M_impro08_F014,unknown,"but, at the same time, I have been through an hour of little robot voices telling me what I needed to do.",,,frustrated
train,Ses04M_impro08,16,Ses04M_impro08_F016,unknown,Excuse me?,,,frustrated
train,Ses04M_impro08,17,Ses04M_impro08_F017,unknown,How long does that take?,,,frustrated
train,Ses04M_impro08,18,Ses04M_impro08_F018,unknown,I have to wait a few weeks for people come go through my things to get the money back that I didn't spend?,,,frustrated
train,Ses04M_impro08,19,Ses04M_impro08_F019,unknown,Really?,,,sur
train,Ses04M_impro08,20,Ses04M_impro08_F020,unknown,You're just going to put it back on my account.,,,neutral
train,Ses04M_impro08,21,Ses04M_impro08_F021,unknown,So you're just going to take care of this for me?,,,sur
train,Ses04M_impro08,22,Ses04M_impro08_F022,unknown,"Oh, my God, thank you so much.",,,joy
train,Ses04M_impro08,23,Ses04M_impro08_F023,unknown,"I really appreciate this. I know it's not policy or whatever but, seriously",,,joy
train,Ses04M_impro08,24,Ses04M_impro08_F024,unknown,make my life a lot easier.,,,joy
train,Ses04M_impro08,25,Ses04M_impro08_F025,unknown,Really?,,,sur
train,Ses04M_impro08,27,Ses04M_impro08_F027,unknown,I'll,,,neutral
train,Ses04M_impro08,28,Ses04M_impro08_F028,unknown,"call up the Sprint call center and, uh, you know. cool",,,neutral
train,Ses04M_impro08,30,Ses04M_impro08_F030,unknown,You too.,,,neutral
train,Ses04M_impro08,0,Ses04M_impro08_M000,unknown,Thank you for calling Sprint.  We care about everybody.  How can I help you?,,,frustrated
train,Ses04M_impro08,1,Ses04M_impro08_M001,unknown,Are you sure you didn't make them?,,,neutral
train,Ses04M_impro08,2,Ses04M_impro08_M002,unknown,"Can I get your phone number, please?",,,frustrated
train,Ses04M_impro08,3,Ses04M_impro08_M003,unknown,I'm going to need it again.  I need to look at your file.  If you want me to look at your file--,,,frustrated
train,Ses04M_impro08,4,Ses04M_impro08_M004,unknown,Okay.,,,neutral
train,Ses04M_impro08,5,Ses04M_impro08_M005,unknown,"Umm, Miss Aruckman",,,neutral
train,Ses04M_impro08,6,Ses04M_impro08_M006,unknown,I am seeing the two hundred dollar charge.,,,neutral
train,Ses04M_impro08,7,Ses04M_impro08_M007,unknown,Well I'm looking at these.,,,frustrated
train,Ses04M_impro08,8,Ses04M_impro08_M008,unknown,So you're saying that you didn't make these calls.,,,neutral
train,Ses04M_impro08,9,Ses04M_impro08_M009,unknown,"Well I mean, I'm supposed to use discretion in the situation and, um--",,,frustrated
train,Ses04M_impro08,10,Ses04M_impro08_M010,unknown,All I can do for you right now is give you a hundred dollars.,,,neutral
train,Ses04M_impro08,11,Ses04M_impro08_M011,unknown,What I can,,,neutral
train,Ses04M_impro08,12,Ses04M_impro08_M012,unknown,What I can do for you is give you a hundred dollars right now and fill out complaint form,,,neutral
train,Ses04M_impro08,13,Ses04M_impro08_M013,unknown,which you- which you'll have to go into a local Verizon dealer--  or Sprint.,,,neutral
train,Ses04M_impro08,14,Ses04M_impro08_M014,unknown,"Ma'am, I understand that.",,,frustrated
train,Ses04M_impro08,15,Ses04M_impro08_M015,unknown,"Ma'am, I - I - I understand that. I understand that. What I can do for you right now is what I'm telling you is that I can do- I can give you a hundred dollars back and then you'll have to fill out a complaint form and then you'll get -- there'll be some investigation. Some men will show up at your house and go through your things.",,,frustrated
train,Ses04M_impro08,16,Ses04M_impro08_M016,unknown,And then then you'll get some money back.,,,frustrated
train,Ses04M_impro08,17,Ses04M_impro08_M017,unknown,A few weeks.  You won't even know that they were there.,,,neutral
train,Ses04M_impro08,18,Ses04M_impro08_M018,unknown,"Okay.  You know what?  I just don't feel like doing this anymore.  Um, you can have all the money back, two hundred dollar, right now.",,,frustrated
train,Ses04M_impro08,19,Ses04M_impro08_M019,unknown,"Yeah.  That's fine.  I just -- that's fine. Yeah, I mean, it doesn't make any difference to me.  I mean, it's not like it's going to cost my job or anything.",,,neutral
train,Ses04M_impro08,20,Ses04M_impro08_M020,unknown,"I mean, technically, that's policy.  But, like, I mean, I don't really care about -- nobody really cares about policy here.",,,neutral
train,Ses04M_impro08,21,Ses04M_impro08_M021,unknown,Sure.,,,neutral
train,Ses04M_impro08,22,Ses04M_impro08_M022,unknown,You're welcome.,,,neutral
train,Ses04M_impro08,23,Ses04M_impro08_M023,unknown,"No, no, no, it's cool.  It's cool.  It's cool.  So, um",,,neutral
train,Ses04M_impro08,24,Ses04M_impro08_M024,unknown,"You know, so- I mean, are you doing anything later?  Or um",,,neutral
train,Ses04M_impro08,25,Ses04M_impro08_M025,unknown,"Oh, I don't know.  I mean, I don't know.  I just thought, you know, maybe you want to get some co--I mean, I'm actually -- wait, where do you live?  Oh, you're in Los Angeles, I see.  Oh, no, that sucks 'cause I'm in, actually in Alabama.",,,neutral
train,Ses04M_impro08,26,Ses04M_impro08_M026,unknown,"God, that's like a whole problem with like-- But, no, I mean, hey-- if you ever",,,neutral
train,Ses04M_impro08,27,Ses04M_impro08_M027,unknown,"if you ever come out to Montgomery, I mean, you know, just -- just call up, you know, call up the operator and I'll-- I'll be here. So, um.",,,neutral
train,Ses04M_impro08,28,Ses04M_impro08_M028,unknown,Alright. Take Care.,,,neutral
train,Ses04M_script01_1,0,Ses04M_script01_1_F000,unknown,What's he going to say?  Maybe we ought to tell him before he sees it.,,,neutral
train,Ses04M_script01_1,2,Ses04M_script01_1_F002,unknown,When?,,,sur
train,Ses04M_script01_1,7,Ses04M_script01_1_F007,unknown,He's getting just like after he died.  What's the meaning in that?,,,sadness
train,Ses04M_script01_1,8,Ses04M_script01_1_F008,unknown,What?,,,sur
train,Ses04M_script01_1,9,Ses04M_script01_1_F009,unknown,"What do you mean, dishonest?",,,frustrated
train,Ses04M_script01_1,10,Ses04M_script01_1_F010,unknown,What do you want to do?  Argue with him?,,,frustrated
train,Ses04M_script01_1,11,Ses04M_script01_1_F011,unknown,You can't say that to him.,,,anger
train,Ses04M_script01_1,12,Ses04M_script01_1_F012,unknown,How are you going to prove it?  Can you prove it?,,,anger
train,Ses04M_script01_1,13,Ses04M_script01_1_F013,unknown,"To you it is and to me, but not to him.  You can talk yourself blue in the face, but there's no body and no grave, so where are you?",,,anger
train,Ses04M_script01_1,15,Ses04M_script01_1_F015,unknown,Why?,,,neutral
train,Ses04M_script01_1,17,Ses04M_script01_1_F017,unknown,"Well that's only your business, Chris.",,,neutral
train,Ses04M_script01_1,18,Ses04M_script01_1_F018,unknown,What do you want me to do?  You're old enough to know your own mind.,,,anger
train,Ses04M_script01_1,19,Ses04M_script01_1_F019,unknown,Well you want to make sure your father isn't going to have --,,,neutral
train,Ses04M_script01_1,20,Ses04M_script01_1_F020,unknown,I'm just saying.,,,frustrated
train,Ses04M_script01_1,21,Ses04M_script01_1_F021,unknown,I ignore what I got to ignore.  The girl is Larry's girl.,,,anger
train,Ses04M_script01_1,22,Ses04M_script01_1_F022,unknown,"From father's point of view, he's not dead.  And you have no right to take his girl.",,,anger
train,Ses04M_script01_1,23,Ses04M_script01_1_F023,unknown,"Now you can go on from there if you know where to go. But I'm telling you I don't know where to go.  See, I don't know.",,,frustrated
train,Ses04M_script01_1,24,Ses04M_script01_1_F024,unknown,Now what can I do for you?,,,frustrated
train,Ses04M_script01_1,27,Ses04M_script01_1_F027,unknown,How do you know she'll marry you?  Maybe she feels the same way father does.,,,neutral
train,Ses04M_script01_1,28,Ses04M_script01_1_F028,unknown,"The trouble is, you don't see enough women.  You never did.",,,neutral
train,Ses04M_script01_1,29,Ses04M_script01_1_F029,unknown,I don't see why it has to be Annie.,,,anger
train,Ses04M_script01_1,31,Ses04M_script01_1_F031,unknown,"Alright, then, mom.",,,frustrated
train,Ses04M_script01_1,32,Ses04M_script01_1_F032,unknown,Yes we did. Do you want to keep going?,,,neutral
train,Ses04M_script01_1,33,Ses04M_script01_1_F033,unknown,Just give it some more thought.,,,neutral
train,Ses04M_script01_1,34,Ses04M_script01_1_F034,unknown,What the hell is this?,,,anger
train,Ses04M_script01_1,35,Ses04M_script01_1_F035,unknown,Are you crazy?,,,anger
train,Ses04M_script01_1,36,Ses04M_script01_1_F036,unknown,You've got a business here.  What the hell is this?,,,anger
train,Ses04M_script01_1,37,Ses04M_script01_1_F037,unknown,Must you be inspired?,,,anger
train,Ses04M_script01_1,39,Ses04M_script01_1_F039,unknown,You don't want to think like that.,,,anger
train,Ses04M_script01_1,40,Ses04M_script01_1_F040,unknown,"Alright.  But just don't think like that because what the hell did we work for?  That's all for you, Chris.  The whole shooting match is just for you.",,,anger
train,Ses04M_script01_1,41,Ses04M_script01_1_F041,unknown,"But don't think that way, you hear me?",,,anger
train,Ses04M_script01_1,0,Ses04M_script01_1_M000,unknown,He saw it.,,,neutral
train,Ses04M_script01_1,1,Ses04M_script01_1_M001,unknown,He was out here when it broke.,,,neutral
train,Ses04M_script01_1,7,Ses04M_script01_1_M007,unknown,"I don't know the meaning of it, mom.  But I know one thing; we made a terrible mistake with dad.",,,frustrated
train,Ses04M_script01_1,10,Ses04M_script01_1_M010,unknown,I don't want to argue with him but it's time he realized that nobody believes Larry's alive anymore.,,,frustrated
train,Ses04M_script01_1,13,Ses04M_script01_1_M013,unknown,We've gotta say it to him.,,,anger
train,Ses04M_script01_1,14,Ses04M_script01_1_M014,unknown,"For God's sake, three years.  Nobody comes back after three years.  It's insane.",,,anger
train,Ses04M_script01_1,16,Ses04M_script01_1_M016,unknown,"Alright, alright, alright.  Listen.  You know why I asked Annie here don't you?",,,frustrated
train,Ses04M_script01_1,17,Ses04M_script01_1_M017,unknown,You know why.,,,frustrated
train,Ses04M_script01_1,18,Ses04M_script01_1_M018,unknown,Going to ask her to marry me.,,,neutral
train,Ses04M_script01_1,19,Ses04M_script01_1_M019,unknown,You know it's not only my business.,,,frustrated
train,Ses04M_script01_1,21,Ses04M_script01_1_M021,unknown,"Well, then you know it's not only my business.",,,anger
train,Ses04M_script01_1,22,Ses04M_script01_1_M022,unknown,"Sometimes you infuriate me, you know that?  Isn't it your business, too, if I tell this to father and he throws a fit about it?  You have such a talent for ignoring things.",,,anger
train,Ses04M_script01_1,23,Ses04M_script01_1_M023,unknown,She's not Larry's girl.,,,frustrated
train,Ses04M_script01_1,24,Ses04M_script01_1_M024,unknown,"I don't know why it is but every time I reach out for something I want, I have to pull back because other people will suffer.  My whole bloody life, time after time after time.",,,frustrated
train,Ses04M_script01_1,25,Ses04M_script01_1_M025,unknown,To hell with that.,,,frustrated
train,Ses04M_script01_1,26,Ses04M_script01_1_M026,unknown,I wanted to get this settled first.,,,neutral
train,Ses04M_script01_1,29,Ses04M_script01_1_M029,unknown,Because it is.,,,frustrated
train,Ses04M_script01_1,30,Ses04M_script01_1_M030,unknown,Line?,,,frustrated
train,Ses04M_script01_1,31,Ses04M_script01_1_M031,unknown,"Alright, then, mom.  Did we skip something?  No.  Alright, then, mom.",,,neutral
train,Ses04M_script01_1,32,Ses04M_script01_1_M032,unknown,"Yeah, let's keep going.",,,neutral
train,Ses04M_script01_1,33,Ses04M_script01_1_M033,unknown,I've given it three years' of thought.  I'd hope that if,,,frustrated
train,Ses04M_script01_1,34,Ses04M_script01_1_M034,unknown,"father forgot about Larry, we'd have a regular wedding and everything happy.  If I can't get that here, then I'll have to get out.",,,sadness
train,Ses04M_script01_1,36,Ses04M_script01_1_M036,unknown,I've been a good son too long; a good sucker.  I'm through with it.,,,frustrated
train,Ses04M_script01_1,37,Ses04M_script01_1_M037,unknown,The business?  The business doesn't inspire me.,,,anger
train,Ses04M_script01_1,38,Ses04M_script01_1_M038,unknown,"Yes.  I like getting an hour a day.  If I have to grub for money all day long, at least at evening, I want it beautiful.",,,anger
train,Ses04M_script01_1,40,Ses04M_script01_1_M040,unknown,"Yes, on this I would.",,,neutral
train,Ses04M_script01_1,41,Ses04M_script01_1_M041,unknown,Then you help me stay here.,,,neutral
train,Ses04M_script01_1,42,Ses04M_script01_1_M042,unknown,I know that.  Just you help me stay here.,,,frustrated
train,Ses04M_script01_1,44,Ses04M_script01_1_M044,unknown,"No, you don't.  I'm a pretty tough guy.",,,frustrated
train,Ses04M_script01_2,0,Ses04M_script01_2_F000,unknown,Why did he invite her here?,,,anger
train,Ses04M_script01_2,1,Ses04M_script01_2_F001,unknown,Why does that bother you?,,,neutral
train,Ses04M_script01_2,2,Ses04M_script01_2_F002,unknown,"She's been in New York three and a half years.  Why, all of a sudden--",,,anger
train,Ses04M_script01_2,3,Ses04M_script01_2_F003,unknown,Nobody comes seven hundred miles just to see.,,,anger
train,Ses04M_script01_2,4,Ses04M_script01_2_F004,unknown,He's not going to marry her.,,,anger
train,Ses04M_script01_2,5,Ses04M_script01_2_F005,unknown,It's got that about it.,,,anger
train,Ses04M_script01_2,6,Ses04M_script01_2_F006,unknown,"What's going on here, Joe?",,,anger
train,Ses04M_script01_2,7,Ses04M_script01_2_F007,unknown,"Now listen, kid. Now, listen.",,,neutral
train,Ses04M_script01_2,8,Ses04M_script01_2_F008,unknown,"She's not his girl, Joe.  She knows she's not.",,,anger
train,Ses04M_script01_2,9,Ses04M_script01_2_F009,unknown,"Then why is she still single?  New York is full of men.  Why hasn't she married?  Probably a hundred people told her she's foolish, but she's waited.",,,anger
train,Ses04M_script01_2,10,Ses04M_script01_2_F010,unknown,"Because she knows what I know, that's why.  She's faithful as a rock.  In my worst moments, I think of her waiting and I know, again, that I'm right.",,,anger
train,Ses04M_script01_2,11,Ses04M_script01_2_F011,unknown,"Nobody in this house dares take her faith away, Joe.  Strangers might, but not his father, not his brother.",,,anger
train,Ses04M_script01_2,12,Ses04M_script01_2_F012,unknown,"I want you to act like he's coming back, both of you.  Don't think I haven't noticed you since he invited her here.  I won't stand for any nonsense.",,,anger
train,Ses04M_script01_2,13,Ses04M_script01_2_F013,unknown,"Because if he's not coming back, I'll kill myself.",,,anger
train,Ses04M_script01_2,14,Ses04M_script01_2_F014,unknown,Laugh.  Laugh at me.  But why did that happen the very night that she came here?,,,anger
train,Ses04M_script01_2,15,Ses04M_script01_2_F015,unknown,She goes to sleep in his bed and his memorial breaks in pieces.  Look.  Look at it.  Joe--,,,anger
train,Ses04M_script01_2,16,Ses04M_script01_2_F016,unknown,"Believe with me, Joe.  I can't stand all alone",,,anger
train,Ses04M_script01_2,18,Ses04M_script01_2_F018,unknown,"You, above all, have got to believe.  You.",,,anger
train,Ses04M_script01_2,20,Ses04M_script01_2_F020,unknown,I can't help it.,,,sadness
train,Ses04M_script01_2,0,Ses04M_script01_2_M000,unknown,"Oh, God, line.",,,neutral
train,Ses04M_script01_2,3,Ses04M_script01_2_M003,unknown,What do you mean?  He grew up next door to the girl all his life.  Why shouldn't he want to -- why shouldn't he want to see her again?,,,frustrated
train,Ses04M_script01_2,5,Ses04M_script01_2_M005,unknown,How do you know he's even thinking about it?,,,neutral
train,Ses04M_script01_2,6,Ses04M_script01_2_M006,unknown,Well so what?,,,neutral
train,Ses04M_script01_2,7,Ses04M_script01_2_M007,unknown,Line.,,,neutral
train,Ses04M_script01_2,11,Ses04M_script01_2_M011,unknown,"Look, it's a nice day.  What are we arguing for?",,,frustrated
train,Ses04M_script01_2,12,Ses04M_script01_2_M012,unknown,What do you want me to do? What do you want?,,,frustrated
train,Ses04M_script01_2,13,Ses04M_script01_2_M013,unknown,"But, Kate--",,,frustrated
train,Ses04M_script01_2,14,Ses04M_script01_2_M014,unknown,Calm yourself.,,,frustrated
train,Ses04M_script01_2,15,Ses04M_script01_2_M015,unknown,Calm yourself.,,,frustrated
train,Ses04M_script01_2,16,Ses04M_script01_2_M016,unknown,"Alright, alright.  Calm yourself.",,,frustrated
train,Ses04M_script01_2,17,Ses04M_script01_2_M017,unknown,Why me above all?,,,frustrated
train,Ses04M_script01_2,19,Ses04M_script01_2_M019,unknown,"What have I got to hide?  What the hell is the matter with you, Kate?",,,anger
train,Ses04M_script01_3,12,Ses04M_script01_3_F012,unknown,Every day since.,,,joy
train,Ses04M_script01_3,13,Ses04M_script01_3_F013,unknown,"I was waiting for you, Chris.  'Til then, you never wrote and when you did, what did you say?  You sure can be ambiguous, you know.",,,joy
train,Ses04M_script01_3,14,Ses04M_script01_3_F014,unknown,I'll never forgive you.  Why did you wait all these years?  All I've done is sit around and wonder if I was crazy for thinking of you.,,,joy
train,Ses04M_script01_3,22,Ses04M_script01_3_F022,unknown,How many?,,,sadness
train,Ses04M_script01_3,23,Ses04M_script01_3_F023,unknown,"Oh, gees.",,,sadness
train,Ses04M_script01_3,27,Ses04M_script01_3_F027,unknown,What'll I do with a fortune?,,,joy
train,Ses04M_script01_3,22,Ses04M_script01_3_M022,unknown,"Yes, I suppose there has been.  But it's going from me.",,,sadness
train,Ses04M_script01_3,23,Ses04M_script01_3_M023,unknown,I don't know where to start.,,,sadness
train,Ses04M_script01_3,24,Ses04M_script01_3_M024,unknown,"It's all mixed up with so many other things.  You remember overseas, I was in command of a company?",,,sadness
train,Ses04M_script01_3,25,Ses04M_script01_3_M025,unknown,Well I lost them.,,,sadness
train,Ses04M_script01_3,26,Ses04M_script01_3_M026,unknown,Just about all.,,,sadness
train,Ses04M_script01_3,27,Ses04M_script01_3_M027,unknown,It takes a little time to toss that off because they weren't just men.,,,sadness
train,Ses04M_script01_3,28,Ses04M_script01_3_M028,unknown,"For instance, one time it'd been raining several days.  And this kid came to me and gave me his last pair of dry socks; put them in my pocket.  That's only a little thing, but that's the kind of guys I had.",,,sadness
train,Ses04M_script01_3,30,Ses04M_script01_3_M030,unknown,"And I got this idea watching them go down, everything was being destroyed, see?  But, to me, it seemed there was one new thing that was made,",,,sadness
train,Ses04M_script01_3,31,Ses04M_script01_3_M031,unknown,a kind of responsibility.  Man for man.  You understand me?  And then I went home and it was incredible.,,,sadness
train,Ses04M_script01_3,32,Ses04M_script01_3_M032,unknown,"There was no meaning in it here.  The whole thing to them was some sort of bus accident.  Then I went to work for dad and that whole rat race again.  I felt, what you said, ashamed somehow",,,sadness
train,Ses04M_script01_3,33,Ses04M_script01_3_M033,unknown,because nobody was changed.  It seemed to make suckers out of a lot of guys.  I felt wrong to be alive;,,,sadness
train,Ses04M_script01_3,34,Ses04M_script01_3_M034,unknown,"to open that bank book; to drive the new car; to see the new refrigerator.  I mean, you can take these things out of a war, but when you drive the new car, you have to know that it came out of the love a man can have for a man.",,,sadness
train,Ses04M_script01_3,35,Ses04M_script01_3_M035,unknown,"You have to be a little better because of that.  Otherwise, we have is really loot and there's blood on it.  I don't want to take any of it.  I guess that included you.",,,sadness
train,Ses04M_script01_3,37,Ses04M_script01_3_M037,unknown,"Annie, Annie, I'm going to make you a fortune.",,,joy
train,Ses04M_script02_1,0,Ses04M_script02_1_F000,unknown,Fine.,,,neutral
train,Ses04M_script02_1,2,Ses04M_script02_1_F002,unknown,It's not yours.,,,anger
train,Ses04M_script02_1,3,Ses04M_script02_1_F003,unknown,"It's ours.  It's mine, too.",,,anger
train,Ses04M_script02_1,4,Ses04M_script02_1_F004,unknown,You kept saying my flashlight as if it's somehow just yours.  How is that supposed to make me feel?,,,anger
train,Ses04M_script02_1,5,Ses04M_script02_1_F005,unknown,Yes.,,,anger
train,Ses04M_script02_1,7,Ses04M_script02_1_F007,unknown,It's after eleven; let's go home.,,,anger
train,Ses04M_script02_1,8,Ses04M_script02_1_F008,unknown,There is no point in coming down here.,,,anger
train,Ses04M_script02_1,9,Ses04M_script02_1_F009,unknown,That's my point.,,,frustrated
train,Ses04M_script02_1,10,Ses04M_script02_1_F010,unknown,So let's go home.,,,anger
train,Ses04M_script02_1,11,Ses04M_script02_1_F011,unknown,Not particularly.,,,frustrated
train,Ses04M_script02_1,12,Ses04M_script02_1_F012,unknown,I just don't.  It's stupid.,,,anger
train,Ses04M_script02_1,13,Ses04M_script02_1_F013,unknown,"Pass up what?  These little fish swim onto the beach, flop around and then they swim away.  And then they die.",,,anger
train,Ses04M_script02_1,14,Ses04M_script02_1_F014,unknown,What are you so excited about?,,,neutral
train,Ses04M_script02_1,15,Ses04M_script02_1_F015,unknown,This isn't a moon landing we're talking about.  It's fish.  It's fish nobody even eats.,,,frustrated
train,Ses04M_script02_1,16,Ses04M_script02_1_F016,unknown,I'm just not.,,,frustrated
train,Ses04M_script02_1,17,Ses04M_script02_1_F017,unknown,Yes.,,,anger
train,Ses04M_script02_1,18,Ses04M_script02_1_F018,unknown,"Last year, you will also remember, our shoes got wet.  I got sand in my panties.  We got into a big fight over nothing.  You got a sore throat and we did not see the grunions.",,,anger
train,Ses04M_script02_1,19,Ses04M_script02_1_F019,unknown,We didn't see them the first time either.,,,frustrated
train,Ses04M_script02_1,20,Ses04M_script02_1_F020,unknown,That's the wind.,,,frustrated
train,Ses04M_script02_1,21,Ses04M_script02_1_F021,unknown,About what?,,,frustrated
train,Ses04M_script02_1,1,Ses04M_script02_1_M001,unknown,"Actually, I wanted to go a little farther up the coast, get away from the lights and the people, but I was afraid we'd miss it.  How you doing?",,,excited
train,Ses04M_script02_1,2,Ses04M_script02_1_M002,unknown,"Is that, is that - is that just foam?  I can't even tell.  Although, if you can't tell, it's probably isn't them.  It'll probably be unmistakable, don't you think?",,,excited
train,Ses04M_script02_1,3,Ses04M_script02_1_M003,unknown,"How you doing?  Oh, no, you know what I did?  I forgot to bring my flashlight.  How could I be so stupid?  I should have brought my flashlight.",,,excited
train,Ses04M_script02_1,5,Ses04M_script02_1_M005,unknown,Whose is it?,,,neutral
train,Ses04M_script02_1,6,Ses04M_script02_1_M006,unknown,"Well, sure.",,,frustrated
train,Ses04M_script02_1,8,Ses04M_script02_1_M008,unknown,"I wonder, do they always run during a full moon? I can't remember if it was full last year.  Remember?",,,excited
train,Ses04M_script02_1,9,Ses04M_script02_1_M009,unknown,"Are you cold?  Do you want my jacket?  We should have brought the blanket, our blanket.",,,neutral
train,Ses04M_script02_1,12,Ses04M_script02_1_M012,unknown,You want my jacket?,,,neutral
train,Ses04M_script02_1,13,Ses04M_script02_1_M013,unknown,Are you kidding?  We'd miss it.  We just got here.  What's the point of coming down here if we just turn around and go home?,,,frustrated
train,Ses04M_script02_1,14,Ses04M_script02_1_M014,unknown,Right.,,,neutral
train,Ses04M_script02_1,15,Ses04M_script02_1_M015,unknown,"That's my point, too.",,,neutral
train,Ses04M_script02_1,16,Ses04M_script02_1_M016,unknown,"No, no, no.  That's not my point.  My point is is that there's no point in coming down here if we just leave.  Don't you want to see it?",,,frustrated
train,Ses04M_script02_1,18,Ses04M_script02_1_M018,unknown,"Honey, this is a natural phenomenon.  I mean, this only happens once a year.  It's a great opportunity.  Think about the people in Kansas.  They'd have to get plane tickets and hotel reservations to come see this.  We're just forty minutes away.  It's too good to pass up.",,,excited
train,Ses04M_script02_1,19,Ses04M_script02_1_M019,unknown,"Yeah, but that moment on the beach is the highlight of their little lives.  I mean, all that flopping around is laying eggs or what do you -- spawning or mating, something like that.",,,frustrated
train,Ses04M_script02_1,20,Ses04M_script02_1_M020,unknown,There's mystery here and magic.,,,excited
train,Ses04M_script02_1,21,Ses04M_script02_1_M021,unknown,"Oh, it's a big night for these guys.  Uh, life's last orgy.",,,excited
train,Ses04M_script02_1,22,Ses04M_script02_1_M022,unknown,"Yeah, they do. Okay.  But it's fish who do something none of the other fish do; like the swallows are returning to Capistrano; or the lemmings throwing themselves off the cliffs, like that.",,,excited
train,Ses04M_script02_1,23,Ses04M_script02_1_M023,unknown,There's mystery here and magic; a little bit of the unexplainable.  I don't see how you can not be interested.,,,excited
train,Ses04M_script02_1,24,Ses04M_script02_1_M024,unknown,For real?,,,sur
train,Ses04M_script02_1,28,Ses04M_script02_1_M028,unknown,"no, it's just seaweed, isn't it?  Oh, man, this is great.  I wouldn't miss this for anything.  I mean, think about this.  I know you're not interested, but just think about this for a minute.",,,excited
train,Ses04M_script02_1,29,Ses04M_script02_1_M029,unknown,Out there someplace is this huge mass of silver fish heading this way.  They don't know why.  We don't know why.  It wasn't a decision.  They didn't take a vote.  No one sent them an invitation or a map;,,,excited
train,Ses04M_script02_1,30,Ses04M_script02_1_M030,unknown,"just some little instinctual time release firecracker went off in their little bodies and all as one, they turned and formed a line as long as the California coast and started swimming.",,,excited
train,Ses04M_script02_1,31,Ses04M_script02_1_M031,unknown,They're swimming right now as if that's the only thing that matters.  It's single mindedness with no mind.  Urgency that's pure urge.,,,excited
train,Ses04M_script02_1,32,Ses04M_script02_1_M032,unknown,"They don't know what drives them.  They don't give it a name or ask a question.  They just turn, as one, and start the swim that brings them here; to this place, where we stand, for a massive celebration of sex and death.  Oh, man, I'm giving myself goose bumps.  All my hairs are popping up.",,,excited
train,Ses04M_script02_1,33,Ses04M_script02_1_M033,unknown,Well so what did you think?,,,excited
train,Ses04M_script02_2,0,Ses04M_script02_2_F000,unknown,"Look at this, goose bumps.",,,neutral
train,Ses04M_script02_2,6,Ses04M_script02_2_F006,unknown,"Goddamn it, Augie, don't ask me that.  I hate it when you ask me that.  You always ask me that.  It's insulting.",,,anger
train,Ses04M_script02_2,7,Ses04M_script02_2_F007,unknown,We just have different ideas about what this evening is supposed to look like.,,,anger
train,Ses04M_script02_2,9,Ses04M_script02_2_F009,unknown,"We never do, do we?  Have we ever?",,,anger
train,Ses04M_script02_2,10,Ses04M_script02_2_F010,unknown,Twice is every time we've tried.  That's ever.,,,frustrated
train,Ses04M_script02_2,12,Ses04M_script02_2_F012,unknown,You don't have any idea what I'm saying.,,,frustrated
train,Ses04M_script02_2,13,Ses04M_script02_2_F013,unknown,"I did want to see it.  I always do.  I keep thinking this time will be the time, but it never is.",,,anger
train,Ses04M_script02_2,16,Ses04M_script02_2_F016,unknown,"It was about four years ago, right after we got married.  We thought I was pregnant and we had a bottle of champagne but no glasses.  You asked me to dance.  So we took off our shoes and you popped the cork.",,,sadness
train,Ses04M_script02_2,18,Ses04M_script02_2_F018,unknown,Dancing barefoot in the sand; drinking champagne from the bottle.,,,sadness
train,Ses04M_script02_2,19,Ses04M_script02_2_F019,unknown,I'd rather not remember some things.  I'd rather not hope for some things.,,,sadness
train,Ses04M_script02_2,20,Ses04M_script02_2_F020,unknown,No.,,,sadness
train,Ses04M_script02_2,21,Ses04M_script02_2_F021,unknown,No.,,,sadness
train,Ses04M_script02_2,22,Ses04M_script02_2_F022,unknown,No.,,,frustrated
train,Ses04M_script02_2,23,Ses04M_script02_2_F023,unknown,No.,,,frustrated
train,Ses04M_script02_2,24,Ses04M_script02_2_F024,unknown,No.,,,frustrated
train,Ses04M_script02_2,25,Ses04M_script02_2_F025,unknown,No.,,,anger
train,Ses04M_script02_2,26,Ses04M_script02_2_F026,unknown,I want something to turn out the way it's supposed to.,,,anger
train,Ses04M_script02_2,27,Ses04M_script02_2_F027,unknown,This what?  What is this?  This isn't even anything.,,,anger
train,Ses04M_script02_2,28,Ses04M_script02_2_F028,unknown,"Oh, right, sure.  This is standing on the beach.   This is waiting.  This is fighting.",,,anger
train,Ses04M_script02_2,29,Ses04M_script02_2_F029,unknown,But this isn't anything like I thought anything would be like.,,,anger
train,Ses04M_script02_2,31,Ses04M_script02_2_F031,unknown,"I know you are, Augie.  Really, I do.  I know you meant for this to be special and nice and it's the full moon and the sand and everything.  But I just couldn't help thinking about being somewhere else.",,,frustrated
train,Ses04M_script02_2,32,Ses04M_script02_2_F032,unknown,I didn't say that.,,,sadness
train,Ses04M_script02_2,35,Ses04M_script02_2_F035,unknown,"Okay, fine.  So we're in the wrong spot, but we're with the right person.",,,joy
train,Ses04M_script02_2,36,Ses04M_script02_2_F036,unknown,"Yeah, I noticed that.  Looks pretty on the water, doesn't it?  Big ol' white moon.  I'm sorry, Augie.",,,joy
train,Ses04M_script02_2,0,Ses04M_script02_2_M000,unknown,Well so what'd you think?,,,neutral
train,Ses04M_script02_2,1,Ses04M_script02_2_M001,unknown,What I said.,,,neutral
train,Ses04M_script02_2,2,Ses04M_script02_2_M002,unknown,Certainly is not.  It's slightly exaggerated scientific fact.,,,frustrated
train,Ses04M_script02_2,5,Ses04M_script02_2_M005,unknown,"Carla, can I ask you something?  Don't take this the wrong way, but are you having your period?",,,frustrated
train,Ses04M_script02_2,6,Ses04M_script02_2_M006,unknown,Well what's bugging you?,,,anger
train,Ses04M_script02_2,7,Ses04M_script02_2_M007,unknown,"There's nothing to it.  We come down here.  The grunions arrive.  They do their little fish business.  We go ooh, ah, look at the fish.  They go home.  We go home.",,,anger
train,Ses04M_script02_2,11,Ses04M_script02_2_M011,unknown,We'll see them this year.,,,frustrated
train,Ses04M_script02_2,13,Ses04M_script02_2_M013,unknown,"No, of course, not.",,,frustrated
train,Ses04M_script02_2,14,Ses04M_script02_2_M014,unknown,It's just fish; nothing to get traumatized over.,,,frustrated
train,Ses04M_script02_2,15,Ses04M_script02_2_M015,unknown,"I've been trying to work this backwards, but I can't seem to pinpoint the moment when we took a turn for the worse.",,,frustrated
train,Ses04M_script02_2,16,Ses04M_script02_2_M016,unknown,"You were fine during the phone call from Marge.  Dinner was okay.  Doing the dishes was no problem.  Let's see, I took a shower.  Uh, you watched the news.  You said the grunions are running tonight.  I said great, let's go.  I feel lucky tonight.",,,frustrated
train,Ses04M_script02_2,17,Ses04M_script02_2_M017,unknown,"Uh,okay.  So I'm putting on my jacket; putting out the animals;",,,frustrated
train,Ses04M_script02_2,18,Ses04M_script02_2_M018,unknown,"uh, taking the car out of the gara- out of the garage.",,,frustrated
train,Ses04M_script02_2,19,Ses04M_script02_2_M019,unknown,Uh.,,,frustrated
train,Ses04M_script02_2,20,Ses04M_script02_2_M020,unknown,"Wait a minute, I've got it.",,,neutral
train,Ses04M_script02_2,21,Ses04M_script02_2_M021,unknown,"It was in the car, right?  Driving past the Knickerbocker Liquor Locker?  You said let's get some champagne and I said times a wasting or something like that.  Right?  That's it, right?  You want this to be like the other time.  That's it.  Of course.",,,neutral
train,Ses04M_script02_2,24,Ses04M_script02_2_M024,unknown,"What, you want me to breathe in your ear?",,,frustrated
train,Ses04M_script02_2,25,Ses04M_script02_2_M025,unknown,You want to get married again?,,,frustrated
train,Ses04M_script02_2,26,Ses04M_script02_2_M026,unknown,"What, you want a divorce?",,,frustrated
train,Ses04M_script02_2,27,Ses04M_script02_2_M027,unknown,A vacation?,,,frustrated
train,Ses04M_script02_2,29,Ses04M_script02_2_M029,unknown,"Well welcome to the human race.  You think this is what I had in mind?  You think that when I proposed, I had this great fantasy going that four years down the line, we'd come to the beach and yell at each other over fish?  No.",,,anger
train,Ses04M_script02_2,31,Ses04M_script02_2_M031,unknown,"And we'll have three fat rosy kids and ha, ha, ha, baby, the joke's on us, 'cause you know what you get, Carla?  You know what you get?  This.",,,anger
train,Ses04M_script02_2,32,Ses04M_script02_2_M032,unknown,"Yes, it is.",,,frustrated
train,Ses04M_script02_2,33,Ses04M_script02_2_M033,unknown,Right.,,,frustrated
train,Ses04M_script02_2,34,Ses04M_script02_2_M034,unknown,"No, I know, me neither.",,,anger
train,Ses04M_script02_2,35,Ses04M_script02_2_M035,unknown,I'm doing the best I can.,,,frustrated
train,Ses04M_script02_2,37,Ses04M_script02_2_M037,unknown,"No, I know.  But still.  I know I don't make you happy.",,,sadness
train,Ses04M_script02_2,38,Ses04M_script02_2_M038,unknown,Yeah?,,,sur
train,Ses04M_script02_2,39,Ses04M_script02_2_M039,unknown,"Actually, now that you mention it, no.  I don't.",,,joy
train,Ses04M_script02_2,40,Ses04M_script02_2_M040,unknown,"I don't know.  It seemed like a good spot to me.  I mean, look at the view you've got of the moon from here.",,,joy
train,Ses04M_script02_2,41,Ses04M_script02_2_M041,unknown,"Shh.  If we're very quiet, the fish might come.",,,joy
train,Ses04M_script03_1,1,Ses04M_script03_1_F001,unknown,"Nobody knows we're here, except Freda and she wouldn't ring up.",,,fea
train,Ses04M_script03_1,2,Ses04M_script03_1_F002,unknown,What are we to do?,,,fea
train,Ses04M_script03_1,5,Ses04M_script03_1_F005,unknown,"Oh, it sent shivers up my spine.",,,excited
train,Ses04M_script03_1,6,Ses04M_script03_1_F006,unknown,Behave exquisitely.,,,excited
train,Ses04M_script03_1,7,Ses04M_script03_1_F007,unknown,Certainly.  I shall probably do a court curtsey.,,,excited
train,Ses04M_script03_1,8,Ses04M_script03_1_F008,unknown,But what's so horrible is that one can't stay happy.,,,excited
train,Ses04M_script03_1,9,Ses04M_script03_1_F009,unknown,It's true.  The whole business is a very poor joke.,,,excited
train,Ses04M_script03_1,12,Ses04M_script03_1_F012,unknown,Who's they?,,,excited
train,Ses04M_script03_1,13,Ses04M_script03_1_F013,unknown,"If I laugh at everything, I must laugh at us, too.",,,neutral
train,Ses04M_script03_1,14,Ses04M_script03_1_F014,unknown,"How long will it last, this ludicrous and overbearing love of ours?",,,excited
train,Ses04M_script03_1,15,Ses04M_script03_1_F015,unknown,Shall we always want to bicker and fight?,,,excited
train,Ses04M_script03_1,17,Ses04M_script03_1_F017,unknown,"What happens if one of us dies?  Does the one that's left, still laugh?",,,excited
train,Ses04M_script03_1,18,Ses04M_script03_1_F018,unknown,"Well that's serious enough, isn't it?",,,excited
train,Ses04M_script03_1,21,Ses04M_script03_1_F021,unknown,"Thank you, dear.  The same applies to you, except that if I catch you so much as looking at another woman, I will kill you.",,,excited
train,Ses04M_script03_1,22,Ses04M_script03_1_F022,unknown,Which particular one?,,,excited
train,Ses04M_script03_1,23,Ses04M_script03_1_F023,unknown,"Oh, Charles; that was his name, Charles.  Oh, he did wriggle so beautifully.",,,excited
train,Ses04M_script03_1,24,Ses04M_script03_1_F024,unknown,I know you did.  You threw it out of the window into the Grand Canal.  I don't think I'll ever forgive you for that.,,,excited
train,Ses04M_script03_1,25,Ses04M_script03_1_F025,unknown,It went on intermittently for days.,,,excited
train,Ses04M_script03_1,26,Ses04M_script03_1_F026,unknown,"It burnt my comb, too, and all the towels in the bathroom.",,,excited
train,Ses04M_script03_1,27,Ses04M_script03_1_F027,unknown,That was the first time you ever hit me.,,,excited
train,Ses04M_script03_1,28,Ses04M_script03_1_F028,unknown,"The manager came in and found is rolling about on the floor, biting and scratching like panthers.  Oh, dear.",,,excited
train,Ses04M_script03_1,29,Ses04M_script03_1_F029,unknown,"How ridiculous. How utterly, utterly ridiculous.",,,excited
train,Ses04M_script03_1,30,Ses04M_script03_1_F030,unknown,And very much sillier.,,,excited
train,Ses04M_script03_1,0,Ses04M_script03_1_M000,unknown,Good God.,,,fea
train,Ses04M_script03_1,1,Ses04M_script03_1_M001,unknown,I wonder.,,,fea
train,Ses04M_script03_1,2,Ses04M_script03_1_M002,unknown,"It must be them, then.",,,fea
train,Ses04M_script03_1,3,Ses04M_script03_1_M003,unknown,"We'll be alright, darling.  Whatever happens, aren't we?",,,neutral
train,Ses04M_script03_1,4,Ses04M_script03_1_M004,unknown,"I don't care, then.",,,excited
train,Ses04M_script03_1,6,Ses04M_script03_1_M006,unknown,What shall we do if they suddenly walk in on us?,,,excited
train,Ses04M_script03_1,7,Ses04M_script03_1_M007,unknown,With the mo- with the most perfect poise?,,,excited
train,Ses04M_script03_1,10,Ses04M_script03_1_M010,unknown,"Meaning that sacred and beautiful thing, love?",,,neutral
train,Ses04M_script03_1,12,Ses04M_script03_1_M012,unknown,"You mustn't be serious, my dear.  That's just what they want.",,,neutral
train,Ses04M_script03_1,13,Ses04M_script03_1_M013,unknown,All the futile moralists who try to make life unbearable.  Laugh at them.  Be flippant.  Laugh at everything.  All their sacred shibboleths.  Flippancy brings out the acid- acid in their damn sweetness and light.,,,anger
train,Ses04M_script03_1,16,Ses04M_script03_1_M016,unknown,No.  That fire will fade along with our passion.,,,sadness
train,Ses04M_script03_1,21,Ses04M_script03_1_M021,unknown,"Let's savor the delight of the moment.  Come and kiss me, darling, before your body rots and worms pop in and out of your eye sockets.",,,excited
train,Ses04M_script03_1,25,Ses04M_script03_1_M025,unknown,Horrible thing.  I hated it.,,,anger
train,Ses04M_script03_1,28,Ses04M_script03_1_M028,unknown,Line?,,,neutral
train,Ses04M_script03_1,29,Ses04M_script03_1_M029,unknown,How -- that was a rouser wasn't it?,,,excited
train,Ses04M_script03_1,33,Ses04M_script03_1_M033,unknown,"As a matter of fact, the real cause of that row was Peter Burden.",,,neutral
train,Ses04M_script03_2,0,Ses04M_script03_2_F000,unknown,That was the first time you ever hit me.,,,anger
train,Ses04M_script03_2,1,Ses04M_script03_2_F001,unknown,"The manager came in and found us rolling about on the floor, biting and scratching like panthers.  Oh, dear.",,,joy
train,Ses04M_script03_2,2,Ses04M_script03_2_F002,unknown,"How ridiculous.  How utterly, utterly ridiculous.",,,joy
train,Ses04M_script03_2,3,Ses04M_script03_2_F003,unknown,And very much sillier.,,,joy
train,Ses04M_script03_2,6,Ses04M_script03_2_F006,unknown,Not at all.  It was very pretty.  I still have it and I wear it often.,,,excited
train,Ses04M_script03_2,8,Ses04M_script03_2_F008,unknown,"Just a little, perhaps, nothing serious.",,,joy
train,Ses04M_script03_2,9,Ses04M_script03_2_F009,unknown,Let him kiss you.,,,neutral
train,Ses04M_script03_2,10,Ses04M_script03_2_F010,unknown,What of it?,,,anger
train,Ses04M_script03_2,12,Ses04M_script03_2_F012,unknown,"If you hadn't been so nosey, you never would have known a thing about it.",,,frustrated
train,Ses04M_script03_2,13,Ses04M_script03_2_F013,unknown,"Oh, dear.  I'm bored with this conversation.",,,frustrated
train,Ses04M_script03_2,14,Ses04M_script03_2_F014,unknown,"No, thanks.",,,anger
train,Ses04M_script03_2,15,Ses04M_script03_2_F015,unknown,I don't see why you want it.  You've already had two glasses.,,,frustrated
train,Ses04M_script03_2,16,Ses04M_script03_2_F016,unknown,It seems so silly to go on and on and on with such a thing.,,,frustrated
train,Ses04M_script03_2,17,Ses04M_script03_2_F017,unknown,It's become a habit with you.,,,anger
train,Ses04M_script03_2,18,Ses04M_script03_2_F018,unknown,"Oh, don't be so stupid.",,,frustrated
train,Ses04M_script03_2,19,Ses04M_script03_2_F019,unknown,What?,,,anger
train,Ses04M_script03_2,20,Ses04M_script03_2_F020,unknown,"No, just making myself fascinating for you",,,frustrated
train,Ses04M_script03_2,22,Ses04M_script03_2_F022,unknown,"Oh, no, it isn't.",,,anger
train,Ses04M_script03_2,23,Ses04M_script03_2_F023,unknown,"Oh, be quiet.",,,anger
train,Ses04M_script03_2,24,Ses04M_script03_2_F024,unknown,It's a pity you didn't- It's a pity you didn't have more brandy.,,,neutral
train,Ses04M_script03_2,25,Ses04M_script03_2_F025,unknown,It doesn't seem to have worked such wonders with you.,,,frustrated
train,Ses04M_script03_2,26,Ses04M_script03_2_F026,unknown,"Adders don't snap, they sting.",,,anger
train,Ses04M_script03_2,27,Ses04M_script03_2_F027,unknown,They sting.,,,frustrated
train,Ses04M_script03_2,28,Ses04M_script03_2_F028,unknown,I don't care.  Do you understand?  I don't care.  I don't mind if they bark and roll about like hoops.,,,anger
train,Ses04M_script03_2,29,Ses04M_script03_2_F029,unknown,"Yes, I did, quite a lot.",,,anger
train,Ses04M_script03_2,30,Ses04M_script03_2_F030,unknown,Mind your own business.,,,anger
train,Ses04M_script03_2,31,Ses04M_script03_2_F031,unknown,You're quite insufferable.  I expected it's because you're drunk.,,,anger
train,Ses04M_script03_2,32,Ses04M_script03_2_F032,unknown,You always had a weak head.,,,anger
train,Ses04M_script03_2,33,Ses04M_script03_2_F033,unknown,"On the contrary, a child of two could get violently drunk on only one glass of brandy.",,,anger
train,Ses04M_script03_2,34,Ses04M_script03_2_F034,unknown,"Oh, shut up.",,,anger
train,Ses04M_script03_2,35,Ses04M_script03_2_F035,unknown,"Not very funny, dear.  You'd better have some more brandy.",,,anger
train,Ses04M_script03_2,36,Ses04M_script03_2_F036,unknown,Why?,,,anger
train,Ses04M_script03_2,37,Ses04M_script03_2_F037,unknown,There aren't any people upstairs.  It's a photographer's studio.,,,anger
train,Ses04M_script03_2,39,Ses04M_script03_2_F039,unknown,"Turn it on again, please.",,,anger
train,Ses04M_script03_2,40,Ses04M_script03_2_F040,unknown,"Very well, if you insist on being boorish and idiotic.",,,anger
train,Ses04M_script03_2,41,Ses04M_script03_2_F041,unknown,Go away.  Go away.  I hate you.,,,anger
train,Ses04M_script03_2,42,Ses04M_script03_2_F042,unknown,You are far too temperamental.  Try to control yourself.,,,anger
train,Ses04M_script03_2,43,Ses04M_script03_2_F043,unknown,We swapped. Listen.,,,neutral
train,Ses04M_script03_2,44,Ses04M_script03_2_F044,unknown,"Listen, indeed.  I am sick and tired of listening to you, you damn sadistic bully.",,,anger
train,Ses04M_script03_2,45,Ses04M_script03_2_F045,unknown,Stop.,,,anger
train,Ses04M_script03_2,46,Ses04M_script03_2_F046,unknown,Stop.  I hate you.  Do you hear me? You're conceited and overbearing and utterly impossible.,,,anger
train,Ses04M_script03_2,47,Ses04M_script03_2_F047,unknown,"This is the end.  Do you understand, the end?  Finally and forever.",,,anger
train,Ses04M_script03_2,48,Ses04M_script03_2_F048,unknown,"Oh, yes, I am.",,,anger
train,Ses04M_script03_2,49,Ses04M_script03_2_F049,unknown,"Let go of me.  You're a cruel fiend and I hate and loath you.  Thank God, I discovered in time what you're really like.",,,anger
train,Ses04M_script03_2,50,Ses04M_script03_2_F050,unknown,Marry you again? Huh.,,,anger
train,Ses04M_script03_2,51,Ses04M_script03_2_F051,unknown,"Never, never, never.  I'd rather die in torment. Beast brute.",,,anger
train,Ses04M_script03_2,52,Ses04M_script03_2_F052,unknown,Swine.,,,anger
train,Ses04M_script03_2,1,Ses04M_script03_2_M001,unknown,I didn't hit you very hard.,,,neutral
train,Ses04M_script03_2,4,Ses04M_script03_2_M004,unknown,"As a matter of fact, the real cause of that row was Peter Burden.",,,frustrated
train,Ses04M_script03_2,5,Ses04M_script03_2_M005,unknown,I knew nothing of the sort.  You took presents from him.,,,frustrated
train,Ses04M_script03_2,7,Ses04M_script03_2_M007,unknown,You went out of your way to torture me over Peter Burden.,,,frustrated
train,Ses04M_script03_2,8,Ses04M_script03_2_M008,unknown,"You must admit that he was in love with you, wasn't he?",,,anger
train,Ses04M_script03_2,9,Ses04M_script03_2_M009,unknown,Line?,,,neutral
train,Ses04M_script03_2,10,Ses04M_script03_2_M010,unknown,You let him kiss you.  You said you did.,,,anger
train,Ses04M_script03_2,11,Ses04M_script03_2_M011,unknown,What of it?,,,anger
train,Ses04M_script03_2,12,Ses04M_script03_2_M012,unknown,What about me?,,,anger
train,Ses04M_script03_2,13,Ses04M_script03_2_M013,unknown,"That's a nice point of view, I must say.",,,anger
train,Ses04M_script03_2,14,Ses04M_script03_2_M014,unknown,So am I; bored stiff.,,,anger
train,Ses04M_script03_2,16,Ses04M_script03_2_M016,unknown,"I'll have a little myself, I think.",,,frustrated
train,Ses04M_script03_2,17,Ses04M_script03_2_M017,unknown,"No particular reason.  Anyhow, they were very small ones.",,,frustrated
train,Ses04M_script03_2,18,Ses04M_script03_2_M018,unknown,You can hardly call three liquor glasses in a whole evening going on and on and on.,,,frustrated
train,Ses04M_script03_2,19,Ses04M_script03_2_M019,unknown,You needn't be so grand just because you don't happen to want any at the moment.,,,frustrated
train,Ses04M_script03_2,20,Ses04M_script03_2_M020,unknown,"Really, Amanda",,,anger
train,Ses04M_script03_2,21,Ses04M_script03_2_M021,unknown,Nothing.,,,anger
train,Ses04M_script03_2,22,Ses04M_script03_2_M022,unknown,"Going out somewhere, my dear?",,,anger
train,Ses04M_script03_2,23,Ses04M_script03_2_M023,unknown,Oh.  That reply has broken my heart.,,,frustrated
train,Ses04M_script03_2,24,Ses04M_script03_2_M024,unknown,"As a matter of fact, that's perfectly true.",,,anger
train,Ses04M_script03_2,25,Ses04M_script03_2_M025,unknown,"Yes, it is.",,,anger
train,Ses04M_script03_2,26,Ses04M_script03_2_M026,unknown,Line?,,,neutral
train,Ses04M_script03_2,27,Ses04M_script03_2_M027,unknown,It's a pity you didn't have any more brandy.  It might have made you a little less disagreeable.,,,anger
train,Ses04M_script03_2,28,Ses04M_script03_2_M028,unknown,Line?,,,neutral
train,Ses04M_script03_2,29,Ses04M_script03_2_M029,unknown,"Snap.  Oh, snap, snap, snap, like a little adder.",,,anger
train,Ses04M_script03_2,30,Ses04M_script03_2_M030,unknown,"They -- nonsense, they have a little bag of venom behind their fangs and they snap.",,,anger
train,Ses04M_script03_2,31,Ses04M_script03_2_M031,unknown,They snap.,,,anger
train,Ses04M_script03_2,33,Ses04M_script03_2_M033,unknown,"I suppose you let him kiss you a good deal more then, hmm?",,,anger
train,Ses04M_script03_2,34,Ses04M_script03_2_M034,unknown,You must have had a riotous time.,,,anger
train,Ses04M_script03_2,35,Ses04M_script03_2_M035,unknown,"No restraint at all, very enjoyable.  You never had much anyhow.",,,anger
train,Ses04M_script03_2,36,Ses04M_script03_2_M036,unknown,I'm not in the least drunk.,,,anger
train,Ses04M_script03_2,37,Ses04M_script03_2_M037,unknown,I think I mentioned once before that I've only had three minute liquor glasses of brandy this whole evening.  That's hardly enough to get a child of two drunk.,,,frustrated
train,Ses04M_script03_2,38,Ses04M_script03_2_M038,unknown,Very interesting.  And how about a child of four and a child of six and a child of nine?,,,anger
train,Ses04M_script03_2,40,Ses04M_script03_2_M040,unknown,Very good idea.  I will,,,anger
train,Ses04M_script03_2,41,Ses04M_script03_2_M041,unknown,You better turn that off I think.,,,anger
train,Ses04M_script03_2,43,Ses04M_script03_2_M043,unknown,"There are people downstairs, I suppose",,,anger
train,Ses04M_script03_2,46,Ses04M_script03_2_M046,unknown,Turn it off.  It's driving me mad.,,,anger
train,Ses04M_script03_2,47,Ses04M_script03_2_M047,unknown,Turn it off.,,,anger
train,Ses04M_script03_2,48,Ses04M_script03_2_M048,unknown,Listen--,,,anger
train,Ses04M_script03_2,49,Ses04M_script03_2_M049,unknown,"You're a vile tempered, loosed living",,,anger
train,Ses04M_script03_2,50,Ses04M_script03_2_M050,unknown,wicked little beast. And I- I hope I never see you again as long as live.,,,anger
train,Ses04M_script03_2,51,Ses04M_script03_2_M051,unknown,You're not going like this.,,,anger
train,Ses04M_script03_2,52,Ses04M_script03_2_M052,unknown,"No, you're not.",,,anger
train,Ses04M_script03_2,53,Ses04M_script03_2_M053,unknown,Shut up. Shut up.,,,anger
train,Ses04M_script03_2,54,Ses04M_script03_2_M054,unknown,"You're a mean, evil minded",,,anger
train,Ses04M_script03_2,55,Ses04M_script03_2_M055,unknown,little vampire And I hope to God I never set eyes on you as long as I live.,,,anger
train,Ses04M_script03_2,56,Ses04M_script03_2_M056,unknown,Whore.,,,anger
val,Ses01F_script01_1,0,Ses01F_script01_1_F000,unknown,What's he going to say?,,,frustrated
val,Ses01F_script01_1,2,Ses01F_script01_1_F002,unknown,How could he see it?  I was the first one up; he was still in bed.,,,sur
val,Ses01F_script01_1,5,Ses01F_script01_1_F005,unknown,"He's dreaming of him again, walking around.",,,neutral
val,Ses01F_script01_1,9,Ses01F_script01_1_F009,unknown,What do you want to do?  Argue with him?,,,frustrated
val,Ses01F_script01_1,10,Ses01F_script01_1_F010,unknown,You can't say that to him.,,,frustrated
val,Ses01F_script01_1,11,Ses01F_script01_1_F011,unknown,Where's the proof?  Do you have any proof?,,,frustrated
val,Ses01F_script01_1,12,Ses01F_script01_1_F012,unknown,"To you it is, to me it is, but to your father, you can talk yourself until you are blue in the face.  But there is no grave and there is no body, so where are you?",,,frustrated
val,Ses01F_script01_1,14,Ses01F_script01_1_F014,unknown,Why?,,,frustrated
val,Ses01F_script01_1,15,Ses01F_script01_1_F015,unknown,"Well I got an idea, but what's your story?",,,neutral
val,Ses01F_script01_1,21,Ses01F_script01_1_F021,unknown,"From your father's point of view, he is not dead and- Chris he still thinks he's still alive.  The girl is Larry's girl.",,,frustrated
val,Ses01F_script01_1,22,Ses01F_script01_1_F022,unknown,"Now you can go on from there if you know where to go, but I'm telling you, I don't know where to go.",,,frustrated
val,Ses01F_script01_1,23,Ses01F_script01_1_F023,unknown,"You're a considerate fellow, there's nothing wrong in that.",,,frustrated
val,Ses01F_script01_1,24,Ses01F_script01_1_F024,unknown,I just don't see why.  Have you asked Annie yet?,,,frustrated
val,Ses01F_script01_1,25,Ses01F_script01_1_F025,unknown,Well how do you know she's going to marry you?  Maybe she feels the same way your father does.,,,frustrated
val,Ses01F_script01_1,26,Ses01F_script01_1_F026,unknown,The trouble is you don't see enough women.  You never did.,,,frustrated
val,Ses01F_script01_1,27,Ses01F_script01_1_F027,unknown,Why does it have to be Annie?,,,frustrated
val,Ses01F_script01_1,28,Ses01F_script01_1_F028,unknown,Oh that's a great reason.  It's no reason at all.,,,frustrated
val,Ses01F_script01_1,29,Ses01F_script01_1_F029,unknown,"You haven't seen her since you went away to war, it's been five years.",,,frustrated
val,Ses01F_script01_1,30,Ses01F_script01_1_F030,unknown,I don't want a diagram.,,,frustrated
val,Ses01F_script01_1,31,Ses01F_script01_1_F031,unknown,He thinks he's coming back Chris.,,,frustrated
val,Ses01F_script01_1,32,Ses01F_script01_1_F032,unknown,"You marry that girl, you are pronouncing him dead...",,,frustrated
val,Ses01F_script01_1,33,Ses01F_script01_1_F033,unknown,...and then what's that going to do to your father?  Do you know?  I don't.,,,frustrated
val,Ses01F_script01_1,34,Ses01F_script01_1_F034,unknown,Just give it some more thought.,,,neutral
val,Ses01F_script01_1,35,Ses01F_script01_1_F035,unknown,What the hell is this?,,,anger
val,Ses01F_script01_1,37,Ses01F_script01_1_F037,unknown,You have a business here.  What the hell is this?,,,anger
val,Ses01F_script01_1,38,Ses01F_script01_1_F038,unknown,Oh.  Must you be inspired?,,,anger
val,Ses01F_script01_1,39,Ses01F_script01_1_F039,unknown,You mean to tell me that you would leave the business over this?,,,frustrated
val,Ses01F_script01_1,40,Ses01F_script01_1_F040,unknown,Well you don't want to think like that.,,,frustrated
val,Ses01F_script01_1,41,Ses01F_script01_1_F041,unknown,"All right.  But you don't want to think like that because what the hell are we working for, Chris?  It's all for you.  This whole shooting match is for you.",,,anger
val,Ses01F_script01_1,42,Ses01F_script01_1_F042,unknown,Just don't think like that.,,,anger
val,Ses01F_script01_1,43,Ses01F_script01_1_F043,unknown,"I don't understand you, do I?",,,frustrated
val,Ses01F_script01_1,44,Ses01F_script01_1_F044,unknown,I can see that.,,,frustrated
val,Ses01F_script01_1,0,Ses01F_script01_1_M000,unknown,He saw it.,,,neutral
val,Ses01F_script01_1,1,Ses01F_script01_1_M001,unknown,He was out here when it broke.,,,neutral
val,Ses01F_script01_1,2,Ses01F_script01_1_M002,unknown,Four o clock this morning.  I heard a crack and I woke up and looked out.  He was standing right over there when it cracked.,,,neutral
val,Ses01F_script01_1,3,Ses01F_script01_1_M003,unknown,I don't know.,,,neutral
val,Ses01F_script01_1,4,Ses01F_script01_1_M004,unknown,I guess he is.,,,neutral
val,Ses01F_script01_1,5,Ses01F_script01_1_M005,unknown,"I don't know the meaning of it.  But I know one thing, Mom, you've made a terrible mistake with father.",,,frustrated
val,Ses01F_script01_1,7,Ses01F_script01_1_M007,unknown,You know Larry is not coming back and I know it.  Why do we allow him to go on thinking that we believe with him?,,,neutral
val,Ses01F_script01_1,8,Ses01F_script01_1_M008,unknown,I don't want to argue but it's time he realized that nobody believes Larry is alive.,,,frustrated
val,Ses01F_script01_1,9,Ses01F_script01_1_M009,unknown,"You know?  Why shouldn't he walk the nights thinking of him, dreaming of him?   Do we contradict him?  Do we say, we don't have any hope anymore?  That we haven't had any hope for years now?",,,frustrated
val,Ses01F_script01_1,10,Ses01F_script01_1_M010,unknown,We've got to say it to him.,,,neutral
val,Ses01F_script01_1,11,Ses01F_script01_1_M011,unknown,"For God's sake, three years?  Nobody comes back after three years; that's insane.",,,frustrated
val,Ses01F_script01_1,12,Ses01F_script01_1_M012,unknown,"Sit down, Mom.  I want to talk to you.",,,neutral
val,Ses01F_script01_1,13,Ses01F_script01_1_M013,unknown,"All right, all right, all right.  You know why I asked Annie here, right?",,,frustrated
val,Ses01F_script01_1,14,Ses01F_script01_1_M014,unknown,You know.,,,neutral
val,Ses01F_script01_1,15,Ses01F_script01_1_M015,unknown,I'm going to ask her to marry me.,,,neutral
val,Ses01F_script01_1,16,Ses01F_script01_1_M016,unknown,You know it's not just my business.,,,neutral
val,Ses01F_script01_1,17,Ses01F_script01_1_M017,unknown,"So all right then, I'll just go ahead with it?",,,neutral
val,Ses01F_script01_1,18,Ses01F_script01_1_M018,unknown,Then it's not just my business.,,,frustrated
val,Ses01F_script01_1,19,Ses01F_script01_1_M019,unknown,"You know sometimes you infuriate me.  you know that?  Isn't it your business if I tell father and he throws a fit about it?  God, you have such a talent for ignoring things.",,,anger
val,Ses01F_script01_1,20,Ses01F_script01_1_M020,unknown,She's not Larry's girl.,,,frustrated
val,Ses01F_script01_1,21,Ses01F_script01_1_M021,unknown,"I don't know why it is, but every time I reach out for something I have to pull back because I am afraid other people will suffer. My whole bloody life, time after time.",,,frustrated
val,Ses01F_script01_1,22,Ses01F_script01_1_M022,unknown,To hell with that.,,,frustrated
val,Ses01F_script01_1,23,Ses01F_script01_1_M023,unknown,I wanted to get this settled first.,,,neutral
val,Ses01F_script01_1,24,Ses01F_script01_1_M024,unknown,"Well if she does, then that's it.  That's the end of it.  From her letters, though, I think she's pretty much forgotten him.",,,neutral
val,Ses01F_script01_1,25,Ses01F_script01_1_M025,unknown,And then we'll thrash it out with father.  Okay Mom?  Don't avoid me.,,,neutral
val,Ses01F_script01_1,26,Ses01F_script01_1_M026,unknown,So what.  I'm not fast with women.,,,frustrated
val,Ses01F_script01_1,27,Ses01F_script01_1_M027,unknown,Because it is.,,,frustrated
val,Ses01F_script01_1,28,Ses01F_script01_1_M028,unknown,I don't know.,,,frustrated
val,Ses01F_script01_1,29,Ses01F_script01_1_M029,unknown,"I can't help it, I know her best.  I was brought up next door to her, you know?  These years when I think of someone for my wife, I think of Annie.",,,frustrated
val,Ses01F_script01_1,30,Ses01F_script01_1_M030,unknown,"Mom, what do you want?  A diagram?",,,frustrated
val,Ses01F_script01_1,31,Ses01F_script01_1_M031,unknown,"All right, then, Mom. [BREATHING]",,,frustrated
val,Ses01F_script01_1,32,Ses01F_script01_1_M032,unknown,"I've given it three years of thought.  And I'd hope that if I waited, father would forget about Larry and then we could just have a regular wedding and everyone would be happy.",,,frustrated
val,Ses01F_script01_1,33,Ses01F_script01_1_M033,unknown,"But if I can't do that here, I may have to go somewhere else.",,,frustrated
val,Ses01F_script01_1,34,Ses01F_script01_1_M034,unknown,"I'll get out.  I'll get married and I'll move somewhere else, maybe New York.",,,neutral
val,Ses01F_script01_1,35,Ses01F_script01_1_M035,unknown,"I've been a good son for too long, a good sucker.",,,frustrated
val,Ses01F_script01_1,36,Ses01F_script01_1_M036,unknown,The business?  The business doesn't inspire me.,,,frustrated
val,Ses01F_script01_1,37,Ses01F_script01_1_M037,unknown,"Yes.  I like it for an hour a day.  I don't care if I have to grub for money all day long, when I come home I want it happy.",,,frustrated
val,Ses01F_script01_1,38,Ses01F_script01_1_M038,unknown,"I want some kids, I want a family, I want somebody that I can give myself to and Annie is in the center of that.  Now it's just where to find it.",,,frustrated
val,Ses01F_script01_1,39,Ses01F_script01_1_M039,unknown,"On this, I would.",,,neutral
val,Ses01F_script01_1,40,Ses01F_script01_1_M040,unknown,Then help me stay here.,,,neutral
val,Ses01F_script01_1,41,Ses01F_script01_1_M041,unknown,I know that.  Then just help me stay here.,,,frustrated
val,Ses01F_script01_1,42,Ses01F_script01_1_M042,unknown,Well I am thinking like that.,,,frustrated
val,Ses01F_script01_1,43,Ses01F_script01_1_M043,unknown,No.  You don't.  I'm a pretty tough guy.,,,frustrated
val,Ses01F_script01_2,3,Ses01F_script01_2_F003,unknown,He's not going to marry her.,,,anger
val,Ses01F_script01_2,4,Ses01F_script01_2_F004,unknown,It's got that about it.,,,anger
val,Ses01F_script01_2,5,Ses01F_script01_2_F005,unknown,"What is going on here, Joe?",,,anger
val,Ses01F_script01_2,6,Ses01F_script01_2_F006,unknown,She is not his girl.  She knows she's not.,,,anger
val,Ses01F_script01_2,7,Ses01F_script01_2_F007,unknown,"Then why is she still single?  New York is full of men, why is she still single?  Probably a hundred people told her she's foolish, but she waited.",,,anger
val,Ses01F_script01_2,8,Ses01F_script01_2_F008,unknown,"Because she knows what I know, that's why.  She's faithful as a rock.  In my darkest moments, I think of her waiting and I know that I'm right.",,,anger
val,Ses01F_script01_2,9,Ses01F_script01_2_F009,unknown,"Nobody in this house dares take away her faith, Joe.  You know strangers might, but not his father, not his brother.",,,anger
val,Ses01F_script01_2,10,Ses01F_script01_2_F010,unknown,"I want you to-- I want you to act like he is coming back, both of you.  Don't think I haven't noticed you since Chris invited her here.",,,anger
val,Ses01F_script01_2,11,Ses01F_script01_2_F011,unknown,I won't stand for any nonsense.,,,anger
val,Ses01F_script01_2,12,Ses01F_script01_2_F012,unknown,"Because if he's not coming back, I'll kill myself.  Oh laugh, laugh all you like but why does this happen the very night he comes back.  She goes to sleep in his room and his memorial breaks in pieces.  Look at it, Joe, look.",,,anger
val,Ses01F_script01_2,13,Ses01F_script01_2_F013,unknown,"Just believe with me, Joe. Only last week a man came back in Detroit missing longer than Larry.  Believe with me. You, above all, have got to believe. Just believe.",,,anger
val,Ses01F_script01_2,14,Ses01F_script01_2_F014,unknown,I can't help it.,,,frustrated
val,Ses01F_script01_2,1,Ses01F_script01_2_M001,unknown,Well maybe...maybe he just wanted to see her.,,,neutral
val,Ses01F_script01_2,3,Ses01F_script01_2_M003,unknown,[BREATHING] You don't look at me like that.  He didn't tell me anything more than he told you.,,,frustrated
val,Ses01F_script01_2,4,Ses01F_script01_2_M004,unknown,How do you know he's even thinking about it?,,,neutral
val,Ses01F_script01_2,6,Ses01F_script01_2_M006,unknown,Now listen.,,,frustrated
val,Ses01F_script01_2,7,Ses01F_script01_2_M007,unknown,You can't read her mind.,,,frustrated
val,Ses01F_script01_2,8,Ses01F_script01_2_M008,unknown,How do you know why she waited?,,,neutral
val,Ses01F_script01_2,9,Ses01F_script01_2_M009,unknown,"Hey look, it's a nice day, huh?  Why are we arguing?",,,frustrated
val,Ses01F_script01_2,10,Ses01F_script01_2_M010,unknown,What do you want me to do? What do you want?,,,frustrated
val,Ses01F_script01_2,11,Ses01F_script01_2_M011,unknown,Kate.,,,frustrated
val,Ses01F_script01_2,12,Ses01F_script01_2_M012,unknown,[BREATHING],,,frustrated
val,Ses01F_script01_2,13,Ses01F_script01_2_M013,unknown,Calm yourself.,,,frustrated
val,Ses01F_script01_2,14,Ses01F_script01_2_M014,unknown,Okay. Calm yourself.,,,frustrated
val,Ses01F_script01_2,15,Ses01F_script01_2_M015,unknown,"I know. All right, all right. All right. Okay.  Calm yourself. What does that mean, me above all?",,,frustrated
val,Ses01F_script01_2,17,Ses01F_script01_2_M017,unknown,"What have I got to hide?  What the hell is the matter with you, Kate?",,,anger
val,Ses01F_script02_1,0,Ses01F_script02_1_F000,unknown,Fine.,,,neutral
val,Ses01F_script02_1,1,Ses01F_script02_1_F001,unknown,[BREATHING],,,frustrated
val,Ses01F_script02_1,3,Ses01F_script02_1_F003,unknown,What flashlight?,,,sur
val,Ses01F_script02_1,4,Ses01F_script02_1_F004,unknown,That's not your flashlight.,,,neutral
val,Ses01F_script02_1,6,Ses01F_script02_1_F006,unknown,You keep saying my flashlight like it's just yours.,,,anger
val,Ses01F_script02_1,7,Ses01F_script02_1_F007,unknown,How's that supposed to make me feel?,,,anger
val,Ses01F_script02_1,8,Ses01F_script02_1_F008,unknown,Yeah.,,,neutral
val,Ses01F_script02_1,9,Ses01F_script02_1_F009,unknown,[LAUGHTER],,,joy
val,Ses01F_script02_1,10,Ses01F_script02_1_F010,unknown,I'm cold.,,,sadness
val,Ses01F_script02_1,14,Ses01F_script02_1_F014,unknown,"Well, then let's go.",,,frustrated
val,Ses01F_script02_1,15,Ses01F_script02_1_F015,unknown,Not particularly.,,,neutral
val,Ses01F_script02_1,17,Ses01F_script02_1_F017,unknown,"Pass what up?  I mean these fish swim out of the ocean, they flop around on the beach, they swim away and then they die.",,,frustrated
val,Ses01F_script02_1,19,Ses01F_script02_1_F019,unknown,Oh Augie,,,frustrated
val,Ses01F_script02_1,21,Ses01F_script02_1_F021,unknown,Yeah.,,,frustrated
val,Ses01F_script02_1,23,Ses01F_script02_1_F023,unknown,Hmm.  We didn't see them the year before either.,,,frustrated
val,Ses01F_script02_1,24,Ses01F_script02_1_F024,unknown,That's the wind.,,,neutral
val,Ses01F_script02_1,25,Ses01F_script02_1_F025,unknown,About what?,,,neutral
val,Ses01F_script02_1,2,Ses01F_script02_1_M002,unknown,"Okay.  Is that, is that--",,,excited
val,Ses01F_script02_1,7,Ses01F_script02_1_M007,unknown,"The flashlight, the silver one.  There's only one, isn't there?",,,neutral
val,Ses01F_script02_1,8,Ses01F_script02_1_M008,unknown,Whose is it?,,,neutral
val,Ses01F_script02_1,9,Ses01F_script02_1_M009,unknown,"Oh...well. Yeah, of course.",,,neutral
val,Ses01F_script02_1,10,Ses01F_script02_1_M010,unknown,No.,,,neutral
val,Ses01F_script02_1,11,Ses01F_script02_1_M011,unknown,"Of course, our flashlight.  What's yours is mine.  Me flashlight es su flashlight.",,,neutral
val,Ses01F_script02_1,12,Ses01F_script02_1_M012,unknown,"Naturally.  God, how could we not think to bring it?  I hope the moon stays out, though.",,,frustrated
val,Ses01F_script02_1,13,Ses01F_script02_1_M013,unknown,Do they always run during a full moon?  I don't remember.  Was it full last year?,,,neutral
val,Ses01F_script02_1,14,Ses01F_script02_1_M014,unknown,"Huh.  Are you cold?  Do you want my jacket?  No?  you know, we should have brought the blanket?  Our blanket.",,,neutral
val,Ses01F_script02_1,15,Ses01F_script02_1_M015,unknown,"Aw.  Do you know, I should have brought a six pack, too.  A six pack, that would be just the ticket right about now.  Huh?",,,neutral
val,Ses01F_script02_1,16,Ses01F_script02_1_M016,unknown,"God, I'm so excited, I'm like a kid.  I can't believe I got out of the house with my fly zipped up.",,,excited
val,Ses01F_script02_1,18,Ses01F_script02_1_M018,unknown,Do you want my jacket?,,,frustrated
val,Ses01F_script02_1,20,Ses01F_script02_1_M020,unknown,Right.,,,neutral
val,Ses01F_script02_1,21,Ses01F_script02_1_M021,unknown,"Wait, that's my point, too.",,,neutral
val,Ses01F_script02_1,22,Ses01F_script02_1_M022,unknown,"No, no.  Okay.  That's not my point.  My point is there is no point in coming down here if we just turn around and go home.  Don't you want to see it?",,,frustrated
val,Ses01F_script02_1,23,Ses01F_script02_1_M023,unknown,Why not?,,,neutral
val,Ses01F_script02_1,24,Ses01F_script02_1_M024,unknown,"Honey, this is like a natural phenomenon. I mean... People in Kansas would have to get plane reservations and get hotel rooms to see this.  It's just forty minutes away for us; it's too good to pass up.",,,neutral
val,Ses01F_script02_1,25,Ses01F_script02_1_M025,unknown,Yeah.  But this..this moment on the beach is like the highlight of their little lives.  All that flopping around is laying eggs or what to do - spawning or mating or whatever.,,,neutral
val,Ses01F_script02_1,26,Ses01F_script02_1_M026,unknown,This is a big night for these little guys.  It's like life's last orgy.,,,neutral
val,Ses01F_script02_1,27,Ses01F_script02_1_M027,unknown,Yeah they do.,,,frustrated
val,Ses01F_script02_1,29,Ses01F_script02_1_M029,unknown,"There's like mystery here, there's magic.  It's like a little bit of the unexplainable.  I just can't see how you're not interested.",,,neutral
val,Ses01F_script02_1,30,Ses01F_script02_1_M030,unknown,For real?,,,sur
val,Ses01F_script02_1,31,Ses01F_script02_1_M031,unknown,"God, I don't get it.  you know the first time we came here, you said it was the best night of your life?",,,neutral
val,Ses01F_script02_1,32,Ses01F_script02_1_M032,unknown,"And last year, I remember distinctly you said, you were so excited to get here that you don't remember you stubbed your toe until we were in the car.",,,neutral
val,Ses01F_script02_1,33,Ses01F_script02_1_M033,unknown,Ahh...we weren't in a good spot.,,,neutral
val,Ses01F_script02_1,34,Ses01F_script02_1_M034,unknown,"We just weren't in a good spot.  I'm telling you, this is a much better spot.  I have instincts for these things.",,,neutral
val,Ses01F_script02_1,35,Ses01F_script02_1_M035,unknown,"Look there, see?  What's that?  No, that's - that's just seaweed.",,,excited
val,Ses01F_script02_1,36,Ses01F_script02_1_M036,unknown,"God, this is great.  Think about this.  I know you are not interested, but just think about this.",,,joy
val,Ses01F_script02_1,38,Ses01F_script02_1_M038,unknown,"Just all at once, they turned and they formed this line as long as the California coast.  And some instinctual little firecracker went off in their bodies and they all just turned as one and started swimming.",,,excited
val,Ses01F_script02_1,40,Ses01F_script02_1_M040,unknown,It's single mindedness with no mind.  It is urgency that is just pure urge.,,,excited
val,Ses01F_script02_1,43,Ses01F_script02_1_M043,unknown,So what do you think?,,,joy
val,Ses01F_script02_1,44,Ses01F_script02_1_M044,unknown,"About all of that, about all I was talking about.",,,joy
val,Ses01M_script01_2,0,Ses01M_script01_2_F000,unknown,Why did he invite her here?,,,anger
val,Ses01M_script01_2,1,Ses01M_script01_2_F001,unknown,It's been three and a half years.  Why all of a sudden?,,,anger
val,Ses01M_script01_2,4,Ses01M_script01_2_F004,unknown,"What is going on here, Joe?",,,anger
val,Ses01M_script01_2,5,Ses01M_script01_2_F005,unknown,The girl is not Larry's.  If the girl is Larry's girl she's not his she know she's not.,,,anger
val,Ses01M_script01_2,8,Ses01M_script01_2_F008,unknown,"Nobody in this house dares take away her faith Joe.  Her- strangers might but not her father, not her brother.",,,frustrated
val,Ses01M_script01_2,9,Ses01M_script01_2_F009,unknown,"I want you to---act like he is coming back.  Don't think I haven't noticed you, both of you since Chris invited her here.  I won't stand for any nonsense.",,,anger
val,Ses01M_script01_2,11,Ses01M_script01_2_F011,unknown,"Oh, laugh at me, laugh all you like but why does this happen to very night she comes back?  She goes to sleep in his room and his memorial breaks in pieces.  Look at it, Joe look.",,,anger
val,Ses01M_script01_2,12,Ses01M_script01_2_F012,unknown,"Believe with me Joe, you got to believe. Only last week a boy came back missing longer then Larry you read it yourself.",,,anger
val,Ses01M_script01_2,13,Ses01M_script01_2_F013,unknown,You above all have got to believe. Just don't stop believing.,,,anger
val,Ses01M_script01_2,0,Ses01M_script01_2_M000,unknown,"Well, maybe he wanted see her.",,,neutral
val,Ses01M_script01_2,1,Ses01M_script01_2_M001,unknown,"Well uh, He grew up next door to the girl, why wouldn't he want to see her?",,,neutral
val,Ses01M_script01_2,2,Ses01M_script01_2_M002,unknown,Don't look at me like that.  He didn't tell me anything he told you.,,,frustrated
val,Ses01M_script01_2,3,Ses01M_script01_2_M003,unknown,How do you know he's even thinking about it?,,,frustrated
val,Ses01M_script01_2,4,Ses01M_script01_2_M004,unknown,Oh so what?,,,frustrated
val,Ses01M_script01_2,5,Ses01M_script01_2_M005,unknown,"Okay, now listen, kids...",,,frustrated
val,Ses01M_script01_2,6,Ses01M_script01_2_M006,unknown,Listen. Line. You can't read her mind.,,,frustrated
val,Ses01M_script01_2,7,Ses01M_script01_2_M007,unknown,And how do you know why she's waited.,,,neutral
val,Ses01M_script01_2,8,Ses01M_script01_2_M008,unknown,"Okay, look it's a beautiful day.  Why are we arguing?",,,frustrated
val,Ses01M_script01_2,9,Ses01M_script01_2_M009,unknown,What do you want me to do?  What do you want?,,,frustrated
val,Ses01M_script01_2,10,Ses01M_script01_2_M010,unknown,Kate...,,,frustrated
val,Ses01M_script01_2,11,Ses01M_script01_2_M011,unknown,[BREATHING],,,frustrated
val,Ses01M_script01_2,12,Ses01M_script01_2_M012,unknown,"All right, calm yourself.",,,frustrated
val,Ses01M_script01_2,13,Ses01M_script01_2_M013,unknown,"Okay, calm yourself. Alright.",,,frustrated
val,Ses01M_script01_2,14,Ses01M_script01_2_M014,unknown,calm yourself.,,,frustrated
val,Ses01M_script01_2,15,Ses01M_script01_2_M015,unknown,What does that mean? Me above all? What does that mean?,,,anger
val,Ses01M_script01_2,16,Ses01M_script01_2_M016,unknown,Look at you. You're shaking.,,,anger
val,Ses01M_script01_2,17,Ses01M_script01_2_M017,unknown,"What the hell do you want from me, Kate?",,,anger
val,Ses02F_impro06,0,Ses02F_impro06_F000,unknown,"Um, Johnny died yesterday.",,,sadness
val,Ses02F_impro06,1,Ses02F_impro06_F001,unknown,"We knew that it was coming, but--",,,sadness
val,Ses02F_impro06,2,Ses02F_impro06_F002,unknown,"It seemed like he had a little bit longer.  Like just last week, he was doing was so well.",,,sadness
val,Ses02F_impro06,3,Ses02F_impro06_F003,unknown,Yeah.,,,sadness
val,Ses02F_impro06,4,Ses02F_impro06_F004,unknown,I just don't want him to be gone.,,,sadness
val,Ses02F_impro06,5,Ses02F_impro06_F005,unknown,And his whole family was there.,,,sadness
val,Ses02F_impro06,6,Ses02F_impro06_F006,unknown,"I mean, he was like really conscious right up until the end. you know",,,sadness
val,Ses02F_impro06,7,Ses02F_impro06_F007,unknown,"He was so young, you know.  And all the stories he used to tell me about...",,,sadness
val,Ses02F_impro06,8,Ses02F_impro06_F008,unknown,...the way he wanted to live and he was gonna go to Africa and he was gonna--,,,sadness
val,Ses02F_impro06,9,Ses02F_impro06_F009,unknown,Nobody's ever gonna forget him.,,,sadness
val,Ses02F_impro06,10,Ses02F_impro06_F010,unknown,He did a lot.  But--,,,sadness
val,Ses02F_impro06,11,Ses02F_impro06_F011,unknown,I'm gonna forget him.,,,sadness
val,Ses02F_impro06,12,Ses02F_impro06_F012,unknown,I won't be able to hear his voice or his--,,,sadness
val,Ses02F_impro06,13,Ses02F_impro06_F013,unknown,You start to lose like that image after a while.,,,sadness
val,Ses02F_impro06,14,Ses02F_impro06_F014,unknown,Thanks.,,,sadness
val,Ses02F_impro06,0,Ses02F_impro06_M000,unknown,"Hey, a what's up?",,,neutral
val,Ses02F_impro06,1,Ses02F_impro06_M001,unknown,"Wow, that's horrible.",,,neutral
val,Ses02F_impro06,2,Ses02F_impro06_M002,unknown,I'm sorry to hear about that.,,,neutral
val,Ses02F_impro06,3,Ses02F_impro06_M003,unknown,Yeah.,,,neutral
val,Ses02F_impro06,4,Ses02F_impro06_M004,unknown,"I mean, you know, at least he's not in anymore pain now, right?",,,neutral
val,Ses02F_impro06,5,Ses02F_impro06_M005,unknown,"It's good, you know.  you know It hurts I know.  I know what it's like to lose someone like that.",,,neutral
val,Ses02F_impro06,6,Ses02F_impro06_M006,unknown,It's okay.,,,neutral
val,Ses02F_impro06,7,Ses02F_impro06_M007,unknown,"'Cause, you know, you've got all the times that you guys did spend together, you know and that's something good that you can look back on.",,,neutral
val,Ses02F_impro06,8,Ses02F_impro06_M008,unknown,I mean--I don't know.,,,neutral
val,Ses02F_impro06,9,Ses02F_impro06_M009,unknown,"Well, that's that's good, you know.  At least, I don't know.  I mean it's- it's better to go- to goout that way than...",,,neutral
val,Ses02F_impro06,10,Ses02F_impro06_M010,unknown,".than you know, in pain and like this gradual, this horrible process.  I mean--",,,neutral
val,Ses02F_impro06,11,Ses02F_impro06_M011,unknown,"But look at the--he--look at the life he did get to lead.  I mean, for his age, he'd done so much and--",,,neutral
val,Ses02F_impro06,12,Ses02F_impro06_M012,unknown,"Yeah, exactly.  He's made a big impact on a lot of people. and",,,neutral
val,Ses02F_impro06,13,Ses02F_impro06_M013,unknown,"And you'll always have that and--you should feel, you know, happy for him that he got to do so much before--I mean, and even after he found out last year.  I mean--",,,neutral
val,Ses02F_impro06,14,Ses02F_impro06_M014,unknown,"I know.  It doesn't bring him back, but--",,,neutral
val,Ses02F_impro06,15,Ses02F_impro06_M015,unknown,"But It's okay because now, you know, you'll just go on with your life and--",,,neutral
val,Ses02F_impro06,16,Ses02F_impro06_M016,unknown,"No, you'll never forget him.",,,neutral
val,Ses02F_impro06,17,Ses02F_impro06_M017,unknown,I know. but you're not  I mean you're not going to forget him.  The pain will go away eventually and--or it will subside--,,,neutral
val,Ses02F_impro06,18,Ses02F_impro06_M018,unknown,"That will be, It'll be--it'll be better that way. I mean Time will tell.  Time heals, you know, and it's good.  It's okay.  I mean, it wasn't anybody's fault or anything like that so .",,,neutral
val,Ses02F_impro06,19,Ses02F_impro06_M019,unknown,"It's hard to lose someone that way, but he's he's better--he's better off now.",,,neutral
val,Ses02M_impro03,0,Ses02M_impro03_F000,unknown,What? What? You look really happy what's going on?,,,excited
val,Ses02M_impro03,1,Ses02M_impro03_F001,unknown,Finally did what?,,,excited
val,Ses02M_impro03,3,Ses02M_impro03_F003,unknown,"Oh, my Gosh. Well, and did",,,excited
val,Ses02M_impro03,4,Ses02M_impro03_F004,unknown,Did she say yes?,,,excited
val,Ses02M_impro03,5,Ses02M_impro03_F005,unknown,That's like the most definitive.,,,excited
val,Ses02M_impro03,7,Ses02M_impro03_F007,unknown,I would have thought you would have told me that you were planning on doing this.,,,excited
val,Ses02M_impro03,8,Ses02M_impro03_F008,unknown,"Yea, I guess so. Oh, my Gosh. Was she surprised?",,,excited
val,Ses02M_impro03,11,Ses02M_impro03_F011,unknown,"Oh, You did not.",,,excited
val,Ses02M_impro03,12,Ses02M_impro03_F012,unknown,"Oh, my Gosh. that's so cute",,,excited
val,Ses02M_impro03,13,Ses02M_impro03_F013,unknown,"That's so romantic. Oh, my Gosh. She must have died. That's like one of those things you write into a magazine about like my boyfriend did this. Oh my God.",,,excited
val,Ses02M_impro03,14,Ses02M_impro03_F014,unknown,She must have flipped out.,,,excited
val,Ses02M_impro03,15,Ses02M_impro03_F015,unknown,Right exactly because you can't say no in front of thousands of people. [LAUGHTER],,,excited
val,Ses02M_impro03,16,Ses02M_impro03_F016,unknown,Did you bring her up on stage too?,,,excited
val,Ses02M_impro03,17,Ses02M_impro03_F017,unknown,"Oh, my Gosh, that's so cute.",,,excited
val,Ses02M_impro03,18,Ses02M_impro03_F018,unknown,Are your parents excited or...?,,,excited
val,Ses02M_impro03,20,Ses02M_impro03_F020,unknown,"Ooh, that would be fun.",,,excited
val,Ses02M_impro03,23,Ses02M_impro03_F023,unknown,"Oh my Gosh. I cannot believe you're getting married, that is so cool.",,,excited
val,Ses02M_impro03,24,Ses02M_impro03_F024,unknown,"Golly, it just makes me all like romantic inside, like I really want that to happen to me. [LAUGHTER]",,,excited
val,Ses02M_impro03,28,Ses02M_impro03_F028,unknown,"Yay, well congratulations, that's so cool. [BREATHING] I can't wait.",,,excited
val,Ses02M_impro03,0,Ses02M_impro03_M000,unknown,"Oh, you're never going to believe it.",,,excited
val,Ses02M_impro03,1,Ses02M_impro03_M001,unknown,"Well, I finally did it",,,excited
val,Ses02M_impro03,5,Ses02M_impro03_M005,unknown,"Yes, she said yes. [LAUGHTER] I know",,,excited
val,Ses02M_impro03,8,Ses02M_impro03_M008,unknown,"Yes, yes. You know, she - she was like - I mean, she was happy, you know",,,excited
val,Ses02M_impro03,9,Ses02M_impro03_M009,unknown,"I - I think it was about time, I don't know, maybe. You know what, it's been it's been long enough now.",,,excited
val,Ses02M_impro03,10,Ses02M_impro03_M010,unknown,"Oh, well, it was -- you know, we were at this- at this concert and yeah",,,joy
val,Ses02M_impro03,11,Ses02M_impro03_M011,unknown,so I-I talked to some of the crew before hand and-,,,joy
val,Ses02M_impro03,12,Ses02M_impro03_M012,unknown,I-I did.,,,joy
val,Ses02M_impro03,14,Ses02M_impro03_M014,unknown,"I know, so",,,joy
val,Ses02M_impro03,15,Ses02M_impro03_M015,unknown,I got to freak her out.,,,joy
val,Ses02M_impro03,16,Ses02M_impro03_M016,unknown,"No, yes -- so",,,excited
val,Ses02M_impro03,17,Ses02M_impro03_M017,unknown,"Yea, that way she was guaranteed that she could not say no.",,,joy
val,Ses02M_impro03,18,Ses02M_impro03_M018,unknown,"No, but it was good.",,,excited
val,Ses02M_impro03,19,Ses02M_impro03_M019,unknown,"Yes, yes. [LAUGHTER]",,,excited
val,Ses02M_impro03,20,Ses02M_impro03_M020,unknown,"I know it was, I don't know I was really nervous but I'm really - I'm really glad.",,,excited
val,Ses02M_impro03,21,Ses02M_impro03_M021,unknown,"Oh yes, they - they you know they love her and so I mean...",,,joy
val,Ses02M_impro03,24,Ses02M_impro03_M024,unknown,"Yea, yea, I'm not too sure where yet I guess you know, I kind of got to figure some stuff out here first",,,excited
val,Ses02M_impro03,26,Ses02M_impro03_M026,unknown,I know.,,,excited
val,Ses02M_impro03,27,Ses02M_impro03_M027,unknown,"Oh, it will, obviously you know. But I know it's something - I don't know, you never really think about it happening, like before hand.",,,joy
val,Ses02M_impro03,28,Ses02M_impro03_M028,unknown,"Sure. Oh, yes.",,,joy
val,Ses02M_impro03,30,Ses02M_impro03_M030,unknown,"Yes, well, Thanks, thanks. Thank you. yeah",,,excited
val,Ses02M_impro03,31,Ses02M_impro03_M031,unknown,Hah.,,,joy
val,Ses02M_impro06,1,Ses02M_impro06_F001,unknown,"Oh my God. Oh my God, I'm so sorry.",,,sur
val,Ses02M_impro06,2,Ses02M_impro06_F002,unknown,"It doesn't make any easier, yes.",,,sadness
val,Ses02M_impro06,3,Ses02M_impro06_F003,unknown,"Oh, man. I'm so sorry.",,,sadness
val,Ses02M_impro06,4,Ses02M_impro06_F004,unknown,"It's going to be so rough, I'm sorry.",,,sadness
val,Ses02M_impro06,5,Ses02M_impro06_F005,unknown,Yeah.,,,sadness
val,Ses02M_impro06,6,Ses02M_impro06_F006,unknown,Totally.,,,sadness
val,Ses02M_impro06,7,Ses02M_impro06_F007,unknown,Yeah,,,sadness
val,Ses02M_impro06,8,Ses02M_impro06_F008,unknown,"Yes. Well, at least you have a lot of good memories.",,,sadness
val,Ses02M_impro06,9,Ses02M_impro06_F009,unknown,"She really cared about you, you know.",,,sadness
val,Ses02M_impro06,10,Ses02M_impro06_F010,unknown,And she was,,,sadness
val,Ses02M_impro06,11,Ses02M_impro06_F011,unknown,Yeah.,,,sadness
val,Ses02M_impro06,12,Ses02M_impro06_F012,unknown,Even if you still do she'll- she'll be there.,,,sadness
val,Ses02M_impro06,13,Ses02M_impro06_F013,unknown,Are you going to be okay?,,,sadness
val,Ses02M_impro06,14,Ses02M_impro06_F014,unknown,"It's going to be okay, I promise.",,,sadness
val,Ses02M_impro06,15,Ses02M_impro06_F015,unknown,Sure,,,sadness
val,Ses02M_impro06,16,Ses02M_impro06_F016,unknown,you shouldn't be alone,,,sadness
val,Ses02M_impro06,17,Ses02M_impro06_F017,unknown,Yes.,,,sadness
val,Ses02M_impro06,18,Ses02M_impro06_F018,unknown,Yes.,,,sadness
val,Ses02M_impro06,0,Ses02M_impro06_M000,unknown,Kathy died last night.,,,sadness
val,Ses02M_impro06,1,Ses02M_impro06_M001,unknown,"yeah, I mean, you know, it was a -",,,sadness
val,Ses02M_impro06,2,Ses02M_impro06_M002,unknown,"I guess we saw it coming and she lasted a lot - a lot longer than, uh, they expected but you know, I mean when it actually happens it's just a lot harder.",,,sadness
val,Ses02M_impro06,3,Ses02M_impro06_M003,unknown,"I mean at least she was home, she wasn't in the hospital anymore,",,,sadness
val,Ses02M_impro06,4,Ses02M_impro06_M004,unknown,"She was with- yeah  She was with Gary, and he said that she was just sitting there and went to sleep, closed her eyes, and that was it.",,,sadness
val,Ses02M_impro06,5,Ses02M_impro06_M005,unknown,"Yes. I mean, it's not as rough on me as it is on him but",,,sadness
val,Ses02M_impro06,6,Ses02M_impro06_M006,unknown,"God, it's you know, we've spent so much time with them it's just really surreal, really weird that we're not going to be able to see her anymore and go",,,sadness
val,Ses02M_impro06,7,Ses02M_impro06_M007,unknown,"out to- out to dinner you know and do the troops to California, I mean.",,,sadness
val,Ses02M_impro06,8,Ses02M_impro06_M008,unknown,"It's just that- I don't know, it's sort it's sort- of a weird thing you know",,,sadness
val,Ses02M_impro06,9,Ses02M_impro06_M009,unknown,"not being able to see anyone again, who knows where they really went, you know. I mean, I guess we can just hope that wherever they are now if it's anywhere that it's better I mean.",,,sadness
val,Ses02M_impro06,10,Ses02M_impro06_M010,unknown,She was [garbage],,,sadness
val,Ses02M_impro06,11,Ses02M_impro06_M011,unknown,"Yes, I mean she cared about all of us. She was great",,,sadness
val,Ses02M_impro06,12,Ses02M_impro06_M012,unknown,so loving everybody you know.,,,sadness
val,Ses02M_impro06,13,Ses02M_impro06_M013,unknown,"Gosh, I just hate I just hate to see her go.",,,sadness
val,Ses02M_impro06,14,Ses02M_impro06_M014,unknown,We were all going take a trip to Europe you know.,,,sadness
val,Ses02M_impro06,15,Ses02M_impro06_M015,unknown,Yes.  [BREATHING] God.,,,sadness
val,Ses02M_impro06,16,Ses02M_impro06_M016,unknown,"I just -- I just don't get it, like there is just nothing you can do about it you know, it's like just out of your control and it",,,sadness
val,Ses02M_impro06,17,Ses02M_impro06_M017,unknown,"just makes it that much harder to deal 'cause as much as you want to, you know, make her better, see her not in any pain, it's like, just I don't know, just has a mind of its own.",,,sadness
val,Ses02M_impro06,18,Ses02M_impro06_M018,unknown,Then she's gone.,,,sadness
val,Ses02M_impro06,19,Ses02M_impro06_M019,unknown,"Well, you know I appreciate you coming over and talking to me, I mean it definitely helps",,,sadness
val,Ses02M_impro06,20,Ses02M_impro06_M020,unknown,to talk to somebody but,,,sadness
val,Ses02M_impro06,21,Ses02M_impro06_M021,unknown,"It's just going to take a while, I think.",,,sadness
val,Ses02M_impro06,22,Ses02M_impro06_M022,unknown,Ah.,,,sadness
val,Ses02M_impro06,23,Ses02M_impro06_M023,unknown,Thank you.,,,sadness
val,Ses02M_impro08,0,Ses02M_impro08_F000,unknown,"Hi. Thank you so much, you're a real person, right, you're not like a recording?",,,excited
val,Ses02M_impro08,1,Ses02M_impro08_F001,unknown,"Okay. Before I get into it, um your menu or whatever like where you choose the different thing depending on the-",,,excited
val,Ses02M_impro08,2,Ses02M_impro08_F002,unknown,"it leads you around in circles, you can't, there is no way to like get to a real person if you don't already know how to get to there.",,,excited
val,Ses02M_impro08,3,Ses02M_impro08_F003,unknown,"So is there any way to like bypass that because that is so, like I've been going around in circles",,,frustrated
val,Ses02M_impro08,4,Ses02M_impro08_F004,unknown,"like press nine, press zero, press back to the menu, like I can't get through to what I'm supposed to get through to.",,,frustrated
val,Ses02M_impro08,5,Ses02M_impro08_F005,unknown,"Okay. Oh, that would just make it so much better, 'cause I cannot handle it's just like oh, my God I can't sit here any longer and talk to this lady with this pleasant voice.",,,frustrated
val,Ses02M_impro08,6,Ses02M_impro08_F006,unknown,"Sorry. Okay. Um-, yes",,,neutral
val,Ses02M_impro08,7,Ses02M_impro08_F007,unknown,"Thank you very much. Um  So I have a charge on my credit card that, um, isn't mine.",,,neutral
val,Ses02M_impro08,8,Ses02M_impro08_F008,unknown,"Uh, I don't know where it came from and it's actually quite large, and I don't have the money for it so",,,neutral
val,Ses02M_impro08,9,Ses02M_impro08_F009,unknown,it really freaks me out when I got my bill because it was like I don't -- I didn't spend this. This is not my charge.,,,frustrated
val,Ses02M_impro08,10,Ses02M_impro08_F010,unknown,"Okay, it was um- at the [GARBAGE] sorry, it was at a department store, I think it was Macy's or something",,,neutral
val,Ses02M_impro08,11,Ses02M_impro08_F011,unknown,"and it was like something like eight hundred dollars. I don't remember. It was just a lot and I have thing in front of me right now, but-",,,frustrated
val,Ses02M_impro08,16,Ses02M_impro08_F016,unknown,'Cause I-I just don't know how someone could have gotten my charge information,,,frustrated
val,Ses02M_impro08,18,Ses02M_impro08_F018,unknown,So is there any- I mean what if they spend something again?,,,fea
val,Ses02M_impro08,19,Ses02M_impro08_F019,unknown,I did buy one thing on ebay I don't know that might-,,,neutral
val,Ses02M_impro08,20,Ses02M_impro08_F020,unknown,"Oh, really?",,,sur
val,Ses02M_impro08,23,Ses02M_impro08_F023,unknown,Great.,,,joy
val,Ses02M_impro08,24,Ses02M_impro08_F024,unknown,Yeah.,,,joy
val,Ses02M_impro08,25,Ses02M_impro08_F025,unknown,"Right, right.",,,neutral
val,Ses02M_impro08,26,Ses02M_impro08_F026,unknown,"Okay, great.",,,neutral
val,Ses02M_impro08,27,Ses02M_impro08_F027,unknown,"Yeah, totally.",,,neutral
val,Ses02M_impro08,28,Ses02M_impro08_F028,unknown,Well thank you so much. You've been very helpful. I really appreciate it.,,,joy
val,Ses02M_impro08,30,Ses02M_impro08_F030,unknown,Thank you very much bye.,,,joy
val,Ses02M_impro08,0,Ses02M_impro08_M000,unknown,All right. Customer service this is Steve.,,,neutral
val,Ses02M_impro08,2,Ses02M_impro08_M002,unknown,"Right. No, yes I know. It is-It is a little frustrating.",,,neutral
val,Ses02M_impro08,3,Ses02M_impro08_M003,unknown,"I- I'll give you a little hint, next time if it asks if you're on a rotary phone you know, just stay on the line instead of - instead of hitting one or two to say if you're like on a touch tone",,,neutral
val,Ses02M_impro08,4,Ses02M_impro08_M004,unknown,"pretend like your on a rotary phone, goes straight through to a person.",,,neutral
val,Ses02M_impro08,5,Ses02M_impro08_M005,unknown,I know they don't tell you that kind of thing.,,,neutral
val,Ses02M_impro08,7,Ses02M_impro08_M007,unknown,"Yea. All right. Well, let me-let me look it up here for a second. Uh, so i think",,,neutral
val,Ses02M_impro08,8,Ses02M_impro08_M008,unknown,"Okay, Alright, yeah. I- I see it on here.",,,neutral
val,Ses02M_impro08,9,Ses02M_impro08_M009,unknown,"All right. Well, you know that's, that's what we have all of our protection plans for and everything like that so I mean it's",,,neutral
val,Ses02M_impro08,10,Ses02M_impro08_M010,unknown,it- it'll work out fine.,,,neutral
val,Ses02M_impro08,11,Ses02M_impro08_M011,unknown,"Yes, we'll get- we'll get rid of it right now. I mean just we're going to have to have you, um, submit something you know, we're going to have to have you mail something in for us, okay.",,,neutral
val,Ses02M_impro08,12,Ses02M_impro08_M012,unknown,"So- So you can um find that application. You have the Internet, you can go to our website.",,,neutral
val,Ses02M_impro08,13,Ses02M_impro08_M013,unknown,Yeah. Yeah. You get the form right now. and- yeah,,,neutral
val,Ses02M_impro08,14,Ses02M_impro08_M014,unknown,"We could mail it to you as well, but-",,,neutral
val,Ses02M_impro08,15,Ses02M_impro08_M015,unknown,"Right. You can go online, print it out, and just fill out the form and um- send it to us um- you know,  regarding the grievance and-",,,neutral
val,Ses02M_impro08,16,Ses02M_impro08_M016,unknown,and it'll get taken off um- no problem you know,,,neutral
val,Ses02M_impro08,17,Ses02M_impro08_M017,unknown,Right. I mean we might,,,neutral
val,Ses02M_impro08,18,Ses02M_impro08_M018,unknown,Okay.,,,neutral
val,Ses02M_impro08,19,Ses02M_impro08_M019,unknown,"Uh, I mean have you been shopping around on the Internet and stuff? I mean that you gave-",,,neutral
val,Ses02M_impro08,20,Ses02M_impro08_M020,unknown,"Uh-ha, I mean usually sites are pretty well protected but sometimes I mean information gets out, so",,,neutral
val,Ses02M_impro08,21,Ses02M_impro08_M021,unknown,so it is a little a little hard in that situation if you want -- you know you can -um- we can- we can issue another credit card.,,,neutral
val,Ses02M_impro08,22,Ses02M_impro08_M022,unknown,"Yeah, yeah. Maybe we'll, uh-",,,neutral
val,Ses02M_impro08,23,Ses02M_impro08_M023,unknown,it's a different number and everything,,,neutral
val,Ses02M_impro08,24,Ses02M_impro08_M024,unknown,Yeah. yeah.,,,neutral
val,Ses02M_impro08,25,Ses02M_impro08_M025,unknown,"Yes, um but  for- for that- for that charge we will need you to send something in but we can get you processed immediately for this, for this, for this new card. It still goes to the same address, right?",,,neutral
val,Ses02M_impro08,26,Ses02M_impro08_M026,unknown,Okay. All right. Then we'll get it sent out there. And,,,neutral
val,Ses02M_impro08,27,Ses02M_impro08_M027,unknown,And you know just I mean be careful in the future if um,,,neutral
val,Ses02M_impro08,28,Ses02M_impro08_M028,unknown,if you're ever online or anything like that I mean just make sure it's a secure site and,,,neutral
val,Ses02M_impro08,29,Ses02M_impro08_M029,unknown,"and never you know, give it to anyone out, never even give out your number to any like unreliable company that you haven't heard of or anything like that, all right? Because, um, we want to- we definitely want to help you out, but-",,,neutral
val,Ses02M_impro08,30,Ses02M_impro08_M030,unknown,you know it gets- it gets difficult you know so Alright.,,,neutral
val,Ses02M_impro08,31,Ses02M_impro08_M031,unknown,"Alright Yes, I'm sorry for all the inconvenience but we'll get it taken care of.",,,neutral
val,Ses03M_script03_2,0,Ses03M_script03_2_F000,unknown,"Oh, come on, you knew there was nothing in that.",,,neutral
val,Ses03M_script03_2,1,Ses03M_script03_2_F001,unknown,Presents?  A trivial little broach.,,,anger
val,Ses03M_script03_2,3,Ses03M_script03_2_F003,unknown,No I didn't.  You made up the whole thing in your jealous imagination.,,,neutral
val,Ses03M_script03_2,4,Ses03M_script03_2_F004,unknown,Just a little perhaps but nothing serious.,,,neutral
val,Ses03M_script03_2,6,Ses03M_script03_2_F006,unknown,"Well it didn't harm him, in fact, it pleasured him a lot and it didn't hurt me.",,,neutral
val,Ses03M_script03_2,10,Ses03M_script03_2_F010,unknown,I don't know why you want it.  You've already had two glasses.,,,anger
val,Ses03M_script03_2,11,Ses03M_script03_2_F011,unknown,I don't see what you have to go on and on with this kind of thing.,,,anger
val,Ses03M_script03_2,12,Ses03M_script03_2_F012,unknown,It's become a habit with you.,,,neutral
val,Ses03M_script03_2,14,Ses03M_script03_2_F014,unknown,What?,,,anger
val,Ses03M_script03_2,16,Ses03M_script03_2_F016,unknown,"No, just making myself beautiful for you.",,,neutral
val,Ses03M_script03_2,17,Ses03M_script03_2_F017,unknown,That's the woman's job to lure the man.  Watch me a moment won't you?,,,neutral
val,Ses03M_script03_2,24,Ses03M_script03_2_F024,unknown,"Adders don't snap, they sting.",,,anger
val,Ses03M_script03_2,25,Ses03M_script03_2_F025,unknown,They sting.,,,anger
val,Ses03M_script03_2,28,Ses03M_script03_2_F028,unknown,Mind your business.,,,anger
val,Ses03M_script03_2,29,Ses03M_script03_2_F029,unknown,You're quite insufferable.  I expect it's because you're drunk.,,,anger
val,Ses03M_script03_2,30,Ses03M_script03_2_F030,unknown,You've always had a weak head.,,,anger
val,Ses03M_script03_2,31,Ses03M_script03_2_F031,unknown,"On the contrary, a child of two can get violently drunk off just one glass of brandy.",,,anger
val,Ses03M_script03_2,32,Ses03M_script03_2_F032,unknown,Shut up.,,,anger
val,Ses03M_script03_2,33,Ses03M_script03_2_F033,unknown,"Not very funny dear.  In fact, maybe you better have some more brandy.",,,anger
val,Ses03M_script03_2,36,Ses03M_script03_2_F036,unknown,They are away in Tunis.,,,neutral
val,Ses03M_script03_2,37,Ses03M_script03_2_F037,unknown,"Turn it on again, please.",,,frustrated
val,Ses03M_script03_2,38,Ses03M_script03_2_F038,unknown,Very well.  If you insist on being a boorish and idiotic.,,,anger
val,Ses03M_script03_2,39,Ses03M_script03_2_F039,unknown,You are far too temperamental.  Try to control yourself.,,,anger
val,Ses03M_script03_2,40,Ses03M_script03_2_F040,unknown,Go away.  Go away.  I hate you.,,,anger
val,Ses03M_script03_2,41,Ses03M_script03_2_F041,unknown,"I hate you.  Listen I'm sick and tired of listening to you, you sadistic bully.",,,anger
val,Ses03M_script03_2,42,Ses03M_script03_2_F042,unknown,"This is the end.  Understand?  This is the end, here and now, forever and always.",,,anger
val,Ses03M_script03_2,43,Ses03M_script03_2_F043,unknown,"Oh, yes I am. Yes I am and you can't stop me.",,,anger
val,Ses03M_script03_2,44,Ses03M_script03_2_F044,unknown,"Listen, you're a cruel fiend and I hate, loathe you.  Thank God finally, finally thank God I've realized just how horrible you are--and marry you?  Marry you?  Never. I will never marry you.  I will die die in torment-",,,anger
val,Ses03M_script03_2,45,Ses03M_script03_2_F045,unknown,Beast. Brute. Cad. Swine. Beast. Beast. Brute. Devil. Sorry.,,,anger
val,Ses03M_script03_2,0,Ses03M_script03_2_M000,unknown,Yes.  The real cause of that rile was Peter Burden.,,,neutral
val,Ses03M_script03_2,3,Ses03M_script03_2_M003,unknown,You went out of your way to torture me over Peter Burden.,,,anger
val,Ses03M_script03_2,4,Ses03M_script03_2_M004,unknown,You must admit he was in love with you.,,,anger
val,Ses03M_script03_2,5,Ses03M_script03_2_M005,unknown,You let him kiss you. You said so.  What of it?,,,anger
val,Ses03M_script03_2,6,Ses03M_script03_2_M006,unknown,And what about me?,,,anger
val,Ses03M_script03_2,7,Ses03M_script03_2_M007,unknown,"Oh, that's a nice point of view I must say.",,,anger
val,Ses03M_script03_2,8,Ses03M_script03_2_M008,unknown,"Yeah, so am I.  Bored stiff.",,,anger
val,Ses03M_script03_2,9,Ses03M_script03_2_M009,unknown,You want some brandy?,,,neutral
val,Ses03M_script03_2,10,Ses03M_script03_2_M010,unknown,I'll have a little I think.,,,neutral
val,Ses03M_script03_2,11,Ses03M_script03_2_M011,unknown,No particular reason.  Anyhow they were very small ones.,,,anger
val,Ses03M_script03_2,12,Ses03M_script03_2_M012,unknown,Oh my...just because I just...okay...,,,anger
val,Ses03M_script03_2,14,Ses03M_script03_2_M014,unknown,You needn't be so grand just because you don't happen to want any yourself at the moment.,,,anger
val,Ses03M_script03_2,15,Ses03M_script03_2_M015,unknown,Really Amanda.,,,frustrated
val,Ses03M_script03_2,16,Ses03M_script03_2_M016,unknown,Nothing.,,,frustrated
val,Ses03M_script03_2,17,Ses03M_script03_2_M017,unknown,Going out somewhere dear?,,,frustrated
val,Ses03M_script03_2,19,Ses03M_script03_2_M019,unknown,Actually that's perfectly true.,,,neutral
val,Ses03M_script03_2,20,Ses03M_script03_2_M020,unknown,Yes it is.,,,neutral
val,Ses03M_script03_2,21,Ses03M_script03_2_M021,unknown,I think that,,,neutral
val,Ses03M_script03_2,25,Ses03M_script03_2_M025,unknown,They snap.,,,frustrated
val,Ses03M_script03_2,29,Ses03M_script03_2_M029,unknown,I'm not in the least bit drunk.,,,anger
val,Ses03M_script03_2,30,Ses03M_script03_2_M030,unknown,"Okay, like I mentioned before I had three very small, minute liquor glasses of brandy.  That's not even enough to get a child of two drunk.",,,anger
val,Ses03M_script03_2,31,Ses03M_script03_2_M031,unknown,"Oh, what an interesting topic.  What about a child of four and a child of six?  A child of nine?",,,anger
val,Ses03M_script03_2,32,Ses03M_script03_2_M032,unknown,We might be able to bring up a splendid little debate about this intemperate tots.,,,anger
val,Ses03M_script03_2,33,Ses03M_script03_2_M033,unknown,"Oh, thanks.  I think I will.",,,anger
val,Ses03M_script03_2,34,Ses03M_script03_2_M034,unknown,You better turn that off.,,,anger
val,Ses03M_script03_2,38,Ses03M_script03_2_M038,unknown,No I'll do no such thing.,,,anger
val,Ses03M_script03_2,39,Ses03M_script03_2_M039,unknown,"Come on, turn it off.  It's driving me mad.",,,anger
val,Ses03M_script03_2,40,Ses03M_script03_2_M040,unknown,Turn it--Turn it off.,,,anger
val,Ses03M_script03_2,41,Ses03M_script03_2_M041,unknown,Very amusing indeed.,,,anger
val,Ses03M_script03_2,42,Ses03M_script03_2_M042,unknown,"You know what?  You're a vile, little, evil-minded, little, wicked beast and I never want to see you again.",,,anger
val,Ses03M_script03_2,43,Ses03M_script03_2_M043,unknown,You're not going nowhere. No you're not.,,,anger
val,Ses03M_script03_2,44,Ses03M_script03_2_M044,unknown,Just shut up.,,,anger
val,Ses03M_script03_2,45,Ses03M_script03_2_M045,unknown,shut up. shut up.  I would-I would never marry you again if you came crawling back to me on your hands and knees because you're an evil-minded little vampire and I hope to God I never see you again.,,,anger
val,Ses03M_script03_2,46,Ses03M_script03_2_M046,unknown,Oh.,,,anger
val,Ses04F_impro05,0,Ses04F_impro05_F000,unknown,You guys lost my bag.,,,frustrated
val,Ses04F_impro05,1,Ses04F_impro05_F001,unknown,Yeah.  Yeah I did.,,,frustrated
val,Ses04F_impro05,2,Ses04F_impro05_F002,unknown,"I-I don't know.  The place where they told me to go.  Look they told me to come talk to you because you guys lost my bag.  Not it's late.  Not it will be here soon, lost it completely.  What are you going to do about that?",,,frustrated
val,Ses04F_impro05,3,Ses04F_impro05_F003,unknown,Look that bag has my entire life in it and you just lost it.,,,frustrated
val,Ses04F_impro05,4,Ses04F_impro05_F004,unknown,"Lost it just, like, I mean,",,,anger
val,Ses04F_impro05,5,Ses04F_impro05_F005,unknown,it's not like it just disappeared into thin air. Somebody wasn't paying attention,,,anger
val,Ses04F_impro05,6,Ses04F_impro05_F006,unknown,"because my bag was very easy to keep track of.  It's got big, you know, rainbow colored crap all over it and no one was paying attention because now it's just gone.",,,anger
val,Ses04F_impro05,7,Ses04F_impro05_F007,unknown,Wait.  What?,,,sur
val,Ses04F_impro05,8,Ses04F_impro05_F008,unknown,No. No. I heard- I heard what you said.,,,anger
val,Ses04F_impro05,9,Ses04F_impro05_F009,unknown,"You're kidding me, right.  You're going to give me fifty dollars to completely cover my bag, everything that was in it, the inconvenience that I've gone through.  I paid for my ticket.  All I expect is to safely get to my destination with my stuff.  Is that so much to ask?  I mean I really don't think that's that big a deal to ask you guys to have my bag in the place where I leave and then put my bag where I end up.",,,anger
val,Ses04F_impro05,10,Ses04F_impro05_F010,unknown,"Yeah, well that's got everything I have in it.",,,anger
val,Ses04F_impro05,11,Ses04F_impro05_F011,unknown,Look fifty dollars is unacceptable.  My bag itself cost over a hundred and fifty dollars.  You can't just give me fifty dollar gift certificate to Percoes or whatever the hell and then send me off like that's- that's good enough.  Like that's all I needed was fifty dollars.  My bag is worth more than that.,,,anger
val,Ses04F_impro05,12,Ses04F_impro05_F012,unknown,I expect your airline who was responsible for my bag to give me the equivalent of the bag and all of the things in it.,,,anger
val,Ses04F_impro05,13,Ses04F_impro05_F013,unknown,I didn't sign anything. I didn't sign anything. And you people have got to make-,,,anger
val,Ses04F_impro05,14,Ses04F_impro05_F014,unknown,You have to make amends for what you did for losing my bag and all of my stuff.  Fifty dollars is unacceptable.,,,anger
val,Ses04F_impro05,15,Ses04F_impro05_F015,unknown,No.  No.  I don't know. You know what? I'm going to call my lawyer. You know what?  That's what I'm going to do.  I'm going to call my lawyer and have him get down here and explain to you that this is an unacceptable option.,,,anger
val,Ses04F_impro05,16,Ses04F_impro05_F016,unknown,I want to talk to your supervisor.,,,anger
val,Ses04F_impro05,17,Ses04F_impro05_F017,unknown,"I've had enough.  I want to talk to-no, no unacceptable I want to your supervisor. I am done with this.",,,anger
val,Ses04F_impro05,18,Ses04F_impro05_F018,unknown,"Really, you don't work for anybody.  It's just you?",,,anger
val,Ses04F_impro05,19,Ses04F_impro05_F019,unknown,"Okay.  Well I want to call whoever you report to, whoever your boss is because I have had enough with this airline and I am finished waiting for my fifty dollar gift certificate.",,,anger
val,Ses04F_impro05,0,Ses04F_impro05_M000,unknown,Welcome to Northwest Airlines.  How can I help you?,,,frustrated
val,Ses04F_impro05,1,Ses04F_impro05_M001,unknown,Did you file a complaint already?,,,frustrated
val,Ses04F_impro05,2,Ses04F_impro05_M002,unknown,Where?  Did you do it at the front desk or by the baggage claims?,,,frustrated
val,Ses04F_impro05,3,Ses04F_impro05_M003,unknown,"Ma'am, first of all I'd like you to calm down.  Second of all-",,,frustrated
val,Ses04F_impro05,5,Ses04F_impro05_M005,unknown,"Ma'am, I understand that.",,,frustrated
val,Ses04F_impro05,6,Ses04F_impro05_M006,unknown,"I understand that.  The best I can do for you, at this moment, is give you fifty dollar check courtesy of Northwest Airlines for inconveniencing you in losing your luggage.",,,frustrated
val,Ses04F_impro05,7,Ses04F_impro05_M007,unknown,"At this moment in time, all I can do for you is give you-",,,frustrated
val,Ses04F_impro05,8,Ses04F_impro05_M008,unknown,you're getting very excited right now,,,frustrated
val,Ses04F_impro05,9,Ses04F_impro05_M009,unknown,"I understand that, ma'am but there's not really much I can do for you right now.",,,frustrated
val,Ses04F_impro05,10,Ses04F_impro05_M010,unknown,What I need you to do is file another complaint form. There's a form that you can fill out over by the front desk near the baggage claim.,,,frustrated
val,Ses04F_impro05,11,Ses04F_impro05_M011,unknown,If you'd like to take that over to the front desk- Ma'am.,,,frustrated
val,Ses04F_impro05,12,Ses04F_impro05_M012,unknown,We're just talking over each other.,,,frustrated
val,Ses04F_impro05,13,Ses04F_impro05_M013,unknown,We're not going to communicate anything this way.,,,frustrated
val,Ses04F_impro05,14,Ses04F_impro05_M014,unknown,Ma'am in flying with Northwest Airlines you agreed to,,,frustrated
val,Ses04F_impro05,15,Ses04F_impro05_M015,unknown,sign away your luggage to the,,,frustrated
val,Ses04F_impro05,16,Ses04F_impro05_M016,unknown,"It's part of the small- it's part of the agreement when you're purchasing an airline ticket, there's- when you-",,,frustrated
val,Ses04F_impro05,17,Ses04F_impro05_M017,unknown,"Ma'am, please calm down.  When you purchase a ticket, there is a terms and agreement,",,,frustrated
val,Ses04F_impro05,18,Ses04F_impro05_M018,unknown,terms and conditions- in the agreement of purchasing a ticket. Most people frequently look it over,,,frustrated
val,Ses04F_impro05,19,Ses04F_impro05_M019,unknown,The best that we can do for you is give you-,,,frustrated
val,Ses04F_impro05,20,Ses04F_impro05_M020,unknown,Ma'am.,,,frustrated
val,Ses04F_impro05,21,Ses04F_impro05_M021,unknown,I am- I am- I am my own supervisor.,,,frustrated
val,Ses04F_impro05,22,Ses04F_impro05_M022,unknown,"I am the supervisor, ma'am.",,,frustrated
val,Ses04F_impro05,23,Ses04F_impro05_M023,unknown,I am the current manager on duty.,,,frustrated
val,Ses04F_impro05,24,Ses04F_impro05_M024,unknown,"Ma'am, I own Northwest Airlines.",,,frustrated
val,Ses04F_impro06,0,Ses04F_impro06_F000,unknown,Thanks.,,,sadness
val,Ses04F_impro06,1,Ses04F_impro06_F001,unknown,"You know it's just, I just, you know, I mean it just happened.  I just, like- I just keep expecting him to walk in, you know.",,,sadness
val,Ses04F_impro06,2,Ses04F_impro06_F002,unknown,"I just- I just thought he would have longer, you know, because I'm- I mean when he found out he was sick, we knew that wasn't good but I just- I just thought that it would take longer, you know?",,,sadness
val,Ses04F_impro06,3,Ses04F_impro06_F003,unknown,Yeah. I know. I know.,,,sadness
val,Ses04F_impro06,4,Ses04F_impro06_F004,unknown,"Yeah, I know. But I'd rather have him here with me, you know. It's just not fair.  I mean he- he didn't get to do like anything. I mean he was-",,,sadness
val,Ses04F_impro06,5,Ses04F_impro06_F005,unknown,"He was only twenty four and just so many things that we were going to do, you know, and now he won't get to do them and he won't get to be here when I do.  You know, like I'll get married some day and he won't be there, like, he won't get to see that.",,,sadness
val,Ses04F_impro06,6,Ses04F_impro06_F006,unknown,It just doesn't seem fair.,,,sadness
val,Ses04F_impro06,7,Ses04F_impro06_F007,unknown,Thank you for being here.,,,sadness
val,Ses04F_impro06,8,Ses04F_impro06_F008,unknown,[LAUGHTER] You're probably right.  He probably would be pissed if we were all sitting around being upset about it. He'd want us to have a party.,,,joy
val,Ses04F_impro06,9,Ses04F_impro06_F009,unknown,And to drink in his honor. [LAUGHTER],,,joy
val,Ses04F_impro06,10,Ses04F_impro06_F010,unknown,"Yeah, I know.",,,sadness
val,Ses04F_impro06,0,Ses04F_impro06_M000,unknown,"Hey, I'm, uh. I'm really sorry about what happened.  I don't um- I mean what you can you do?  I mean it's-",,,sadness
val,Ses04F_impro06,1,Ses04F_impro06_M001,unknown,"When I was seven, my- my grandmother died and I really- I don't know, I mean it was really hard to let go but the important thing is- is that you do let go and your realize that, you know, they- you know, they- this person had fun while they were- while they were here and, uh, you know, you work- you work through it.",,,sadness
val,Ses04F_impro06,2,Ses04F_impro06_M002,unknown,Mmhmm. Yeah.  Yeah.  I mean it's- it's hard.  It's hard.,,,sadness
val,Ses04F_impro06,3,Ses04F_impro06_M003,unknown,Yeah.,,,sadness
val,Ses04F_impro06,4,Ses04F_impro06_M004,unknown,"Well I mean, you know, I mean it was I mean with that kind of condition,",,,neutral
val,Ses04F_impro06,5,Ses04F_impro06_M005,unknown,"you know, it's inevitable  and I mean honestly it's- it's almost like",,,sadness
val,Ses04F_impro06,6,Ses04F_impro06_M006,unknown,"you know, you don't- you know, how long do you want the person to go through that, you know.",,,neutral
val,Ses04F_impro06,7,Ses04F_impro06_M007,unknown,It's sort of- it's almost better off to rest in peace than he is to live in pain.,,,neutral
val,Ses04F_impro06,8,Ses04F_impro06_M008,unknown,Yeah.,,,sadness
val,Ses04F_impro06,9,Ses04F_impro06_M009,unknown,"It's not fair but I mean that's, you know, the course of life is that, you know, you meet people and you lose them.",,,sadness
val,Ses04F_impro06,10,Ses04F_impro06_M010,unknown,You're okay,,,sadness
val,Ses04F_impro06,11,Ses04F_impro06_M011,unknown,You know I think- I think we should celebrate because I think that's what he would have wanted.,,,sadness
val,Ses04F_impro06,12,Ses04F_impro06_M012,unknown,Yeah.,,,neutral
val,Ses04F_impro06,13,Ses04F_impro06_M013,unknown,"That's right.  That's right.  I mean he would want us to, you know, celebrate the life that he- that he lived and, you know, enjoy the rest of ours as much as we can.",,,sadness
val,Ses04F_impro06,14,Ses04F_impro06_M014,unknown,So-,,,sadness
val,Ses04F_impro08,0,Ses04F_impro08_F000,unknown,Hello.  Thank you for calling Dell Taco Corporate.  Can I help you?,,,joy
val,Ses04F_impro08,1,Ses04F_impro08_F001,unknown,"Okay.  Well, Did you go through the automated menu?  Most of your requests can be taken care of through that.",,,neutral
val,Ses04F_impro08,2,Ses04F_impro08_F002,unknown,Okay.  Well I'd be happy to-,,,neutral
val,Ses04F_impro08,3,Ses04F_impro08_F003,unknown,"Okay, sir.  I'd be happy to help you.",,,frustrated
val,Ses04F_impro08,4,Ses04F_impro08_F004,unknown,"Sir, can- can you tell me which branch you went to.  We can start there.",,,neutral
val,Ses04F_impro08,5,Ses04F_impro08_F005,unknown,"Okay.  Um, and what was the complaint?",,,neutral
val,Ses04F_impro08,6,Ses04F_impro08_F006,unknown,"Can you be a little more specific, sir?",,,neutral
val,Ses04F_impro08,7,Ses04F_impro08_F007,unknown,"Did you try to take them back and get your order fixed, sir?",,,frustrated
val,Ses04F_impro08,8,Ses04F_impro08_F008,unknown,"Well I'm very sorry, sir.  They should have dealt with it at that particular branch.  I apologize for that, uh, but we can help you.  That's no worries.  We can take care of that.  So how much did you need to be refunded?",,,neutral
val,Ses04F_impro08,9,Ses04F_impro08_F009,unknown,"Okay.  Um, I'm going to go ahead and transfer you over to another department.  They'll need your address.",,,neutral
val,Ses04F_impro08,10,Ses04F_impro08_F010,unknown,"I understand, sir.  I will explain to them what the situa-",,,frustrated
val,Ses04F_impro08,12,Ses04F_impro08_F012,unknown,"Okay, sir.  They- they have to-",,,frustrated
val,Ses04F_impro08,13,Ses04F_impro08_F013,unknown,Sir.,,,frustrated
val,Ses04F_impro08,14,Ses04F_impro08_F014,unknown,"Sir, they have to take down your address at the other station.  I will transfer.  I will explain everything to them.  It will all be fine.  I promise.",,,frustrated
val,Ses04F_impro08,15,Ses04F_impro08_F015,unknown,Cindy?,,,frustrated
val,Ses04F_impro08,17,Ses04F_impro08_F017,unknown,"Sir, I don't think my name is really relevant-",,,frustrated
val,Ses04F_impro08,18,Ses04F_impro08_F018,unknown,"Alright, sir. Sir.  I'm going to transfer you to the address.",,,frustrated
val,Ses04F_impro08,19,Ses04F_impro08_F019,unknown,"Alright.  You know what, sir.  The customer is always right.",,,frustrated
val,Ses04F_impro08,20,Ses04F_impro08_F020,unknown,I will go ahead and I will take- I will take,,,frustrated
val,Ses04F_impro08,23,Ses04F_impro08_F023,unknown,But I'm giving you what you want.,,,anger
val,Ses04F_impro08,24,Ses04F_impro08_F024,unknown,"Okay.  If that's what you want, you want to go to the next person?",,,frustrated
val,Ses04F_impro08,25,Ses04F_impro08_F025,unknown,Okay.  Great.,,,frustrated
val,Ses04F_impro08,0,Ses04F_impro08_M000,unknown,"Yeah, um.  I have been trying to reach somebody who will refund, uh, my money.",,,frustrated
val,Ses04F_impro08,1,Ses04F_impro08_M001,unknown,"Um, I basically, um I- I ordered some food",,,neutral
val,Ses04F_impro08,2,Ses04F_impro08_M002,unknown,um and everything was pretty much uh- uh- just not done right. All the orders were messed up.,,,frustrated
val,Ses04F_impro08,3,Ses04F_impro08_M003,unknown,"Yes, I did and that didn't- I got through to, like, one operator and she sent me to like three others",,,frustrated
val,Ses04F_impro08,5,Ses04F_impro08_M005,unknown,"If you could just give me that, then I will leave you alone. And just- if i could also- What?",,,frustrated
val,Ses04F_impro08,7,Ses04F_impro08_M007,unknown,The food was prepared incorrectly.,,,frustrated
val,Ses04F_impro08,8,Ses04F_impro08_M008,unknown,I asked for no tomatoes.,,,frustrated
val,Ses04F_impro08,12,Ses04F_impro08_M012,unknown,"It was a hundred a sixty dollars.  I'm sorry, uh, sixteen dollars.",,,neutral
val,Ses04F_impro08,13,Ses04F_impro08_M013,unknown,"Look, I don't want to be transferred over to another- All I want to do is just give you my name and address so you can send me a check.",,,anger
val,Ses04F_impro08,14,Ses04F_impro08_M014,unknown,"Okay.  You understand that's all I want. Just don't give me a problem with this.  Okay, please because I'm very sensitive right now",,,anger
val,Ses04F_impro08,15,Ses04F_impro08_M015,unknown,"and if I get sent to another operator, I'll have to tell them the same damn story again.  I don't- I think I'm just going to lose my mind.  So if you could please just not do that, that would be great.  Thank you.",,,anger
val,Ses04F_impro08,16,Ses04F_impro08_M016,unknown,You don't understand because you've never gone to Del Taco and gotten the service that I've gotten.  You don't understand.,,,anger
val,Ses04F_impro08,17,Ses04F_impro08_M017,unknown,You're not going to call the other operator. You're not going to call the the other operator.,,,anger
val,Ses04F_impro08,18,Ses04F_impro08_M018,unknown,You're going to fill out a form on your desk,,,anger
val,Ses04F_impro08,19,Ses04F_impro08_M019,unknown,because I know you're at a desk right now in your stupid corporate building and you're going to send me a check for sixteen dollars and forty two cents.,,,anger
val,Ses04F_impro08,20,Ses04F_impro08_M020,unknown,What's your name?,,,frustrated
val,Ses04F_impro08,22,Ses04F_impro08_M022,unknown,Cindy?  Cindy what?,,,anger
val,Ses04F_impro08,23,Ses04F_impro08_M023,unknown,"Cindy, look.  If you don't get your ass a piece of paper that has a check",,,anger
val,Ses04F_impro08,24,Ses04F_impro08_M024,unknown,"attached to it and you don't send it to me, I'm going to get very upset.",,,anger
val,Ses04F_impro08,25,Ses04F_impro08_M025,unknown,"You know what.  I- You know what? You know what? No, it's fine. it's fine it's fine You know what?",,,frustrated
val,Ses04F_impro08,26,Ses04F_impro08_M026,unknown,"Hey, Cindy. Cindy, look I know this is not your fault.  Do whatever you want.",,,frustrated
val,Ses04F_impro08,27,Ses04F_impro08_M027,unknown,Send me to whatever operator. I just- You know what?  I'm just done.  I'm just done.  I've lost all hope.,,,frustrated
val,Ses04F_impro08,28,Ses04F_impro08_M028,unknown,"of getting my sixteen dollars back. It fine, no honestly.",,,frustrated
val,Ses04F_impro08,29,Ses04F_impro08_M029,unknown,"No, Cindy just don't even-look don't even.  Cuz I- look Cindy I know you don't care about me, okay.  I know that I'm just like another person who calls-",,,frustrated
val,Ses04F_impro08,30,Ses04F_impro08_M030,unknown,No it doesn't matter.  It's fine.  It's fine.  Just send me to the next operator.  That's fine.,,,frustrated
test,Ses05F_impro01,0,Ses05F_impro01_F000,unknown,"Hi, I need an ID.",,,neutral
test,Ses05F_impro01,1,Ses05F_impro01_F001,unknown,"Okay, I'm sorry, but I just stood in this line for an hour.  can I Is there any way I can-",,,frustrated
test,Ses05F_impro01,2,Ses05F_impro01_F002,unknown,"No, they told me-I'm sorry, but they told me to be in this line.",,,frustrated
test,Ses05F_impro01,3,Ses05F_impro01_F003,unknown,"What, I mean what... what's the difference?  What do I need to do there that I can't do here?",,,frustrated
test,Ses05F_impro01,4,Ses05F_impro01_F004,unknown,Can you just-can I just get the right-,,,frustrated
test,Ses05F_impro01,5,Ses05F_impro01_F005,unknown,Would you be able to put me at the front of that line?,,,frustrated
test,Ses05F_impro01,6,Ses05F_impro01_F006,unknown,I know.  I've been in line with these people.  I understand.  I understand what it's like.  Could you please like call over and-,,,frustrated
test,Ses05F_impro01,7,Ses05F_impro01_F007,unknown,"I hear that.  I hear that.  Thank you, but I've waited in line for so long, and I don't want to have to be here all day.",,,frustrated
test,Ses05F_impro01,8,Ses05F_impro01_F008,unknown,"So could I maybe get the form from you, fill it out here- and maybe you could-",,,neutral
test,Ses05F_impro01,9,Ses05F_impro01_F009,unknown,And how long is that going to take?,,,frustrated
test,Ses05F_impro01,10,Ses05F_impro01_F010,unknown,I don't-,,,frustrated
test,Ses05F_impro01,11,Ses05F_impro01_F011,unknown,"I don't have time for this today, and-",,,frustrated
test,Ses05F_impro01,12,Ses05F_impro01_F012,unknown,"Is there anything you can do?  Please, have some compassion.  Is there something you can do?",,,frustrated
test,Ses05F_impro01,13,Ses05F_impro01_F013,unknown,"Please, I don't think that's necessary.  I'm just asking, maybe you could call over and say that somebody miss informed her because I didn't pick to stand in this line.  I asked them where to stand, and they told me here.",,,frustrated
test,Ses05F_impro01,14,Ses05F_impro01_F014,unknown,"No, they did.  The lady over there told me to stand in this line and I've been here for an hour.",,,frustrated
test,Ses05F_impro01,15,Ses05F_impro01_F015,unknown,No.,,,frustrated
test,Ses05F_impro01,16,Ses05F_impro01_F016,unknown,"No, I'm not, I'm sorry.I'm not stupid.",,,frustrated
test,Ses05F_impro01,17,Ses05F_impro01_F017,unknown,Isn't there anything you can do?  Just call over and ask them if I can go to the front of the line in the other line.,,,anger
test,Ses05F_impro01,18,Ses05F_impro01_F018,unknown,Why not?,,,anger
test,Ses05F_impro01,19,Ses05F_impro01_F019,unknown,"Except they're going tell, are you going to tell me the right line to stand in this time at least?",,,frustrated
test,Ses05F_impro01,20,Ses05F_impro01_F020,unknown,"Right, well, last time they told me, it was this line, and obviously, it's not true.",,,anger
test,Ses05F_impro01,21,Ses05F_impro01_F021,unknown,Do you have a manager I could speak with?,,,frustrated
test,Ses05F_impro01,22,Ses05F_impro01_F022,unknown,Are you being straight with me?,,,frustrated
test,Ses05F_impro01,23,Ses05F_impro01_F023,unknown,Fine.,,,frustrated
test,Ses05F_impro01,0,Ses05F_impro01_M000,unknown,"ahh Yeah, this is the wrong line.  I'm sorry.  You need to go back over to line two B.  That's where you should have started from.",,,neutral
test,Ses05F_impro01,3,Ses05F_impro01_M003,unknown,"Well, I have no camera here.  I can't help you at all here, ma'am.  I have forms for something completely different.  You need to go to a different place.",,,neutral
test,Ses05F_impro01,4,Ses05F_impro01_M004,unknown,"Simply step to line two A, ma'am, I'm sorry.",,,frustrated
test,Ses05F_impro01,5,Ses05F_impro01_M005,unknown,There is a large line of people behind you waiting to be--,,,frustrated
test,Ses05F_impro01,6,Ses05F_impro01_M006,unknown,"I don't want to be rude here, ma'am, but line two B is where you need to be.  This is the line for registration.",,,frustrated
test,Ses05F_impro01,7,Ses05F_impro01_M007,unknown,I don't have those-,,,frustrated
test,Ses05F_impro01,8,Ses05F_impro01_M008,unknown,"I don't have those forms, ma'am.  I can't help you.  That's why you need to go to line two A.",,,frustrated
test,Ses05F_impro01,9,Ses05F_impro01_M009,unknown,"Ma'am, obviously I have no idea how long it's taking.  There seems to be a bit of a line there.  It looks like thirty forty people.  It could take four to five hours.  I'm sorry.",,,frustrated
test,Ses05F_impro01,10,Ses05F_impro01_M010,unknown,"There's nothing I can do for you, ma'am.",,,frustrated
test,Ses05F_impro01,11,Ses05F_impro01_M011,unknown,"But, obviously I don't have time for you to stand here and waste my time in this line.  There are other people who need service behind you who are waiting for the right things.",,,frustrated
test,Ses05F_impro01,12,Ses05F_impro01_M012,unknown,"I am a very compassionate person, and I'm offended that you imply that I'm not.  Of course, I'm compassionate.  Look, I work in the D.M.V..  What do you think I am?  Go wait in line two A.",,,frustrated
test,Ses05F_impro01,13,Ses05F_impro01_M013,unknown,Don't ask me to have somebody else come over here and move you myself.  I can't come back over there.  I'll get security if you need me to.,,,frustrated
test,Ses05F_impro01,14,Ses05F_impro01_M014,unknown,"what, no, I'm sure they did not tell you here.",,,frustrated
test,Ses05F_impro01,15,Ses05F_impro01_M015,unknown,"what The lady, what? the janitor?",,,frustrated
test,Ses05F_impro01,17,Ses05F_impro01_M017,unknown,"I'm not saying that you're stupid, ma'am.  I think you just said that you were stupid.",,,frustrated
test,Ses05F_impro01,18,Ses05F_impro01_M018,unknown,"It doesn't work that way here, ma'am.",,,frustrated
test,Ses05F_impro01,19,Ses05F_impro01_M019,unknown,There is a strict system here.  You need to wait in the right line for the right thing.  This is the line for registration.,,,frustrated
test,Ses05F_impro01,20,Ses05F_impro01_M020,unknown,I told you it was line two A.,,,frustrated
test,Ses05F_impro01,21,Ses05F_impro01_M021,unknown,I don't know who told you that but they were wrong.  I'm sorry.,,,frustrated
test,Ses05F_impro01,23,Ses05F_impro01_M023,unknown,"I'm being very straight with you, ma'am.  There is nothing I can do for you.  You need to stand in line two A.",,,frustrated
test,Ses05F_impro02,1,Ses05F_impro02_F001,unknown,um.,,,sadness
test,Ses05F_impro02,2,Ses05F_impro02_F002,unknown,I'm sorry.  It's just a lot ahh to explain. ahh I got a call--,,,sadness
test,Ses05F_impro02,4,Ses05F_impro02_F004,unknown,"I got a call today,",,,sadness
test,Ses05F_impro02,5,Ses05F_impro02_F005,unknown,I'm going to need to go overseas for a while.,,,sadness
test,Ses05F_impro02,6,Ses05F_impro02_F006,unknown,Iraq.,,,fea
test,Ses05F_impro02,8,Ses05F_impro02_F008,unknown,"I don't know ""sigh"".",,,sadness
test,Ses05F_impro02,9,Ses05F_impro02_F009,unknown,I know.  I know.,,,sadness
test,Ses05F_impro02,10,Ses05F_impro02_F010,unknown,"I know.  Well, we'll have to figure all that out.  I mean, I think the Army's going to provide childcare and help us out with that. um.",,,sadness
test,Ses05F_impro02,11,Ses05F_impro02_F011,unknown,Iraq.,,,sadness
test,Ses05F_impro02,12,Ses05F_impro02_F012,unknown,I think infantry.  I'm not sure.,,,sadness
test,Ses05F_impro02,13,Ses05F_impro02_F013,unknown,"It's going to be at least six months, probably a year. I tried.",,,frustrated
test,Ses05F_impro02,14,Ses05F_impro02_F014,unknown,"I know, I know.  It's really, really messed up.",,,frustrated
test,Ses05F_impro02,17,Ses05F_impro02_F017,unknown,"Well, maybe you should move in with my mom and she can help.",,,frustrated
test,Ses05F_impro02,18,Ses05F_impro02_F018,unknown,"I don't know, I'm just--I'm trying to think of something.",,,frustrated
test,Ses05F_impro02,20,Ses05F_impro02_F020,unknown,You can't what?,,,frustrated
test,Ses05F_impro02,21,Ses05F_impro02_F021,unknown,I don't think there's anything we can do.,,,sadness
test,Ses05F_impro02,23,Ses05F_impro02_F023,unknown,I know.  I know it's not fair.,,,sadness
test,Ses05F_impro02,24,Ses05F_impro02_F024,unknown,"Well, apparently nobody else can go.",,,sadness
test,Ses05F_impro02,25,Ses05F_impro02_F025,unknown,"I don't know.  Baby, why are you asking me this?  It's just as hard for me.  Please, try to understand that.",,,frustrated
test,Ses05F_impro02,26,Ses05F_impro02_F026,unknown,"I understand, baby.  I'm sorry. I mean try to understand I'm I'm scared myself.",,,frustrated
test,Ses05F_impro02,27,Ses05F_impro02_F027,unknown,I know.,,,sadness
test,Ses05F_impro02,28,Ses05F_impro02_F028,unknown,I know.,,,sadness
test,Ses05F_impro02,29,Ses05F_impro02_F029,unknown,We'll figure something out.  We just have to ... we just have to think about this.  Could any of your family help us?,,,sadness
test,Ses05F_impro02,31,Ses05F_impro02_F031,unknown,I'm going to miss their first words.,,,sadness
test,Ses05F_impro02,32,Ses05F_impro02_F032,unknown,You'll have to send me pictures and letters everyday.,,,sadness
test,Ses05F_impro02,34,Ses05F_impro02_F034,unknown,"Yeah, as much as I can.",,,sadness
test,Ses05F_impro02,35,Ses05F_impro02_F035,unknown,"""sigh"" Three weeks.",,,sadness
test,Ses05F_impro02,36,Ses05F_impro02_F036,unknown,Yeah.,,,sadness
test,Ses05F_impro02,37,Ses05F_impro02_F037,unknown,Yeah.,,,sadness
test,Ses05F_impro02,38,Ses05F_impro02_F038,unknown,"I love you.  I'm going to miss you so much. ""sigh""",,,sadness
test,Ses05F_impro02,0,Ses05F_impro02_M000,unknown,What is it?,,,neutral
test,Ses05F_impro02,4,Ses05F_impro02_M004,unknown,You got called up.,,,anger
test,Ses05F_impro02,5,Ses05F_impro02_M005,unknown,I thought you said this wasn't going to happen for at least a year.,,,anger
test,Ses05F_impro02,6,Ses05F_impro02_M006,unknown,What am I going to do?,,,frustrated
test,Ses05F_impro02,8,Ses05F_impro02_M008,unknown,The kids-,,,frustrated
test,Ses05F_impro02,10,Ses05F_impro02_M010,unknown,Where do you have to go?  Where are you going?,,,anger
test,Ses05F_impro02,14,Ses05F_impro02_M014,unknown,I don't understand why they would just do something like this?,,,anger
test,Ses05F_impro02,15,Ses05F_impro02_M015,unknown,It doesn't make any sense.  It's stupid.  I told you you shouldn't go in the Army.,,,anger
test,Ses05F_impro02,16,Ses05F_impro02_M016,unknown,I don't know I don't know what I'm going to do.  I don't know how to-,,,frustrated
test,Ses05F_impro02,19,Ses05F_impro02_M019,unknown,"Your Your mom, you want me to move in with your mom?",,,sur
test,Ses05F_impro02,24,Ses05F_impro02_M024,unknown,I'll tell them I'm sick and that you can't leave something.,,,sadness
test,Ses05F_impro02,25,Ses05F_impro02_M025,unknown,It's not fair.,,,sadness
test,Ses05F_impro02,26,Ses05F_impro02_M026,unknown,Why has to be you?  There's all those other people.  Somebody else can go instead.  It's not right.,,,sadness
test,Ses05F_impro02,29,Ses05F_impro02_M029,unknown,I understand.  I'm worried about you.  I don't know what's going to happen to you.,,,sadness
test,Ses05F_impro02,31,Ses05F_impro02_M031,unknown,I jus-,,,sadness
test,Ses05F_impro02,32,Ses05F_impro02_M032,unknown,I don't know.,,,sadness
test,Ses05F_impro02,33,Ses05F_impro02_M033,unknown,Yeah.  I guess.  I don't know what they're going to say.,,,sadness
test,Ses05F_impro02,34,Ses05F_impro02_M034,unknown,"Yeah, we'll call them.  We'll figure something out.  I'm sorry, I'm sorry, I'm sorry.  You're right.",,,sadness
test,Ses05F_impro02,35,Ses05F_impro02_M035,unknown,I know.,,,sadness
test,Ses05F_impro02,36,Ses05F_impro02_M036,unknown,"All the time, every day, every day.  They have e-mail over there and stuff like that, right? I can send you pictures.",,,sadness
test,Ses05F_impro02,39,Ses05F_impro02_M039,unknown,Three weeks?,,,sur
test,Ses05F_impro02,41,Ses05F_impro02_M041,unknown,I love you.,,,sadness
test,Ses05F_impro03,0,Ses05F_impro03_F000,unknown,"Okay, so big news.",,,excited
test,Ses05F_impro03,1,Ses05F_impro03_F001,unknown,I'm getting married.,,,excited
test,Ses05F_impro03,2,Ses05F_impro03_F002,unknown,Yeah.,,,excited
test,Ses05F_impro03,3,Ses05F_impro03_F003,unknown,Yeah.,,,excited
test,Ses05F_impro03,4,Ses05F_impro03_F004,unknown,Uh-huh.,,,excited
test,Ses05F_impro03,5,Ses05F_impro03_F005,unknown,Just a couple days ago.,,,excited
test,Ses05F_impro03,7,Ses05F_impro03_F007,unknown,I know me neither.,,,excited
test,Ses05F_impro03,8,Ses05F_impro03_F008,unknown,"Right, I thought I would be way older too. I thought I would be I be at least thirty something.",,,excited
test,Ses05F_impro03,9,Ses05F_impro03_F009,unknown,Yeah.,,,excited
test,Ses05F_impro03,11,Ses05F_impro03_F011,unknown,Sorry.,,,excited
test,Ses05F_impro03,20,Ses05F_impro03_F020,unknown,"Yeah.  Yeah, of course.",,,excited
test,Ses05F_impro03,27,Ses05F_impro03_F027,unknown,"It's so weird too, right, that like you can grow up so near somebody and never know them until you travel hundreds of miles away.",,,joy
test,Ses05F_impro03,28,Ses05F_impro03_F028,unknown,I know,,,joy
test,Ses05F_impro03,29,Ses05F_impro03_F029,unknown,"Right, being like oh, where are you from?  The U.S.  Where in the U.S.?  Chicago.  Where in Chicago?",,,joy
test,Ses05F_impro03,30,Ses05F_impro03_F030,unknown,"Knowing the neighborhood.  Yeah, it's pretty bizarre.",,,joy
test,Ses05F_impro03,31,Ses05F_impro03_F031,unknown,Yeah.,,,joy
test,Ses05F_impro03,32,Ses05F_impro03_F032,unknown,Mm-hmm.,,,joy
test,Ses05F_impro03,33,Ses05F_impro03_F033,unknown,"Yeah, she loves him.",,,joy
test,Ses05F_impro03,34,Ses05F_impro03_F034,unknown,"Yeah, she-yeah, that's my type.",,,joy
test,Ses05F_impro03,35,Ses05F_impro03_F035,unknown,Thank you.,,,joy
test,Ses05F_impro03,36,Ses05F_impro03_F036,unknown,[LAUGHTER],,,joy
test,Ses05F_impro03,37,Ses05F_impro03_F037,unknown,"Yeah, we all have to hang out now.",,,excited
test,Ses05F_impro03,39,Ses05F_impro03_F039,unknown,Sorry.,,,joy
test,Ses05F_impro03,40,Ses05F_impro03_F040,unknown,There's still time for that.,,,joy
test,Ses05F_impro03,41,Ses05F_impro03_F041,unknown,[BREATHING],,,joy
test,Ses05F_impro03,42,Ses05F_impro03_F042,unknown,I know. I can't believe it.,,,excited
test,Ses05F_impro03,43,Ses05F_impro03_F043,unknown,I am very excited,,,excited
test,Ses05F_impro03,46,Ses05F_impro03_F046,unknown,I have to think about moving now.  We're going to move in together,,,joy
test,Ses05F_impro03,47,Ses05F_impro03_F047,unknown,I think it's a good idea to live together before you get married.,,,joy
test,Ses05F_impro03,48,Ses05F_impro03_F048,unknown,"I don't want a house, I mean just-",,,joy
test,Ses05F_impro03,49,Ses05F_impro03_F049,unknown,L.A. apartment is fine.,,,joy
test,Ses05F_impro03,51,Ses05F_impro03_F051,unknown,"Two artists, though.  We're bound to be poor forever.",,,joy
test,Ses05F_impro03,53,Ses05F_impro03_F053,unknown,Definitely not for a while,,,joy
test,Ses05F_impro03,54,Ses05F_impro03_F054,unknown,yeah.,,,joy
test,Ses05F_impro03,55,Ses05F_impro03_F055,unknown,[LAUGHTER] Good luck.,,,joy
test,Ses05F_impro03,56,Ses05F_impro03_F056,unknown,"You won't have trouble, You won't have trouble.",,,joy
test,Ses05F_impro03,57,Ses05F_impro03_F057,unknown,"You should just approach her like that.  Hey, will you bear my children?",,,joy
test,Ses05F_impro03,58,Ses05F_impro03_F058,unknown,"Yeah, totally.",,,joy
test,Ses05F_impro03,59,Ses05F_impro03_F059,unknown,Total turn on.,,,joy
test,Ses05F_impro03,60,Ses05F_impro03_F060,unknown,[LAUGHTER],,,joy
test,Ses05F_impro03,0,Ses05F_impro03_M000,unknown,What?,,,excited
test,Ses05F_impro03,1,Ses05F_impro03_M001,unknown,"Come on, what?",,,excited
test,Ses05F_impro03,2,Ses05F_impro03_M002,unknown,Shut up.,,,sur
test,Ses05F_impro03,3,Ses05F_impro03_M003,unknown,No way.,,,excited
test,Ses05F_impro03,5,Ses05F_impro03_M005,unknown,"No way, when? when,when, When did it happen?",,,excited
test,Ses05F_impro03,6,Ses05F_impro03_M006,unknown,Oh my gosh.,,,excited
test,Ses05F_impro03,7,Ses05F_impro03_M007,unknown,And you actually said yes.  I can't believe it.  I never thought you would get married.,,,excited
test,Ses05F_impro03,8,Ses05F_impro03_M008,unknown,Oh my gosh.,,,excited
test,Ses05F_impro03,9,Ses05F_impro03_M009,unknown,Oh absolutely.,,,excited
test,Ses05F_impro03,10,Ses05F_impro03_M010,unknown,"Well, we always said we'd be in our thirtieth when we got married. And we were going to get married to each other if we didn't by then",,,excited
test,Ses05F_impro03,11,Ses05F_impro03_M011,unknown,"Thirty nine, yeah.  I can't believe it.  So you broke our pact. Thanks a lot.",,,excited
test,Ses05F_impro03,12,Ses05F_impro03_M012,unknown,"Thanks a lot.  Well, okay, you've got to tell me the details.  What did he say?  Where was it?  What happened?",,,excited
test,Ses05F_impro03,13,Ses05F_impro03_M013,unknown,"Okay.  That's okay, spontaneous is great.  Spontaneous is awesome.",,,excited
test,Ses05F_impro03,20,Ses05F_impro03_M020,unknown,Am I in it?,,,excited
test,Ses05F_impro03,27,Ses05F_impro03_M027,unknown,"Cool, perfect.  Another Chicagoite, got to love it.",,,excited
test,Ses05F_impro03,30,Ses05F_impro03_M030,unknown,[LAUGHTER] I am sil,,,joy
test,Ses05F_impro03,31,Ses05F_impro03_M031,unknown,And now you're getting married.,,,excited
test,Ses05F_impro03,32,Ses05F_impro03_M032,unknown,That is amazing.  You must be so excited.  Did you tell your mom?,,,excited
test,Ses05F_impro03,33,Ses05F_impro03_M033,unknown,"Oh, did she cry?",,,excited
test,Ses05F_impro03,35,Ses05F_impro03_M035,unknown,[BREATHING],,,excited
test,Ses05F_impro03,36,Ses05F_impro03_M036,unknown,you.. I can't believe it.  I'm so happy for you.  This is exactly what you wanted.  It's your dream come true.,,,excited
test,Ses05F_impro03,37,Ses05F_impro03_M037,unknown,"The exact right guy, I fully approve.  He's a wonderful guy.  We have a great time.  He can drink.  That's awesome.",,,excited
test,Ses05F_impro03,38,Ses05F_impro03_M038,unknown,[LAUGHTER],,,joy
test,Ses05F_impro03,39,Ses05F_impro03_M039,unknown,"Of course, of course she will ... of course she will.  Yeah, don't go and disappear like everyone else after they get married and I never see them again.  That'll make me mad.  You don't want to make me mad.  You know how I get when I get mad.",,,excited
test,Ses05F_impro03,40,Ses05F_impro03_M040,unknown,Exactly.,,,joy
test,Ses05F_impro03,41,Ses05F_impro03_M041,unknown,"Exactly, ""laugh"".",,,joy
test,Ses05F_impro03,43,Ses05F_impro03_M043,unknown,"Oh, thanks. move here before you get married [LAUGHTER]",,,excited
test,Ses05F_impro03,44,Ses05F_impro03_M044,unknown,"Perfect, okay, good. ""sigh""",,,excited
test,Ses05F_impro03,45,Ses05F_impro03_M045,unknown,"I don't feel so bad then.  Well, I'm excited for you.",,,excited
test,Ses05F_impro03,46,Ses05F_impro03_M046,unknown,I can't believe it.,,,excited
test,Ses05F_impro03,49,Ses05F_impro03_M049,unknown,So I was one of the first ones? That makes me feel so important.,,,joy
test,Ses05F_impro03,50,Ses05F_impro03_M050,unknown,"Oh yeah, of course.",,,excited
test,Ses05F_impro03,51,Ses05F_impro03_M051,unknown,"I think so, too.  Are you going to get a house or-",,,excited
test,Ses05F_impro03,57,Ses05F_impro03_M057,unknown,yeah.,,,joy
test,Ses05F_impro03,58,Ses05F_impro03_M058,unknown,yeah.,,,joy
test,Ses05F_impro03,60,Ses05F_impro03_M060,unknown,[LAUGHTER],,,joy
test,Ses05F_impro03,61,Ses05F_impro03_M061,unknown,"Oh, thanks.  I'll need it.",,,joy
test,Ses05F_impro03,62,Ses05F_impro03_M062,unknown,"Oh thanks, you're too nice",,,joy
test,Ses05F_impro03,63,Ses05F_impro03_M063,unknown,just being polite now,,,joy
test,Ses05F_impro03,64,Ses05F_impro03_M064,unknown,because I am not getting married.,,,joy
test,Ses05F_impro03,65,Ses05F_impro03_M065,unknown,"Exactly, [LAUGHTER] I think that'll go over great, don't you?",,,joy
test,Ses05F_impro03,66,Ses05F_impro03_M066,unknown,"That's what girls like, right?",,,joy
test,Ses05F_impro03,67,Ses05F_impro03_M067,unknown,Would you mind popping out a few for me?,,,joy
test,Ses05F_impro03,68,Ses05F_impro03_M068,unknown,"That'd be great, thanks.",,,joy
test,Ses05F_impro04,0,Ses05F_impro04_F000,unknown,"Brian, I need help.",,,sadness
test,Ses05F_impro04,2,Ses05F_impro04_F002,unknown,"I don't know.  I mean, what am I supposed to do? I've It's not for lack of effort.  I've been trying.",,,frustrated
test,Ses05F_impro04,3,Ses05F_impro04_F003,unknown,How did you get a job?  What am I - What am I supposed to do?,,,frustrated
test,Ses05F_impro04,4,Ses05F_impro04_F004,unknown,"I mean, I just don't--I don't know.  If you don't have a lot of qualification, where do you - where do you find work?  It's like L.A. is so frustrating because if you don't know somebody, you can't -you can't get a job.  It's impossible.  It's totally discriminatory.  You have to know somebody.",,,frustrated
test,Ses05F_impro04,5,Ses05F_impro04_F005,unknown,It's not fair.,,,frustrated
test,Ses05F_impro04,6,Ses05F_impro04_F006,unknown,That's fine.  I'd be willing to start anywhere.  I can't get a job.,,,frustrated
test,Ses05F_impro04,7,Ses05F_impro04_F007,unknown,"I mean, on six seven and five an hour does not - does not pay the bills I mean.",,,frustrated
test,Ses05F_impro04,8,Ses05F_impro04_F008,unknown,I still can't live on in six seven and five.  It's not possible in Los Angeles.  Housing is too expensive.,,,anger
test,Ses05F_impro04,9,Ses05F_impro04_F009,unknown,"I mean I can do the McDonald's thing for a while as humiliating as that is, but I mean then what?  I mean You can't exactly move up in that kind of industry.",,,frustrated
test,Ses05F_impro04,10,Ses05F_impro04_F010,unknown,"Oh come on, that's not what I envisioned for myself. Honestly, would you settle for being a manager at McDonalds?",,,frustrated
test,Ses05F_impro04,11,Ses05F_impro04_F011,unknown,This is humiliating.,,,frustrated
test,Ses05F_impro04,12,Ses05F_impro04_F012,unknown,"No, I don't I don't want to accept that.  I think that's bullshit.",,,frustrated
test,Ses05F_impro04,13,Ses05F_impro04_F013,unknown,I don't know.  I feel like I've tried everything.,,,frustrated
test,Ses05F_impro04,14,Ses05F_impro04_F014,unknown,Three years of going out every day--every day--and looking for a job and being constantly denied everywhere I go.,,,frustrated
test,Ses05F_impro04,15,Ses05F_impro04_F015,unknown,I'm just so scared to start over I mean.  I put so much time and energy into being here.,,,sadness
test,Ses05F_impro04,16,Ses05F_impro04_F016,unknown,"Where am I supposed to go?  I mean, like what?",,,sadness
test,Ses05F_impro04,17,Ses05F_impro04_F017,unknown,I don't know. Maybe I can take out a loan. I just- I need prospects and I don't feel like I have any.,,,sadness
test,Ses05F_impro04,19,Ses05F_impro04_F019,unknown,I'm just worried.,,,sadness
test,Ses05F_impro04,20,Ses05F_impro04_F020,unknown,It's three years.,,,frustrated
test,Ses05F_impro04,22,Ses05F_impro04_F022,unknown,That's really hard to hear.,,,sadness
test,Ses05F_impro04,23,Ses05F_impro04_F023,unknown,I feel like I have faith and now faith is running thin because there is no money.,,,sadness
test,Ses05F_impro04,24,Ses05F_impro04_F024,unknown,"Brian, I don't think you have a concept of what I mean by- by money.  I don't mean money like oh, I can't go get my hair and my nails done today, I mean like I can't eat.",,,frustrated
test,Ses05F_impro04,26,Ses05F_impro04_F026,unknown,I just-- I,,,frustrated
test,Ses05F_impro04,28,Ses05F_impro04_F028,unknown,"Yeah, I don't intend to stop trying.  I just--I don't when is when enough is enough.",,,frustrated
test,Ses05F_impro04,29,Ses05F_impro04_F029,unknown,I don't know.,,,frustrated
test,Ses05F_impro04,30,Ses05F_impro04_F030,unknown,"Yeah, and I look nice and I'm you know--",,,frustrated
test,Ses05F_impro04,31,Ses05F_impro04_F031,unknown,charismatic.,,,frustrated
test,Ses05F_impro04,32,Ses05F_impro04_F032,unknown,"yah, to-totally, and I'm not--",,,frustrated
test,Ses05F_impro04,33,Ses05F_impro04_F033,unknown,"Yeah, I always think so, but I- I just feel like it's a lot of lip service everywhere I go.",,,frustrated
test,Ses05F_impro04,34,Ses05F_impro04_F034,unknown,"Yeah, I follow up.",,,frustrated
test,Ses05F_impro04,35,Ses05F_impro04_F035,unknown,It's just like- it's a matter of-,,,frustrated
test,Ses05F_impro04,36,Ses05F_impro04_F036,unknown,"not tall enough, not pretty enough, not--you know how this place is.",,,frustrated
test,Ses05F_impro04,37,Ses05F_impro04_F037,unknown,"I mean, anything.",,,frustrated
test,Ses05F_impro04,38,Ses05F_impro04_F038,unknown,"Well, I'd like to be a working actor.",,,neutral
test,Ses05F_impro04,39,Ses05F_impro04_F039,unknown,But um--,,,neutral
test,Ses05F_impro04,40,Ses05F_impro04_F040,unknown,Yeah.,,,neutral
test,Ses05F_impro04,41,Ses05F_impro04_F041,unknown,"Bartending, catering.",,,neutral
test,Ses05F_impro04,42,Ses05F_impro04_F042,unknown,Would you be willing to make some more calls on my behalf? I won't--I won't make you look bad.,,,sadness
test,Ses05F_impro04,43,Ses05F_impro04_F043,unknown,yeah.,,,neutral
test,Ses05F_impro04,44,Ses05F_impro04_F044,unknown,Thank you.,,,neutral
test,Ses05F_impro04,45,Ses05F_impro04_F045,unknown,"I will, I will.",,,neutral
test,Ses05F_impro04,0,Ses05F_impro04_M000,unknown,"Babe, I don't know what to tell you.  Don't give up.",,,neutral
test,Ses05F_impro04,1,Ses05F_impro04_M001,unknown,"Well, of course not, but what are you going to do if you move back home?  Are you going to be able to find a job there?",,,neutral
test,Ses05F_impro04,2,Ses05F_impro04_M002,unknown,"I wish I had some answers for you, babe.  I mean-I don't know what to tell you.",,,frustrated
test,Ses05F_impro04,3,Ses05F_impro04_M003,unknown,I went to school and I got my degree.  And I got a job.,,,neutral
test,Ses05F_impro04,4,Ses05F_impro04_M004,unknown,Nothing's impossible.,,,neutral
test,Ses05F_impro04,5,Ses05F_impro04_M005,unknown,You have to be willing - You have to be willing to start you know at the bottom and work your way up. and,,,neutral
test,Ses05F_impro04,6,Ses05F_impro04_M006,unknown,I,,,frustrated
test,Ses05F_impro04,7,Ses05F_impro04_M007,unknown,"No, it doesn't pay the bills, but it would pay something.  And it would help you get somewhere else.",,,neutral
test,Ses05F_impro04,8,Ses05F_impro04_M008,unknown,"and No, I understand, but you've got to start somewhere.  It's better than nothing and that's all you have.  You have nothing right now.",,,neutral
test,Ses05F_impro04,9,Ses05F_impro04_M009,unknown,"Wait, You can move up.  There's management programs in McDonalds and things like that.",,,neutral
test,Ses05F_impro04,10,Ses05F_impro04_M010,unknown,"[GARBAGE] No, I wouldn't, but I--",,,neutral
test,Ses05F_impro04,11,Ses05F_impro04_M011,unknown,"Well, you know what?  Life gets humili... humiliating at times.",,,neutral
test,Ses05F_impro04,12,Ses05F_impro04_M012,unknown,"Well, what are you going to do about it to make it different?",,,neutral
test,Ses05F_impro04,13,Ses05F_impro04_M013,unknown,Have you?  There's got to be something else.,,,neutral
test,Ses05F_impro04,14,Ses05F_impro04_M014,unknown,"I don't know what to tell you, babe. Maybe- Maybe you're right.  Maybe you do have to go someplace else.  I don't know, maybe it's just not meant to be here.  I mean I want you to-I don't want you to give up, but I mean I don't want you to move away, but at the same time, I don't like seeing you like this.",,,frustrated
test,Ses05F_impro04,15,Ses05F_impro04_M015,unknown,"If it's rent or something like that, I mean I can help you out a little bit, if- if that will help you you know stick with it.",,,neutral
test,Ses05F_impro04,16,Ses05F_impro04_M016,unknown,"Well, just don't give up. And there's- you know, You never know, something might be around the corner tomorrow.",,,neutral
test,Ses05F_impro04,17,Ses05F_impro04_M017,unknown,"Well, you know I'm not going to let you starve.",,,neutral
test,Ses05F_impro04,19,Ses05F_impro04_M019,unknown,"I understand, but you know what, you've been negative for three years.",,,frustrated
test,Ses05F_impro04,20,Ses05F_impro04_M020,unknown,"It's the way it seems to me.  You started complaining about not being able to find a job the first day you went out and didn't find a job.  And I'm not saying like and not trying to you know put you down or anything, it's just that-",,,neutral
test,Ses05F_impro04,21,Ses05F_impro04_M021,unknown,"But it's true, babe.  You've got to be more positive about things.  Like- Have some faith in yourself.",,,frustrated
test,Ses05F_impro04,22,Ses05F_impro04_M022,unknown,"Well, exactly.  Money is not everything.",,,neutral
test,Ses05F_impro04,23,Ses05F_impro04_M023,unknown,You can.,,,frustrated
test,Ses05F_impro04,24,Ses05F_impro04_M024,unknown,You know I would never let that happen.  I wouldn't let that happen.,,,neutral
test,Ses05F_impro04,25,Ses05F_impro04_M025,unknown,"You can always stay with me if you- if you have to stay with me for a while and get yourself back up on your feet again.  You know I'm not just going to you know just throw you to the wolves or something like that.  If there's any way I can help you, I will.",,,neutral
test,Ses05F_impro04,26,Ses05F_impro04_M026,unknown,But you have to keep trying.  You can't give up.,,,neutral
test,Ses05F_impro04,27,Ses05F_impro04_M027,unknown,"And you've got to think--well, ask yourself why are they not hiring you?",,,neutral
test,Ses05F_impro04,28,Ses05F_impro04_M028,unknown,I mean are you going in for interviews?,,,neutral
test,Ses05F_impro04,29,Ses05F_impro04_M029,unknown,Are you presenting-,,,neutral
test,Ses05F_impro04,30,Ses05F_impro04_M030,unknown,putting your best foot forward? or you,,,neutral
test,Ses05F_impro04,31,Ses05F_impro04_M031,unknown,"Do they seem to like you? I mean, Can you get any read from them?",,,neutral
test,Ses05F_impro04,32,Ses05F_impro04_M032,unknown,Have you ever called them back and asked why you didn't get the job?,,,neutral
test,Ses05F_impro04,33,Ses05F_impro04_M033,unknown,Do they give you any specifics as to why they didn't go with you?,,,neutral
test,Ses05F_impro04,34,Ses05F_impro04_M034,unknown,"Yeah, I understand. maybe What jobs are we talking about?",,,neutral
test,Ses05F_impro04,35,Ses05F_impro04_M035,unknown,Like- What's your ideal job?  What do you want to do?,,,neutral
test,Ses05F_impro04,36,Ses05F_impro04_M036,unknown,Of course.,,,neutral
test,Ses05F_impro04,37,Ses05F_impro04_M037,unknown,"Everyone wants to be a working actor, but they all work at something else.",,,neutral
test,Ses05F_impro04,38,Ses05F_impro04_M038,unknown,So what's the something else?,,,neutral
test,Ses05F_impro04,39,Ses05F_impro04_M039,unknown,"You can't get a catering gig?  Well, I can call some friends.  I- Well, I did call some friends before, but you went in once and then never went back.",,,neutral
test,Ses05F_impro04,40,Ses05F_impro04_M040,unknown,If I- If you- Will you stick with it?,,,neutral
test,Ses05F_impro04,41,Ses05F_impro04_M041,unknown,"Okay.  Okay, I'll call some people.",,,neutral
test,Ses05F_impro04,42,Ses05F_impro04_M042,unknown,"But you've got to keep looking for other stuff. You've got to do it on your own, too.  Okay?",,,neutral
test,Ses05F_impro04,43,Ses05F_impro04_M043,unknown,You know I'll always help you.,,,neutral
test,Ses05F_impro05,0,Ses05F_impro05_F000,unknown,"Hi,um- I think my baggage was lost, and I need to I guess file a claim or I don't know what.",,,neutral
test,Ses05F_impro05,1,Ses05F_impro05_F001,unknown,Um-Seventeen. Coming from --,,,neutral
test,Ses05F_impro05,2,Ses05F_impro05_F002,unknown,It was Virgin Atlantic coming from London.,,,neutral
test,Ses05F_impro05,3,Ses05F_impro05_F003,unknown,"Yeah, I don't know where it was lost.  I was coming from Africa, so.",,,frustrated
test,Ses05F_impro05,4,Ses05F_impro05_F004,unknown,Right.,,,neutral
test,Ses05F_impro05,5,Ses05F_impro05_F005,unknown,Yeah.,,,neutral
test,Ses05F_impro05,6,Ses05F_impro05_F006,unknown,That's good.,,,neutral
test,Ses05F_impro05,7,Ses05F_impro05_F007,unknown,"Well, I can't leave without it. I mean, Could you find out?",,,neutral
test,Ses05F_impro05,8,Ses05F_impro05_F008,unknown,"Right, well can you get on the computer maybe and like track it down and see when it's going to get here?",,,frustrated
test,Ses05F_impro05,9,Ses05F_impro05_F009,unknown,"Yes, sir, I know what my bag looks like.",,,frustrated
test,Ses05F_impro05,10,Ses05F_impro05_F010,unknown,Um- It's a travel backpack.  It's green and gray.  It's got my name on it and my information.,,,neutral
test,Ses05F_impro05,11,Ses05F_impro05_F011,unknown,"No, it didn't turn up at the baggage claim.",,,frustrated
test,Ses05F_impro05,12,Ses05F_impro05_F012,unknown,I mean we've gone through all of this.  I've been to five people already who--,,,frustrated
test,Ses05F_impro05,13,Ses05F_impro05_F013,unknown,Okay.,,,frustrated
test,Ses05F_impro05,14,Ses05F_impro05_F014,unknown,"Yes, lots of really like -- sentimental value only, but--",,,frustrated
test,Ses05F_impro05,17,Ses05F_impro05_F017,unknown,Does this happen often?  Do they--you just lose baggage and you just offer people money for it?,,,frustrated
test,Ses05F_impro05,18,Ses05F_impro05_F018,unknown,Uh- Not lose the baggage in the first place. I mean You're offering a service here. I paid so much money for that ticket.,,,anger
test,Ses05F_impro05,19,Ses05F_impro05_F019,unknown,"No, but I mean like why can't- why can't you find it?  Where did it go?  Who lost it?",,,anger
test,Ses05F_impro05,20,Ses05F_impro05_F020,unknown,"Well, I just-I paid so much money for this ticket.  I feel like you guys should be able to get-to offer me more than a fifty dollar voucher.",,,anger
test,Ses05F_impro05,21,Ses05F_impro05_F021,unknown,"Yeah, meaning I didn't die in a fiery plane crash.  How convenient, but um- I paid two thousand dollar to ride your airline, and I would really appreciate getting my bags there to my destination in one place.",,,anger
test,Ses05F_impro05,22,Ses05F_impro05_F022,unknown,"Right, but part of the agreement is that I'm paying so that I can take myself and my belongings with me.",,,anger
test,Ses05F_impro05,23,Ses05F_impro05_F023,unknown,And that you're going to transport them safely from one place to another.,,,anger
test,Ses05F_impro05,24,Ses05F_impro05_F024,unknown,"That's all you can offer me? I mean, my the stuff in there is worth way more than fifty dollar.",,,anger
test,Ses05F_impro05,26,Ses05F_impro05_F026,unknown,Why do I need flight insurance?  Why don't you guys just guarantee that you're going to get the stuff that I leave with to my destination?,,,frustrated
test,Ses05F_impro05,27,Ses05F_impro05_F027,unknown,"Right, but if I'm riding a bus, I don't need to buy luggage insurance that the backpack I take on is going to get to my destination with me.",,,frustrated
test,Ses05F_impro05,28,Ses05F_impro05_F028,unknown,Because they made me check it.  It's too heavy.,,,frustrated
test,Ses05F_impro05,30,Ses05F_impro05_F030,unknown,There's nothing else you can do?,,,frustrated
test,Ses05F_impro05,31,Ses05F_impro05_F031,unknown,I don't believe that for a second.,,,anger
test,Ses05F_impro05,33,Ses05F_impro05_F033,unknown,What do you mean as you can?  Who makes up these rules?,,,anger
test,Ses05F_impro05,34,Ses05F_impro05_F034,unknown,You're an autono- autonomous human being.  You could- You could go into the com-,,,anger
test,Ses05F_impro05,36,Ses05F_impro05_F036,unknown,"So I'm just supposed to oh, well, oops, my luggage is gone and be fine with that and take your stinking fifty dollar voucher?",,,frustrated
test,Ses05F_impro05,37,Ses05F_impro05_F037,unknown,And you have no guarantee.,,,frustrated
test,Ses05F_impro05,38,Ses05F_impro05_F038,unknown,This is ridiculous.,,,frustrated
test,Ses05F_impro05,39,Ses05F_impro05_F039,unknown,"Uh- Because you guys lost it, so it should be your responsibility to find it, too.",,,frustrated
test,Ses05F_impro05,40,Ses05F_impro05_F040,unknown,"Oh, come on.  Would you cut it out?  This is ridiculous.",,,frustrated
test,Ses05F_impro05,41,Ses05F_impro05_F041,unknown,"No, I don't think I am.  I like have a whole bunch of stuff that means a lot to me, and I brought it you know from Africa.  It's not like I can just go back and get it whenever I want.",,,anger
test,Ses05F_impro05,42,Ses05F_impro05_F042,unknown,It's not like I can go to Kmart and buy another.,,,anger
test,Ses05F_impro05,44,Ses05F_impro05_F044,unknown,"Yeah, I'll take your fifty dollar voucher.",,,frustrated
test,Ses05F_impro05,45,Ses05F_impro05_F045,unknown,Thanks.,,,frustrated
test,Ses05F_impro05,0,Ses05F_impro05_M000,unknown,"Okay, what flight were you on?",,,neutral
test,Ses05F_impro05,1,Ses05F_impro05_M001,unknown,On what airline?,,,neutral
test,Ses05F_impro05,2,Ses05F_impro05_M002,unknown,"From London, okay. Um- And you went through all your proper checkpoints?",,,neutral
test,Ses05F_impro05,3,Ses05F_impro05_M003,unknown,So you haven't seen your bags since Africa. You flew threw Heath Row to here.,,,neutral
test,Ses05F_impro05,4,Ses05F_impro05_M004,unknown,"Okay.  Well, let me see here. I-",,,neutral
test,Ses05F_impro05,5,Ses05F_impro05_M005,unknown,It seems like it went through Heath Row.  I see it here. uh-,,,neutral
test,Ses05F_impro05,6,Ses05F_impro05_M006,unknown,But uh- I don't see it here in the airport yet. uh,,,neutral
test,Ses05F_impro05,7,Ses05F_impro05_M007,unknown,I'm not sure where it is.  We can absolutely keep an eye out for for it for you.,,,neutral
test,Ses05F_impro05,8,Ses05F_impro05_M008,unknown,"Well, I'm not a miracle worker.  I don't know what I can do for you.  I don't have the bag right here.",,,neutral
test,Ses05F_impro05,9,Ses05F_impro05_M009,unknown,"Well, as I told you, it left Heath Row and it seems to have arrived here.  But if you can't find it, then-are you sure you know what your bag looks like?",,,neutral
test,Ses05F_impro05,10,Ses05F_impro05_M010,unknown,"Okay, and what is that?  What kind of bag is it?",,,neutral
test,Ses05F_impro05,11,Ses05F_impro05_M011,unknown,And you couldn't find it?,,,frustrated
test,Ses05F_impro05,12,Ses05F_impro05_M012,unknown,Are you sure?,,,neutral
test,Ses05F_impro05,13,Ses05F_impro05_M013,unknown,"Well, obviously, that wasn't me, so I'm going to have to ask you the same questions they asked you just so we can get to the same point.",,,frustrated
test,Ses05F_impro05,14,Ses05F_impro05_M014,unknown,"All right?  Now, um- it's green, travel bag, you couldn't find it.  And was there something important in it that you need it?",,,neutral
test,Ses05F_impro05,15,Ses05F_impro05_M015,unknown,Sentimental value.,,,neutral
test,Ses05F_impro05,16,Ses05F_impro05_M016,unknown,"Right.  Well, I don't know what to tell you. Um- What I can offer you is a fifty dollar voucher on your next flight.",,,neutral
test,Ses05F_impro05,17,Ses05F_impro05_M017,unknown,"No, I understand. I mean. It's got to be tough all those sentimental things, but um- this is all I can do for you.",,,neutral
test,Ses05F_impro05,18,Ses05F_impro05_M018,unknown,"Well, you know, sometimes that's--really, I mean what else could we do?",,,neutral
test,Ses05F_impro05,19,Ses05F_impro05_M019,unknown,"Well,",,,neutral
test,Ses05F_impro05,20,Ses05F_impro05_M020,unknown,Obviously ma'am.,,,frustrated
test,Ses05F_impro05,21,Ses05F_impro05_M021,unknown,"I am sorry, ma'am.",,,frustrated
test,Ses05F_impro05,22,Ses05F_impro05_M022,unknown,"Let's- Let's just relax for a moment, ma'am.  You understand, obviously, we're going to do everything we can to keep all of your luggage here.",,,neutral
test,Ses05F_impro05,23,Ses05F_impro05_M023,unknown,"Obviously, we're not trying to lose your luggage.  Do you really believe that we're trying to lose your luggage ma'am?",,,neutral
test,Ses05F_impro05,25,Ses05F_impro05_M025,unknown,"Well, we're talking about one bag.  You personally made it here, didn't you?",,,neutral
test,Ses05F_impro05,26,Ses05F_impro05_M026,unknown,That's what the cost of the ticket was for.,,,frustrated
test,Ses05F_impro05,27,Ses05F_impro05_M027,unknown,"Ma'am, international flights are not cheap and there's many reasons for that.  It does not have solely to do with your baggage or-",,,frustrated
test,Ses05F_impro05,28,Ses05F_impro05_M028,unknown,"Right. Yes, ma'am.",,,frustrated
test,Ses05F_impro05,29,Ses05F_impro05_M029,unknown,"Right, and also if you'll read the fine print of your agreement you'll see that while we do bear some responsibility for lost luggage, it is a fifty dollar voucher.",,,frustrated
test,Ses05F_impro05,30,Ses05F_impro05_M030,unknown,"Well, I understand that.  Did you buy flight insurance?",,,neutral
test,Ses05F_impro05,31,Ses05F_impro05_M031,unknown,"Well, my hands are really tied then.",,,neutral
test,Ses05F_impro05,32,Ses05F_impro05_M032,unknown,"Well, it's like any kind of insurance.  You don't-when you get it, then you get more. You know, Like if you--",,,neutral
test,Ses05F_impro05,33,Ses05F_impro05_M033,unknown,"Well, of course not because you've got your backpack with you the whole time.  Now, if you--you said this was a travel bag.  Why weren't you carrying it on if it was so important?",,,neutral
test,Ses05F_impro05,34,Ses05F_impro05_M034,unknown,"Uh, so it was really heavy.",,,neutral
test,Ses05F_impro05,35,Ses05F_impro05_M035,unknown,"Well, you know what, it could still turn up, but until then I can offer you this fifty dollar voucher.",,,frustrated
test,Ses05F_impro05,36,Ses05F_impro05_M036,unknown,"I'm sorry, ma'am, there's nothing else I can do.  My hands are really tied here.  I really wish there was something else I could do for you.",,,neutral
test,Ses05F_impro05,37,Ses05F_impro05_M037,unknown,Well I don't know why you wouldn't believe that.,,,neutral
test,Ses05F_impro05,38,Ses05F_impro05_M038,unknown,"Obviously, I'm doing everything that I can here.",,,frustrated
test,Ses05F_impro05,39,Ses05F_impro05_M039,unknown,"Well, I have no way to give you more money.  I'm giving you as much money as I can, and figuring- as far as figuring out where you bag is-",,,neutral
test,Ses05F_impro05,40,Ses05F_impro05_M040,unknown,makes up?,,,neutral
test,Ses05F_impro05,41,Ses05F_impro05_M041,unknown,"The airline makes these rules, mom ma'am.",,,neutral
test,Ses05F_impro05,43,Ses05F_impro05_M043,unknown,"Well, you can take my stinking fifty dollar voucher and go home and wait and see if your luggage turns up. And if it does, then we'll deliver it to you.",,,frustrated
test,Ses05F_impro05,44,Ses05F_impro05_M044,unknown,"I have no guarantee, absolutely not.",,,frustrated
test,Ses05F_impro05,45,Ses05F_impro05_M045,unknown,How can I guarantee finding your luggage when it's lost?,,,frustrated
test,Ses05F_impro05,46,Ses05F_impro05_M046,unknown,"Right, well, when you're at home and you lose something, do you guarantee that you're going to find it later on?",,,frustrated
test,Ses05F_impro05,47,Ses05F_impro05_M047,unknown,"Well, it sounds to me like you're being ridiculous",,,frustrated
test,Ses05F_impro05,48,Ses05F_impro05_M048,unknown,Right.,,,neutral
test,Ses05F_impro05,49,Ses05F_impro05_M049,unknown,"I understand that, ma'am, but things get lost.  There's nothing I can do about that.  Things happen.  Accidents happen.",,,frustrated
test,Ses05F_impro05,50,Ses05F_impro05_M050,unknown,"And while I really would love to be able to hand you your bag right now, obviously I can't do that.",,,neutral
test,Ses05F_impro05,51,Ses05F_impro05_M051,unknown,So you'd like the fifty dollar voucher?,,,neutral
test,Ses05F_impro05,52,Ses05F_impro05_M052,unknown,"Okay, just fill out these three forms, and um- you'll- we'll have that sent to you within the next three weeks and, of course, we'll definitely keep an eye out for your bag.",,,neutral
test,Ses05F_impro05,53,Ses05F_impro05_M053,unknown,You have a wonderful day.,,,neutral
test,Ses05F_impro06,0,Ses05F_impro06_F000,unknown,A good friend of mine passed away the other day.,,,sadness
test,Ses05F_impro06,1,Ses05F_impro06_F001,unknown,"Oh they had some pretty progressive cancer,",,,sadness
test,Ses05F_impro06,2,Ses05F_impro06_F002,unknown,"metastasized and it was old and they knew that it wasn't looking good, but-",,,sadness
test,Ses05F_impro06,3,Ses05F_impro06_F003,unknown,Yeah.  We were.  Pretty close.,,,sadness
test,Ses05F_impro06,4,Ses05F_impro06_F004,unknown,[BREATHING],,,sadness
test,Ses05F_impro06,5,Ses05F_impro06_F005,unknown,Kind of.,,,sadness
test,Ses05F_impro06,6,Ses05F_impro06_F006,unknown,"It's hard to watch when it's painful for them, you know.",,,sadness
test,Ses05F_impro06,7,Ses05F_impro06_F007,unknown,"I just, I don't know.",,,sadness
test,Ses05F_impro06,8,Ses05F_impro06_F008,unknown,I know.,,,sadness
test,Ses05F_impro06,9,Ses05F_impro06_F009,unknown,And he could of...  He was pretty awesome,,,sadness
test,Ses05F_impro06,10,Ses05F_impro06_F010,unknown,"Uh,  We grew up together.",,,sadness
test,Ses05F_impro06,11,Ses05F_impro06_F011,unknown,"Yeah, he kind of did a lot of things, but we acted together, sometimes.",,,sadness
test,Ses05F_impro06,12,Ses05F_impro06_F012,unknown,"I feel really bad for his family, you know.",,,sadness
test,Ses05F_impro06,13,Ses05F_impro06_F013,unknown,"It must be really, really hard to lose a child.",,,sadness
test,Ses05F_impro06,14,Ses05F_impro06_F014,unknown,"Yeah.  And they were really supportive, like through the whole process, but-",,,sadness
test,Ses05F_impro06,15,Ses05F_impro06_F015,unknown,[BREATHING],,,sadness
test,Ses05F_impro06,16,Ses05F_impro06_F016,unknown,I can't imagine what his- what his parents are going through.,,,sadness
test,Ses05F_impro06,17,Ses05F_impro06_F017,unknown,"Yeah, I'm just going to miss him.",,,sadness
test,Ses05F_impro06,18,Ses05F_impro06_F018,unknown,Thank you.,,,sadness
test,Ses05F_impro06,19,Ses05F_impro06_F019,unknown,"Yeah, they're going to do some sort of memorial service or something.",,,sadness
test,Ses05F_impro06,20,Ses05F_impro06_F020,unknown,Thanks.,,,sadness
test,Ses05F_impro06,21,Ses05F_impro06_F021,unknown,"It's really bizarre, you know, when you know somebody really well, and then...",,,sadness
test,Ses05F_impro06,22,Ses05F_impro06_F022,unknown,something happens and they die and it's like-,,,sadness
test,Ses05F_impro06,23,Ses05F_impro06_F023,unknown,"really hard to imagine that like you're going to continue to live, and that person's just going to have stopped.",,,sadness
test,Ses05F_impro06,24,Ses05F_impro06_F024,unknown,[BREATHING],,,sadness
test,Ses05F_impro06,25,Ses05F_impro06_F025,unknown,yeah.,,,sadness
test,Ses05F_impro06,26,Ses05F_impro06_F026,unknown,It's hard to say good-bye.,,,sadness
test,Ses05F_impro06,27,Ses05F_impro06_F027,unknown,[BREATHING],,,sadness
test,Ses05F_impro06,29,Ses05F_impro06_F029,unknown,yeah yeah.,,,sadness
test,Ses05F_impro06,1,Ses05F_impro06_M001,unknown,"Oh no, I'm so sorry. What happened?",,,sadness
test,Ses05F_impro06,2,Ses05F_impro06_M002,unknown,That's the worst.  I'm so sorry.  Did you know him well?,,,sadness
test,Ses05F_impro06,3,Ses05F_impro06_M003,unknown,"I am so sorry,  It's-",,,sadness
test,Ses05F_impro06,4,Ses05F_impro06_M004,unknown,It's the worst when they go like that. [GARBAGE] Was he young?,,,sadness
test,Ses05F_impro06,5,Ses05F_impro06_M005,unknown,"Absolutely, absolutely.",,,sadness
test,Ses05F_impro06,6,Ses05F_impro06_M006,unknown,It's the think,,,sadness
test,Ses05F_impro06,7,Ses05F_impro06_M007,unknown,There's no reason for it.,,,sadness
test,Ses05F_impro06,8,Ses05F_impro06_M008,unknown,Yeah?  What'd he do?  What did they do?  How'd you know him?,,,sadness
test,Ses05F_impro06,9,Ses05F_impro06_M009,unknown,yeah.,,,sadness
test,Ses05F_impro06,10,Ses05F_impro06_M010,unknown,"Is he an actor too, or-?",,,neutral
test,Ses05F_impro06,11,Ses05F_impro06_M011,unknown,"Yes of course, of course.",,,sadness
test,Ses05F_impro06,12,Ses05F_impro06_M012,unknown,Was he very close to his family?,,,neutral
test,Ses05F_impro06,13,Ses05F_impro06_M013,unknown,yeah.,,,neutral
test,Ses05F_impro06,14,Ses05F_impro06_M014,unknown,Of course not.  You have no idea what it's like to lose a kid.,,,sadness
test,Ses05F_impro06,17,Ses05F_impro06_M017,unknown,Is there a funeral planned? or-,,,neutral
test,Ses05F_impro06,18,Ses05F_impro06_M018,unknown,"Cool, Well, If you want me to go with you, I will.",,,neutral
test,Ses05F_impro06,19,Ses05F_impro06_M019,unknown,No problem.,,,neutral
test,Ses05F_impro06,20,Ses05F_impro06_M020,unknown,"Right, it just doesn't make any sense, it's not real.  It doesn't feel real.",,,sadness
test,Ses05F_impro06,21,Ses05F_impro06_M021,unknown,yeah.,,,neutral
test,Ses05F_impro06,22,Ses05F_impro06_M022,unknown,"Do you know what, it's going to pass,eventually, I mean it'll never pass, it'll always be there, and you'll always remember and everything like that, but you know.  It'll get easier I guess.",,,neutral
test,Ses05F_impro06,23,Ses05F_impro06_M023,unknown,That's the best way to put it.,,,neutral
test,Ses05F_impro06,24,Ses05F_impro06_M024,unknown,Absolutely.,,,neutral
test,Ses05F_impro06,25,Ses05F_impro06_M025,unknown,"Do you know what, if it was me that died, I'd really want you to be crying and being really upset too any way. So, I think you should definitely do this, because it's trying what it's supposed to be.",,,neutral
test,Ses05F_impro07,0,Ses05F_impro07_F000,unknown,So guess what.,,,excited
test,Ses05F_impro07,1,Ses05F_impro07_F001,unknown,I got into college.,,,excited
test,Ses05F_impro07,2,Ses05F_impro07_F002,unknown,U.S.C..,,,excited
test,Ses05F_impro07,3,Ses05F_impro07_F003,unknown,yeah.,,,excited
test,Ses05F_impro07,4,Ses05F_impro07_F004,unknown,No.,,,excited
test,Ses05F_impro07,5,Ses05F_impro07_F005,unknown,I'll stay in town.,,,excited
test,Ses05F_impro07,6,Ses05F_impro07_F006,unknown,Uh- I don't know.,,,joy
test,Ses05F_impro07,7,Ses05F_impro07_F007,unknown,"Well, I don't want to, I don't want to live with my mom.",,,neutral
test,Ses05F_impro07,8,Ses05F_impro07_F008,unknown,Whoa.  What an idea.  Where would you want to live?,,,excited
test,Ses05F_impro07,11,Ses05F_impro07_F011,unknown,"Whoa, this is going to be so much fun.",,,excited
test,Ses05F_impro07,12,Ses05F_impro07_F012,unknown,"Thank you. I know, I'm really, really, really excited.",,,excited
test,Ses05F_impro07,13,Ses05F_impro07_F013,unknown,"I know they have a really, really great program for what I want to do.",,,excited
test,Ses05F_impro07,14,Ses05F_impro07_F014,unknown,Can we for real live together?,,,excited
test,Ses05F_impro07,15,Ses05F_impro07_F015,unknown,awesome.,,,excited
test,Ses05F_impro07,16,Ses05F_impro07_F016,unknown,So should we get a place near campus? or-,,,excited
test,Ses05F_impro07,17,Ses05F_impro07_F017,unknown,okay.,,,excited
test,Ses05F_impro07,21,Ses05F_impro07_F021,unknown,It's going to be ridiculous.  It's going to be so cool.,,,excited
test,Ses05F_impro07,23,Ses05F_impro07_F023,unknown,"[LAUGHTER] Oh, I'm going to be working too, I mean.",,,excited
test,Ses05F_impro07,24,Ses05F_impro07_F024,unknown,I- I hear the same.,,,excited
test,Ses05F_impro07,25,Ses05F_impro07_F025,unknown,"I don't know how I feel about that, but-",,,excited
test,Ses05F_impro07,26,Ses05F_impro07_F026,unknown,oh yeah.,,,excited
test,Ses05F_impro07,27,Ses05F_impro07_F027,unknown,oh yeah.,,,excited
test,Ses05F_impro07,28,Ses05F_impro07_F028,unknown,"[LAUGHTER] Oh, it'll be awesome, that's for sure.",,,excited
test,Ses05F_impro07,29,Ses05F_impro07_F029,unknown,Better than if I'd picked up and moved to Boston.,,,excited
test,Ses05F_impro07,30,Ses05F_impro07_F030,unknown,[LAUGHTER] by yourself.,,,excited
test,Ses05F_impro07,31,Ses05F_impro07_F031,unknown,you'd be that kid,,,excited
test,Ses05F_impro07,32,Ses05F_impro07_F032,unknown,"living near campus, and not going to school.",,,excited
test,Ses05F_impro07,33,Ses05F_impro07_F033,unknown,[LAUGHTER],,,excited
test,Ses05F_impro07,34,Ses05F_impro07_F034,unknown,yeah.,,,excited
test,Ses05F_impro07,35,Ses05F_impro07_F035,unknown,We should go apartment shop-er-hunting.,,,excited
test,Ses05F_impro07,36,Ses05F_impro07_F036,unknown,Let's go tomorrow.,,,excited
test,Ses05F_impro07,37,Ses05F_impro07_F037,unknown,yeah.,,,excited
test,Ses05F_impro07,38,Ses05F_impro07_F038,unknown,Woo-,,,excited
test,Ses05F_impro07,39,Ses05F_impro07_F039,unknown,exciting.,,,excited
test,Ses05F_impro07,0,Ses05F_impro07_M000,unknown,what,,,excited
test,Ses05F_impro07,1,Ses05F_impro07_M001,unknown,"Shut up.  What'd you get, where'd you get accepted to? please",,,excited
test,Ses05F_impro07,2,Ses05F_impro07_M002,unknown,"Oh, sweet.",,,excited
test,Ses05F_impro07,3,Ses05F_impro07_M003,unknown,So you're not going to leave me.,,,excited
test,Ses05F_impro07,4,Ses05F_impro07_M004,unknown,"oh, good good good good good good.",,,excited
test,Ses05F_impro07,5,Ses05F_impro07_M005,unknown,Are you going to live on campus?  Where are you going to live?,,,excited
test,Ses05F_impro07,6,Ses05F_impro07_M006,unknown,Uh! stay over here.  Like travel to school. because you are so close to me,,,excited
test,Ses05F_impro07,7,Ses05F_impro07_M007,unknown,"Okay, you're right, you're right, you're right,  right.  Maybe we should get a place together.",,,joy
test,Ses05F_impro07,8,Ses05F_impro07_M008,unknown,That'll be awesome.,,,excited
test,Ses05F_impro07,9,Ses05F_impro07_M009,unknown,"I don't know.  Well.  I wouldn't mind living by the U.S.C. campus, you know, but I'm not going to go to school right now, so.",,,excited
test,Ses05F_impro07,11,Ses05F_impro07_M011,unknown,But I'd love to go all the US- all the U.S.C. parties and do all that crazy stuff with you.,,,excited
test,Ses05F_impro07,12,Ses05F_impro07_M012,unknown,it is going to be so much fun. Yes.,,,excited
test,Ses05F_impro07,13,Ses05F_impro07_M013,unknown,Uh! I'm so happy that you're not going to go away.,,,excited
test,Ses05F_impro07,14,Ses05F_impro07_M014,unknown,"Oh, I bet you're going to love it too.  You always wanted to go to U.S.C..",,,excited
test,Ses05F_impro07,15,Ses05F_impro07_M015,unknown,"You're going to have so much fun.  And there's lo- tons of people, you're going to meet so many people, I'm going to meet so many people too, because we're going to be there together.",,,excited
test,Ses05F_impro07,16,Ses05F_impro07_M016,unknown,"Sure, why not.  I don't know why not, I'm not doing anything I have no plans, I could live anywhere I want.",,,excited
test,Ses05F_impro07,17,Ses05F_impro07_M017,unknown,That'll be great. That'll be great.,,,excited
test,Ses05F_impro07,18,Ses05F_impro07_M018,unknown,"We should try to find, like, a party spot though, like you know where there's going to be a lot of parties, where there are cool people, though.  Do you know any people that might be out there?",,,excited
test,Ses05F_impro07,19,Ses05F_impro07_M019,unknown,"Yeah, me either.",,,excited
test,Ses05F_impro07,20,Ses05F_impro07_M020,unknown,"[garbage] I know, I know, I know, we'll figure it out.  Right?  [garbage] it is going to be so much fun.",,,excited
test,Ses05F_impro07,21,Ses05F_impro07_M021,unknown,"You can't make fun of me because I'm not going to school, though, because I'm going to be working though.",,,excited
test,Ses05F_impro07,24,Ses05F_impro07_M024,unknown,Woo- I I do.,,,excited
test,Ses05F_impro07,25,Ses05F_impro07_M025,unknown,I know exactly how you feel about that. I think you feel really excited about it.  I know you are. I can tell. I know you.,,,excited
test,Ses05F_impro07,26,Ses05F_impro07_M026,unknown,You're a wild and crazy woman.,,,excited
test,Ses05F_impro07,27,Ses05F_impro07_M027,unknown,"Uh huh, it will be awesome.",,,excited
test,Ses05F_impro07,29,Ses05F_impro07_M029,unknown,"living near the U.S.C. campus by myself, not going to school there. just really pathetic and sad.",,,excited
test,Ses05F_impro07,30,Ses05F_impro07_M030,unknown,"Exactly.  Mooching off of all like the college experiences, that would've been me but you have saved me from that disaster. Thank you. Thank you very much.",,,excited
test,Ses05F_impro07,31,Ses05F_impro07_M031,unknown,"Oh, it's going to be so much fun.",,,excited
test,Ses05F_impro07,32,Ses05F_impro07_M032,unknown,"Well, congratulations. and to me too, because now I get to-have-",,,excited
test,Ses05F_impro07,33,Ses05F_impro07_M033,unknown,That's a good idea.,,,excited
test,Ses05F_impro07,34,Ses05F_impro07_M034,unknown,"Tomorrow, tomorrow, tomorrow-",,,excited
test,Ses05F_impro07,35,Ses05F_impro07_M035,unknown,"Good.  We'll have to have one soon, you're going to have to go to school in a couple of months.",,,excited
test,Ses05F_impro07,36,Ses05F_impro07_M036,unknown,"Oh God, it's awesome... There's going to be tons of places. [garbage]",,,excited
test,Ses05F_impro08,0,Ses05F_impro08_F000,unknown,"Hi, sir.  How can I help you?",,,neutral
test,Ses05F_impro08,1,Ses05F_impro08_F001,unknown,Okay.,,,neutral
test,Ses05F_impro08,2,Ses05F_impro08_F002,unknown,"[LAUGHTER] All right.  I'm sorry, sir that you've been having a hard time.",,,neutral
test,Ses05F_impro08,3,Ses05F_impro08_F003,unknown,"I kwon, it is ridiculous",,,neutral
test,Ses05F_impro08,4,Ses05F_impro08_F004,unknown,"yeah, I understand.",,,neutral
test,Ses05F_impro08,5,Ses05F_impro08_F005,unknown,Uh- when's when's-,,,neutral
test,Ses05F_impro08,6,Ses05F_impro08_F006,unknown,Sir-,,,frustrated
test,Ses05F_impro08,7,Ses05F_impro08_F007,unknown,"If yeah, well if you just slow down we'll um, we'll definitely have your problem solved and after we have your problem solved, then I can transfer you to a manager, someone who can you know, you can voice your complaint to, who will be able to something about it.",,,neutral
test,Ses05F_impro08,8,Ses05F_impro08_F008,unknown,"Okay, so where?, okay, all right, so where did you uh- locate your your bill?",,,neutral
test,Ses05F_impro08,9,Ses05F_impro08_F009,unknown,In the mail?,,,neutral
test,Ses05F_impro08,10,Ses05F_impro08_F010,unknown,"So is it, is- is it at all possible that maybe this statement is just old and that the transaction hadn't been processed yet?",,,neutral
test,Ses05F_impro08,11,Ses05F_impro08_F011,unknown,Okay.,,,neutral
test,Ses05F_impro08,12,Ses05F_impro08_F012,unknown,Okay.,,,neutral
test,Ses05F_impro08,14,Ses05F_impro08_F014,unknown,"Okay so, I'll just look it up and you know see what's going on, maybe we can...",,,neutral
test,Ses05F_impro08,15,Ses05F_impro08_F015,unknown,if I call it up on the screen.,,,neutral
test,Ses05F_impro08,16,Ses05F_impro08_F016,unknown,"So in the database, it looks as though um, there is a there is like a glitch in the transaction where it hadn't gone through before, but I do see that you paid the, what can you tell me the amount, what was the amount?",,,neutral
test,Ses05F_impro08,17,Ses05F_impro08_F017,unknown,"Okay, I do see that on here, and it says that um, it had some trouble clearing for some reason.  And I think that was the problem on our end.  So um-",,,neutral
test,Ses05F_impro08,18,Ses05F_impro08_F018,unknown,"Well you know sometimes-- just with online transactions, things happens. so um-",,,neutral
test,Ses05F_impro08,19,Ses05F_impro08_F019,unknown,"Yeah, we- Somebody went in and- and cleared the problem and it looks like you're all paid.",,,neutral
test,Ses05F_impro08,20,Ses05F_impro08_F020,unknown,"You do the direct the direct it um- it's taking right out of your bank account, correct?",,,neutral
test,Ses05F_impro08,21,Ses05F_impro08_F021,unknown,Yeah so- That --that did go through.,,,neutral
test,Ses05F_impro08,22,Ses05F_impro08_F022,unknown,"Um- I can try to do that for you, certainly.",,,neutral
test,Ses05F_impro08,23,Ses05F_impro08_F023,unknown,"Right, right, and since--yeah, since it was just a computer glitch, then that's that should be cleared up as well.  So I'm going to go ahead and try and put that into the computer.  And if for some reason you notice on your statement in a few days that you've been charged and an overdue fee, then you should just call back and we'll have that.",,,neutral
test,Ses05F_impro08,24,Ses05F_impro08_F024,unknown,Well I'll give you my direct line and my number so you can- you can  get directly to me.,,,neutral
test,Ses05F_impro08,25,Ses05F_impro08_F025,unknown,yeah.,,,neutral
test,Ses05F_impro08,26,Ses05F_impro08_F026,unknown,No problem.,,,neutral
test,Ses05F_impro08,27,Ses05F_impro08_F027,unknown,ahh one eight hundred three two three,,,neutral
test,Ses05F_impro08,28,Ses05F_impro08_F028,unknown,six four nine four,,,neutral
test,Ses05F_impro08,29,Ses05F_impro08_F029,unknown,You're welcome,,,neutral
test,Ses05F_impro08,30,Ses05F_impro08_F030,unknown,I'm sorry that it was an inconvenience.,,,neutral
test,Ses05F_impro08,32,Ses05F_impro08_F032,unknown,Have a good day.,,,neutral
test,Ses05F_impro08,33,Ses05F_impro08_F033,unknown,bye bye,,,neutral
test,Ses05F_impro08,0,Ses05F_impro08_M000,unknown,"Oh, thank God.  Do you know how long I've been on the phone for half an hour trying to talk to a freaking human being.",,,frustrated
test,Ses05F_impro08,1,Ses05F_impro08_M001,unknown,"All I want to do is put my, pay for my freaking credit card, and there's something wrong in my bill, Like I swear, it says I didn't paid last month, but I know I paid last month.",,,frustrated
test,Ses05F_impro08,2,Ses05F_impro08_M002,unknown,"I put- I've been typing my number in millions of times, it won't listen to me, it's not working, and I can't get a single human being, and finally-",,,frustrated
test,Ses05F_impro08,4,Ses05F_impro08_M004,unknown,"This is ridiculous.  I- I seriously, I don't understand why you think these automated systems are supposed to like work for anybody.  They have never, ever work for me.",,,anger
test,Ses05F_impro08,5,Ses05F_impro08_M005,unknown,"Can you like talk to somebody about this, can you like can you tell them that this is ridiculous and can they change it from now on, is there a phone number you have that I can call that will like automatically be talking to somebody a human being.",,,anger
test,Ses05F_impro08,6,Ses05F_impro08_M006,unknown,"Well, okay ,well First off, fine, fine, fine.  Let's see, first off, um- yeah my bill's wrong.",,,frustrated
test,Ses05F_impro08,7,Ses05F_impro08_M007,unknown,"Like I know I paid last month, but it hasn't been paid and you charged me a late fee.",,,anger
test,Ses05F_impro08,8,Ses05F_impro08_M008,unknown,I got it in the mail.,,,frustrated
test,Ses05F_impro08,9,Ses05F_impro08_M009,unknown,yeah,,,frustrated
test,Ses05F_impro08,10,Ses05F_impro08_M010,unknown,"Well, when I look online, it says, it says that I was charged a late fee so I'm assuming that I paid on your web site-",,,frustrated
test,Ses05F_impro08,11,Ses05F_impro08_M011,unknown,"like I paid right through your own company before my due date but it's still and it even shows my payment there, and then it charged me the late fee afterwards.",,,frustrated
test,Ses05F_impro08,12,Ses05F_impro08_M012,unknown,Okay.,,,frustrated
test,Ses05F_impro08,13,Ses05F_impro08_M013,unknown,"Okay, great, go ahead.",,,neutral
test,Ses05F_impro08,14,Ses05F_impro08_M014,unknown,It was one ninety eight sixty three. I paid the minimum.,,,frustrated
test,Ses05F_impro08,16,Ses05F_impro08_M016,unknown,"No, No, No, I am grateful.",,,neutral
test,Ses05F_impro08,18,Ses05F_impro08_M018,unknown,Did they take-,,,neutral
test,Ses05F_impro08,19,Ses05F_impro08_M019,unknown,"Yes, yes, exactly.",,,neutral
test,Ses05F_impro08,20,Ses05F_impro08_M020,unknown,Are you taking the late fee off of my account then?,,,neutral
test,Ses05F_impro08,21,Ses05F_impro08_M021,unknown,Because I paid it on time.,,,frustrated
test,Ses05F_impro08,22,Ses05F_impro08_M022,unknown,Right.,,,neutral
test,Ses05F_impro08,23,Ses05F_impro08_M023,unknown,"Yeah, but if I call back, I'll have to go through this whole rigmarole again. and try to get a hole or someone.",,,frustrated
test,Ses05F_impro08,24,Ses05F_impro08_M024,unknown,Really?,,,sur
test,Ses05F_impro08,25,Ses05F_impro08_M025,unknown,"That would be wonderful, that would be great seriously.",,,joy
test,Ses05F_impro08,26,Ses05F_impro08_M026,unknown,"thank you, what's the number?",,,joy
test,Ses05F_impro08,27,Ses05F_impro08_M027,unknown,three two three,,,neutral
test,Ses05F_impro08,28,Ses05F_impro08_M028,unknown,"six four nine four. That would be so great, thank you so much.",,,joy
test,Ses05F_impro08,30,Ses05F_impro08_M030,unknown,"It was horrible, but you've made it much better, thank you very much. Absolutely",,,joy
test,Ses05F_impro08,31,Ses05F_impro08_M031,unknown,"You too, thank you so much, have a wonderful day.",,,joy
test,Ses05F_script01_1,0,Ses05F_script01_1_F000,unknown,What's he going to say? Maybe we should tell him before he sees it.,,,sadness
test,Ses05F_script01_1,4,Ses05F_script01_1_F004,unknown,Did you talk to him?,,,sadness
test,Ses05F_script01_1,5,Ses05F_script01_1_F005,unknown,He cried hard.,,,sadness
test,Ses05F_script01_1,6,Ses05F_script01_1_F006,unknown,He is thinking about him again.,,,sadness
test,Ses05F_script01_1,7,Ses05F_script01_1_F007,unknown,"It's getting just like after Larry died, he's having dreams, he's walking around at night.",,,sadness
test,Ses05F_script01_1,8,Ses05F_script01_1_F008,unknown,What's the meaning of that?,,,sadness
test,Ses05F_script01_1,14,Ses05F_script01_1_F014,unknown,"To you it is, and to me, but not to your father.  Now look, you can talk yourself  blue in the face, but there's no body, and there's no grave, so where are you?",,,frustrated
test,Ses05F_script01_1,17,Ses05F_script01_1_F017,unknown,Well I got an idea.  But what's the story?,,,neutral
test,Ses05F_script01_1,21,Ses05F_script01_1_F021,unknown,I ignore what I got to ignore.  The girl is Larry's girl.,,,frustrated
test,Ses05F_script01_1,23,Ses05F_script01_1_F023,unknown,"Now Chris you can go on from there, but I don't know what to do.  I mean do you know what to do, because I don't.",,,frustrated
test,Ses05F_script01_1,24,Ses05F_script01_1_F024,unknown,"Well you're a considerate fellow, there's nothing wrong with that.",,,neutral
test,Ses05F_script01_1,25,Ses05F_script01_1_F025,unknown,Have you asked Annie yet to marry you?,,,neutral
test,Ses05F_script01_1,26,Ses05F_script01_1_F026,unknown,"Well how did you know that she will go along with it, I mean maybe she feels the same way as your father?",,,neutral
test,Ses05F_script01_1,27,Ses05F_script01_1_F027,unknown,"The trouble is you don't see enough women, you never have",,,neutral
test,Ses05F_script01_1,28,Ses05F_script01_1_F028,unknown,Well I just don't see why it has to be Annie.,,,neutral
test,Ses05F_script01_1,30,Ses05F_script01_1_F030,unknown,"No, I don't want a diagram, but, Chris, your father thinks Larry's coming back.",,,frustrated
test,Ses05F_script01_1,31,Ses05F_script01_1_F031,unknown,"You marry his girl, and you're pronouncing him dead.  Now what's going to happen to your father, do you know?  I don't.",,,sadness
test,Ses05F_script01_1,33,Ses05F_script01_1_F033,unknown,What the hell is this?,,,anger
test,Ses05F_script01_1,34,Ses05F_script01_1_F034,unknown,Are you crazy?,,,anger
test,Ses05F_script01_1,35,Ses05F_script01_1_F035,unknown,Wait a minute.  Tell me this.  Do you mean to say that you would leave the business?,,,frustrated
test,Ses05F_script01_1,37,Ses05F_script01_1_F037,unknown,"Don't- you, you can't think like that!  Don't think like that!",,,frustrated
test,Ses05F_script01_1,38,Ses05F_script01_1_F038,unknown,"All right!  But don't think like that, because I mean, what the hell did we do all this for, Chris?  The whole business it's all for you!  The whole shooting match is for you!",,,anger
test,Ses05F_script01_1,40,Ses05F_script01_1_F040,unknown,"I don't understand you, do I?",,,frustrated
test,Ses05F_script01_1,0,Ses05F_script01_1_M000,unknown,He saw it.,,,sadness
test,Ses05F_script01_1,1,Ses05F_script01_1_M001,unknown,He was out here when it broke.,,,sadness
test,Ses05F_script01_1,2,Ses05F_script01_1_M002,unknown,"Around Four this morning, and there was a crack and I looked out.  We're standing right there when I cracked.",,,sadness
test,Ses05F_script01_1,3,Ses05F_script01_1_M003,unknown,I don't know.  but When it cracked he ran back into the house and start to cry in the kitchen.,,,sadness
test,Ses05F_script01_1,4,Ses05F_script01_1_M004,unknown,No.  I figured it was best to leave him alone.,,,sadness
test,Ses05F_script01_1,5,Ses05F_script01_1_M005,unknown,I could hear him right through the floor of my room.,,,sadness
test,Ses05F_script01_1,6,Ses05F_script01_1_M006,unknown,"I guess, he is.",,,sadness
test,Ses05F_script01_1,7,Ses05F_script01_1_M007,unknown,I don't know the meaning of it.  But I know one thing mom did.  We made a terrible mistake with dad.,,,sadness
test,Ses05F_script01_1,8,Ses05F_script01_1_M008,unknown,Being dishonest with him.  It's the kind of thing that pays off and now it's paying off.,,,sadness
test,Ses05F_script01_1,9,Ses05F_script01_1_M009,unknown,"You know that Larry's not coming back, and I know it.  So why do we go on letting him think that we believe with him?",,,sadness
test,Ses05F_script01_1,10,Ses05F_script01_1_M010,unknown,"No um, I don't want to argue with him, but it's time we realized that nobody else believes that Larry is alive.",,,frustrated
test,Ses05F_script01_1,11,Ses05F_script01_1_M011,unknown,"Why shouldn't he dream about him, walk around during the night, looking for him um.  Do we contradict him?  Do we say outright that we don't have any hope anymore, that we haven't had any for years now?",,,frustrated
test,Ses05F_script01_1,12,Ses05F_script01_1_M012,unknown,We have to say it to him!,,,frustrated
test,Ses05F_script01_1,13,Ses05F_script01_1_M013,unknown,"For God's sake, mom, three years.  Nobody comes back after three years!  It's insane!",,,anger
test,Ses05F_script01_1,14,Ses05F_script01_1_M014,unknown,"Sit down, mom.  I want to talk to you.",,,frustrated
test,Ses05F_script01_1,15,Ses05F_script01_1_M015,unknown,"All right, All right mom.  Listen!",,,frustrated
test,Ses05F_script01_1,16,Ses05F_script01_1_M016,unknown,"You know why I asked Annie here, don't you?",,,sadness
test,Ses05F_script01_1,17,Ses05F_script01_1_M017,unknown,You know.,,,frustrated
test,Ses05F_script01_1,18,Ses05F_script01_1_M018,unknown,I'm going to ask her to marry me.,,,neutral
test,Ses05F_script01_1,19,Ses05F_script01_1_M019,unknown,You know that's not just my business.,,,frustrated
test,Ses05F_script01_1,20,Ses05F_script01_1_M020,unknown,So it's all right.  I can go ahead with it then?,,,frustrated
test,Ses05F_script01_1,24,Ses05F_script01_1_M024,unknown,"I don't know why it is.  But every time I reach out for something I want, I have to pull back because other people will suffer.  My whole bloody life, time after time, after time.",,,frustrated
test,Ses05F_script01_1,25,Ses05F_script01_1_M025,unknown,To hell with that!,,,anger
test,Ses05F_script01_1,28,Ses05F_script01_1_M028,unknown,"So what, I'm not fast with women.",,,frustrated
test,Ses05F_script01_1,29,Ses05F_script01_1_M029,unknown,Because it is.,,,frustrated
test,Ses05F_script01_1,30,Ses05F_script01_1_M030,unknown,"I can't help it.  I know her best.  I was brought up next door to here, the easiest, when I think of somebody for my wife, I think of Annie.  Do you want a diagram?",,,frustrated
test,Ses05F_script01_1,31,Ses05F_script01_1_M031,unknown,"All right, then, Mom.",,,frustrated
test,Ses05F_script01_1,32,Ses05F_script01_1_M032,unknown,"I've given it three years of thought.  And hope by now that he wouldn't.  Can you forget about Larry an-- and we can have a regular wedding and have everybody be happy.  But that can't happen here, I'm set to get out.",,,frustrated
test,Ses05F_script01_1,33,Ses05F_script01_1_M033,unknown,"I'll get out. I'll get married and live some place else.  Maybe, maybe New York?",,,frustrated
test,Ses05F_script01_1,35,Ses05F_script01_1_M035,unknown,The business?  The business?  It doesn't inspire me?,,,anger
test,Ses05F_script01_2,1,Ses05F_script01_2_F001,unknown,She's been in New York three and a half years.  Why all of the sudden?,,,neutral
test,Ses05F_script01_2,5,Ses05F_script01_2_F005,unknown,"What's going on here, Joe?",,,frustrated
test,Ses05F_script01_2,6,Ses05F_script01_2_F006,unknown,She's not his girl.  She knows she's not.,,,anger
test,Ses05F_script01_2,7,Ses05F_script01_2_F007,unknown,"She's . . . Then why is she still single.  New York is full of men, why isn't she married?  Probably a hundred people told her she's foolish, but she's waited.",,,frustrated
test,Ses05F_script01_2,8,Ses05F_script01_2_F008,unknown,Because she knows what I know - she's faithful as a rock and my worst moments I think of her waiting and I know again that I'm right.,,,frustrated
test,Ses05F_script01_2,9,Ses05F_script01_2_F009,unknown,"Nobody in her- this house dares shake her faith.  Strangers might, but not his father, and not his brother.",,,frustrated
test,Ses05F_script01_2,10,Ses05F_script01_2_F010,unknown,I want you to pretend like he's coming back!,,,anger
test,Ses05F_script01_2,11,Ses05F_script01_2_F011,unknown,"Because if he's not coming back, then I'll kill myself.",,,anger
test,Ses05F_script01_2,12,Ses05F_script01_2_F012,unknown,"Laugh.  Laugh at me, but what happens the night that she goes to sleep in his bed, and his memorial breaks in pieces?",,,anger
test,Ses05F_script01_2,14,Ses05F_script01_2_F014,unknown,"Only last week, another boy turned up in Detroit, been missing longer than Larry, you read it yourself.",,,anger
test,Ses05F_script01_2,16,Ses05F_script01_2_F016,unknown,You've got to believe. You've got to--,,,sadness
test,Ses05F_script01_2,17,Ses05F_script01_2_F017,unknown,I can't help it!,,,anger
test,Ses05F_script01_2,0,Ses05F_script01_2_M000,unknown,Why does that bother you?,,,neutral
test,Ses05F_script01_2,1,Ses05F_script01_2_M001,unknown,Well maybe.  Maybe she just wanted to see her again.,,,neutral
test,Ses05F_script01_2,2,Ses05F_script01_2_M002,unknown,"What did you mean? He lived next door to the girl all of his life, why wouldn't he want to see her again? Don't look at me like that, he didn't tell me any more than he told you.",,,neutral
test,Ses05F_script01_2,3,Ses05F_script01_2_M003,unknown,How do you know he is even thinking about it?,,,frustrated
test,Ses05F_script01_2,4,Ses05F_script01_2_M004,unknown,"Well, so what.",,,frustrated
test,Ses05F_script01_2,5,Ses05F_script01_2_M005,unknown,"Now, listen, Kate, just-",,,frustrated
test,Ses05F_script01_2,7,Ses05F_script01_2_M007,unknown,How do you know why she's waited?,,,frustrated
test,Ses05F_script01_2,8,Ses05F_script01_2_M008,unknown,Look.  It's a nice day.  Why are we arguing?,,,frustrated
test,Ses05F_script01_2,9,Ses05F_script01_2_M009,unknown,What do you want me to do? What do you want--,,,frustrated
test,Ses05F_script01_2,10,Ses05F_script01_2_M010,unknown,"But, Kate...",,,frustrated
test,Ses05F_script01_2,11,Ses05F_script01_2_M011,unknown,[LAUGHTER],,,frustrated
test,Ses05F_script01_2,12,Ses05F_script01_2_M012,unknown,Calm yourself.,,,frustrated
test,Ses05F_script01_2,13,Ses05F_script01_2_M013,unknown,Calm yourself!,,,frustrated
test,Ses05F_script01_2,14,Ses05F_script01_2_M014,unknown,"All right, all right.  Calm yourself.",,,frustrated
test,Ses05F_script01_2,16,Ses05F_script01_2_M016,unknown,What do you mean me above all?  Look at you.  You're shaking!,,,anger
test,Ses05F_script01_2,17,Ses05F_script01_2_M017,unknown,"What have I got to hide?  What the hell is the matter with you, Kate?",,,anger
test,Ses05F_script01_3,0,Ses05F_script01_3_F000,unknown,You're the only one I know who loves his parents.,,,joy
test,Ses05F_script01_3,1,Ses05F_script01_3_F001,unknown,"No, it's good.",,,joy
test,Ses05F_script01_3,2,Ses05F_script01_3_F002,unknown,It's so lovely here.  The air is sweet.,,,joy
test,Ses05F_script01_3,3,Ses05F_script01_3_F003,unknown,No.  But I'm not going to stay.,,,joy
test,Ses05F_script01_3,6,Ses05F_script01_3_F006,unknown,Well sort of embarrassed soon as I came.,,,sadness
test,Ses05F_script01_3,8,Ses05F_script01_3_F008,unknown,"Well, from her point of view why else would I come?",,,neutral
test,Ses05F_script01_3,9,Ses05F_script01_3_F009,unknown,I guess this is why I came.,,,joy
test,Ses05F_script01_3,15,Ses05F_script01_3_F015,unknown,I'll never forgive you.  Why did you wait so long?  All this time I've been wondering if I was a fool for thinking of you!,,,joy
test,Ses05F_script01_3,16,Ses05F_script01_3_F016,unknown,"Not like that, you're not.",,,joy
test,Ses05F_script01_3,17,Ses05F_script01_3_F017,unknown,"Like Larry's brother.  Do it like you, Chris.  Chris, what's the matter?",,,joy
test,Ses05F_script01_3,20,Ses05F_script01_3_F020,unknown,It wouldn't work like this.,,,sadness
test,Ses05F_script01_3,21,Ses05F_script01_3_F021,unknown,yeah sure.,,,neutral
test,Ses05F_script01_3,22,Ses05F_script01_3_F022,unknown,how many?,,,sadness
test,Ses05F_script01_3,23,Ses05F_script01_3_F023,unknown,Oh gee.,,,sadness
test,Ses05F_script01_3,24,Ses05F_script01_3_F024,unknown,Do you still feel like that?,,,neutral
test,Ses05F_script01_3,25,Ses05F_script01_3_F025,unknown,"Because you can't feel like that anymore Chris, you hear me?  I mean everything that you have, you deserve.  And that includes me.  And your father?  Your father put hundreds of planes in the air, you should be proud.  A man should be paid for that.",,,sadness
test,Ses05F_script01_3,26,Ses05F_script01_3_F026,unknown,What would I do with a fortune?,,,joy
test,Ses05F_script01_3,0,Ses05F_script01_3_M000,unknown,I know.  It's going out of style isn't it?,,,joy
test,Ses05F_script01_3,2,Ses05F_script01_3_M002,unknown,Why?,,,sur
test,Ses05F_script01_3,4,Ses05F_script01_3_M004,unknown,What?,,,neutral
test,Ses05F_script01_3,5,Ses05F_script01_3_M005,unknown,Well the plan was to kind of sneak up on you over a period of a week or so.  But uh- they take it for granted that we're all set.,,,joy
test,Ses05F_script01_3,6,Ses05F_script01_3_M006,unknown,How did you know?,,,neutral
test,Ses05F_script01_3,8,Ses05F_script01_3_M008,unknown,"Anne, I love you.  I love you a great deal.  I love you!",,,joy
test,Ses05F_script01_3,9,Ses05F_script01_3_M009,unknown,"I- I -I have no imagination, that's all I know what to say, I-I'm embarrassing you. I I didn't want to tell you here.  I wanted it to be some place different, some place where we could be new to each other you know.",,,excited
test,Ses05F_script01_3,10,Ses05F_script01_3_M010,unknown,"You feel it's wrong here, don't you- this yard, this chair?  I want you to be ready for me Annie.  I don't want to win you away from anything.",,,excited
test,Ses05F_script01_3,16,Ses05F_script01_3_M016,unknown,Oh God- I kissed Annie! I can't believe I kissed Annie!  How long I've wanted to do this.,,,excited
test,Ses05F_script01_3,17,Ses05F_script01_3_M017,unknown,"Oh Annie, we're going to live now.  I'm going to make you so happy.",,,excited
test,Ses05F_script01_3,21,Ses05F_script01_3_M021,unknown,"Yeah, I suppose I have been.  But it's going from me.",,,sadness
test,Ses05F_script01_3,23,Ses05F_script01_3_M023,unknown,"It's- It's mixed up with so many other things, I-",,,sadness
test,Ses05F_script01_3,24,Ses05F_script01_3_M024,unknown,Remember when I was overseas?  I was in command of the company.,,,sadness
test,Ses05F_script01_3,25,Ses05F_script01_3_M025,unknown,Yeah.  I lost them.,,,sadness
test,Ses05F_script01_3,26,Ses05F_script01_3_M026,unknown,just about all.,,,sadness
test,Ses05F_script01_3,27,Ses05F_script01_3_M027,unknown,Takes a little time to toss something like that off you know because they weren't just men-,,,sadness
test,Ses05F_script01_3,28,Ses05F_script01_3_M028,unknown,"for instance, there's this one time.  It had been raining for several days.  And this kid came up to me and gave me his last pair of dry socks. you know, He just put them in my pocket.",,,sadness
test,Ses05F_script01_3,29,Ses05F_script01_3_M029,unknown,"I know that- that's not a big thing, but it's just the kind of guys I had. They didn't die. They- They killed themselves for each other.",,,sadness
test,Ses05F_script01_3,30,Ses05F_script01_3_M030,unknown,I mean that exactly that-a little more selfish and they would have still been here today.,,,sadness
test,Ses05F_script01_3,31,Ses05F_script01_3_M031,unknown,"And I got an ideal, watching them all go down.  Everything was being destroyed see and-",,,sadness
test,Ses05F_script01_3,32,Ses05F_script01_3_M032,unknown,"but it seemed to me that something new was being created at the same time, a kind of responsibility, man for man.  Do you understand me?",,,sadness
test,Ses05F_script01_3,33,Ses05F_script01_3_M033,unknown,And to show that-to-to bring that back onto the earth again like a- like a monument.  And everyone would have it standing behind them and- and it would make a difference for them.,,,sadness
test,Ses05F_script01_3,34,Ses05F_script01_3_M034,unknown,And then I went home and it was incredible.  It had no meaning here.,,,sadness
test,Ses05F_script01_3,35,Ses05F_script01_3_M035,unknown,"It was all like some kind of bus accident to them.  I went back to work with my dad, in that whole rat race again.",,,sadness
test,Ses05F_script01_3,36,Ses05F_script01_3_M036,unknown,And I felt what you said- ashamed somehow-because nobody had changed at all.  It seemed to make suckers out of a whole lot of guys. and,,,sadness
test,Ses05F_script01_3,37,Ses05F_script01_3_M037,unknown,"It felt wrong to be alive-to open that bank-book; to buy that new car; to look at that new refrigerator.  I mean, you can take those things out of the war, but if you drive that car, you have to know that that comes from the love that a man has for a man.  And you've got to be a little bit better than that!",,,sadness
test,Ses05F_script01_3,39,Ses05F_script01_3_M039,unknown,"I I want you now, Annie.",,,excited
test,Ses05F_script01_3,40,Ses05F_script01_3_M040,unknown,"Oh Annie.  Annie, I am going to make you a fortune!",,,joy
test,Ses05F_script02_1,0,Ses05F_script02_1_F000,unknown,Fine.,,,neutral
test,Ses05F_script02_1,1,Ses05F_script02_1_F001,unknown,What flashlight?,,,neutral
test,Ses05F_script02_1,2,Ses05F_script02_1_F002,unknown,It's not your flashlight.,,,frustrated
test,Ses05F_script02_1,4,Ses05F_script02_1_F004,unknown,"I mean you keep saying ,my flashlight, as if it's somehow just yours.  How's that suppose to make me feel?",,,frustrated
test,Ses05F_script02_1,5,Ses05F_script02_1_F005,unknown,yes.,,,neutral
test,Ses05F_script02_1,7,Ses05F_script02_1_F007,unknown,"It's after eleven, let's go home.",,,neutral
test,Ses05F_script02_1,8,Ses05F_script02_1_F008,unknown,There is no point in coming out here.,,,frustrated
test,Ses05F_script02_1,10,Ses05F_script02_1_F010,unknown,So let's go.,,,frustrated
test,Ses05F_script02_1,11,Ses05F_script02_1_F011,unknown,Not particularly.,,,neutral
test,Ses05F_script02_1,12,Ses05F_script02_1_F012,unknown,I just don't.,,,neutral
test,Ses05F_script02_1,13,Ses05F_script02_1_F013,unknown,"Pass up what?  Its little fish, one month on the beach and they flop around and they swim away and then they die.",,,frustrated
test,Ses05F_script02_1,14,Ses05F_script02_1_F014,unknown,"What are you so excited about?  I mean it's not--it's not rocket science we are talking about, its fish.  Its fish nobody even eats.",,,frustrated
test,Ses05F_script02_1,15,Ses05F_script02_1_F015,unknown,I am just not.,,,neutral
test,Ses05F_script02_1,16,Ses05F_script02_1_F016,unknown,Yes.,,,neutral
test,Ses05F_script02_1,17,Ses05F_script02_1_F017,unknown,"Last year you also remember, our shoes got wet and I got sand in my panties and we got into a big fight.  You had a sore throat and we did not see the grunions.",,,frustrated
test,Ses05F_script02_1,18,Ses05F_script02_1_F018,unknown,We didn't see them the first time either.,,,frustrated
test,Ses05F_script02_1,0,Ses05F_script02_1_M000,unknown,"What time is it?  Isn't it supposed to start running around midnight?  This is great, isn't it?  Look at this great night we got here.  Couldn't be better--",,,excited
test,Ses05F_script02_1,1,Ses05F_script02_1_M001,unknown,actually I was hoping to go a little bit further up the coast to get away from the lights and the people but I was afraid I will miss it.  How are you doing?,,,excited
test,Ses05F_script02_1,2,Ses05F_script02_1_M002,unknown,"Is that--no, no no is that foam?  I can't even tell, although if I- if I can't tell, it probably isn't it?  Right It'll probably be unmistakable, but don't you think?  How you doing?",,,excited
test,Ses05F_script02_1,3,Ses05F_script02_1_M003,unknown,"Oh no, you know what I did.  I forgot my flashlight.  How could I be so stupid?  I can't believe I forgot my flashlight.",,,excited
test,Ses05F_script02_1,4,Ses05F_script02_1_M004,unknown,"The flashlight, the silver one, there's only one, isn't there?",,,frustrated
test,Ses05F_script02_1,5,Ses05F_script02_1_M005,unknown,Whose is it?,,,frustrated
test,Ses05F_script02_1,6,Ses05F_script02_1_M006,unknown,"Well, Sure.",,,frustrated
test,Ses05F_script02_1,7,Ses05F_script02_1_M007,unknown,"No, Of course, you are right.  Our flashlight.  Me flashlight is you flashlight naturally.  How can we not think to bring it?",,,frustrated
test,Ses05F_script02_1,9,Ses05F_script02_1_M009,unknown,"Are you cold?  You want my jacket?  We should have bought a blanket.  Our blanket-.  This is great, isn't it?",,,excited
test,Ses05F_script02_1,10,Ses05F_script02_1_M010,unknown,"I didn't even think to bring a six-pack.  A six-pack would be just the thing right about now. I can't believe I forgot.  And look at kid, I am surprise I make it out of the house about flies it.",,,excited
test,Ses05F_script02_1,11,Ses05F_script02_1_M011,unknown,[LAUGHTER] I wonder if they can hear me talk or if they can feel the vibration in the sand when we are moving around,,,excited
test,Ses05F_script02_1,12,Ses05F_script02_1_M012,unknown,you want my jacket?,,,excited
test,Ses05F_script02_1,14,Ses05F_script02_1_M014,unknown,Right.,,,excited
test,Ses05F_script02_1,17,Ses05F_script02_1_M017,unknown,Why not?,,,frustrated
test,Ses05F_script02_1,18,Ses05F_script02_1_M018,unknown,"Honey, this is a natural phenomenon. I mean,  It happens like once a year.  It's a great opportunity.",,,excited
test,Ses05F_script02_1,19,Ses05F_script02_1_M019,unknown,"Think about people in Kansas, they have to get a- a plane reservation and a hotel reservation just to see this uh- but we are just forty minutes away.  Too good to pass up.",,,excited
test,Ses05F_script02_1,20,Ses05F_script02_1_M020,unknown,"Yeah but that moment on the beach is the highlight of their little lives, all that flopping around is laying eggs or what you- mating or spawning or something like that.",,,excited
test,Ses05F_script02_1,21,Ses05F_script02_1_M021,unknown,This is a big night for these guys.  Life's last orgy. Yeah,,,excited
test,Ses05F_script02_1,23,Ses05F_script02_1_M023,unknown,"Okay, but they are fish that do something that no other fish do.  Like the swallows returning to Capistrano, or the lemmings jumping off a cliff you know like that.",,,excited
test,Ses05F_script02_1,24,Ses05F_script02_1_M024,unknown,There's There's mystery here and magic.  A little bit of the unexplainable.  I can't understand how you could not be interested.,,,excited
test,Ses05F_script02_1,25,Ses05F_script02_1_M025,unknown,For real?,,,sur
test,Ses05F_script02_1,27,Ses05F_script02_1_M027,unknown,We weren't in a good spot.,,,frustrated
test,Ses05F_script02_1,29,Ses05F_script02_1_M029,unknown,"Look there, what's that?  Is it?  Is that a--Ah, it's a seaweed isn't it?",,,excited
test,Ses05F_script02_1,30,Ses05F_script02_1_M030,unknown,"Oh, this is great.  I wouldn't miss this for the world.  I mean think about this. I know you are not interested but think about this for a second.",,,excited
test,Ses05F_script02_1,31,Ses05F_script02_1_M031,unknown,"Somewhere out there, is a giant mass of silver fish all swimming in this direction.  They don't know why and we don't know why. They didn't get an invitation.  And it wasn't a vote- it wasn't a decision.  And nobody sent them a map or anything like that.",,,excited
test,Ses05F_script02_1,32,Ses05F_script02_1_M032,unknown,It's just some little instinctual time-release firecracker that went off inside them and all this one they turn around and form a line as long as the California coast and just started swimming.,,,excited
test,Ses05F_script02_1,33,Ses05F_script02_1_M033,unknown,"They are swimming right now as if it's the only thing that matters.  It's- It's single mindedness with no mind, urgency that's pure urge. It's- They don't know what drives them.  They- They don't give any name or ask any question. They just turn as one and started to swim to the very point we are standing right now for a massive celebration of sex and death.  God, it's giving me goose bumps all over my hairs on my arm. popping up.",,,excited
test,Ses05F_script02_1,34,Ses05F_script02_1_M034,unknown,"Well, So what do you think?",,,excited
test,Ses05F_script02_2,4,Ses05F_script02_2_F004,unknown,I am sorry.  It's just fish to me.,,,frustrated
test,Ses05F_script02_2,5,Ses05F_script02_2_F005,unknown,"God damn it, Augie.  Why do you always ask things like that?  It's so insulting.",,,anger
test,Ses05F_script02_2,6,Ses05F_script02_2_F006,unknown,I just had a different idea of what this evening is going to look like.,,,frustrated
test,Ses05F_script02_2,7,Ses05F_script02_2_F007,unknown,"For heaven's sake Augie, grow up we are not going to see the grunions.",,,frustrated
test,Ses05F_script02_2,8,Ses05F_script02_2_F008,unknown,We never do.  Have we ever?  We never have.,,,frustrated
test,Ses05F_script02_2,9,Ses05F_script02_2_F009,unknown,"Twice is every time we tried, that's ever.",,,frustrated
test,Ses05F_script02_2,10,Ses05F_script02_2_F010,unknown,"No, we won't.  Augie it's like waiting for Santa Claus to come.  I feel like I am going to spend my entire life standing on the beach with my eyes wide open and my hands clasp expectantly in front of me waiting for the fish to show up and the fish will not show up.",,,frustrated
test,Ses05F_script02_2,11,Ses05F_script02_2_F011,unknown,"I did, I do want to see it.  I always want to see it, Augie.",,,frustrated
test,Ses05F_script02_2,12,Ses05F_script02_2_F012,unknown,"For heaven's sake, this is not about fish.",,,frustrated
test,Ses05F_script02_2,13,Ses05F_script02_2_F013,unknown,"Augie, do you remember the first time we came to see it?  It was about four years ago right after we got married and we thought I was pregnant.",,,sadness
test,Ses05F_script02_2,14,Ses05F_script02_2_F014,unknown,"We had a bottle of champagne but no glasses and you ask me to dance so we took off our shoes and while we were dancing, you said the most intimate things right in my ears so I could feel them as much as hear them.",,,sadness
test,Ses05F_script02_2,15,Ses05F_script02_2_F015,unknown,"And I remember thinking, Finally, finally.  I am as happy as I am supposed to be.",,,joy
test,Ses05F_script02_2,16,Ses05F_script02_2_F016,unknown,"Dancing barefoot in the sand, drinking champagne from the bottle.",,,sadness
test,Ses05F_script02_2,17,Ses05F_script02_2_F017,unknown,I rather not remember some things.  I rather not hope for some things.,,,sadness
test,Ses05F_script02_2,18,Ses05F_script02_2_F018,unknown,No.,,,sadness
test,Ses05F_script02_2,19,Ses05F_script02_2_F019,unknown,No.,,,sadness
test,Ses05F_script02_2,20,Ses05F_script02_2_F020,unknown,No.,,,frustrated
test,Ses05F_script02_2,23,Ses05F_script02_2_F023,unknown,No no.,,,frustrated
test,Ses05F_script02_2,24,Ses05F_script02_2_F024,unknown,I want something to turn out the way it is suppose to turn out.,,,frustrated
test,Ses05F_script02_2,25,Ses05F_script02_2_F025,unknown,This what?  What is this?  This isn't even anything.,,,sadness
test,Ses05F_script02_2,26,Ses05F_script02_2_F026,unknown,"Sure, this is standing.  This is waiting.  This is fighting.",,,sadness
test,Ses05F_script02_2,27,Ses05F_script02_2_F027,unknown,But this isn't anything like I thought it would be.,,,sadness
test,Ses05F_script02_2,28,Ses05F_script02_2_F028,unknown,"I mean it is just this , I mean it includes a lot and everything and you know it's the sand and it's the full moon and I just-I am sorry but I couldn't help wishing I was somewhere else.",,,sadness
test,Ses05F_script02_2,29,Ses05F_script02_2_F029,unknown,I didn't say that.,,,sadness
test,Ses05F_script02_2,30,Ses05F_script02_2_F030,unknown,"For heaven's sake Augie, wherever I am I always wanted to be with you.",,,sadness
test,Ses05F_script02_2,32,Ses05F_script02_2_F032,unknown,"Whatever I am doing, I wanted to be with you.  I mean you are probably the one who wishes you were with somebody else, somebody who didn't take everything so hard and who knows how to enjoy herself.",,,sadness
test,Ses05F_script02_2,33,Ses05F_script02_2_F033,unknown,Good.  So maybe we are on the wrong spot but we are with the right person.,,,joy
test,Ses05F_script02_2,34,Ses05F_script02_2_F034,unknown,"Yes, I did notice that.  It does look really beautiful on the water.  The gold white moon.",,,joy
test,Ses05F_script02_2,37,Ses05F_script02_2_F037,unknown,"No, I am beginning to think that maybe this is the spot after all.",,,joy
test,Ses05F_script02_2,0,Ses05F_script02_2_M000,unknown,"Well, so?  What do you think?",,,excited
test,Ses05F_script02_2,1,Ses05F_script02_2_M001,unknown,What I was just saying.,,,frustrated
test,Ses05F_script02_2,2,Ses05F_script02_2_M002,unknown,It certainly is not. It's slightly exaggerated scientific fact.,,,neutral
test,Ses05F_script02_2,3,Ses05F_script02_2_M003,unknown,"I am not the only one, look at all these people.",,,neutral
test,Ses05F_script02_2,5,Ses05F_script02_2_M005,unknown,"Carla, can I ask you a question?  Now don't be upset, are you having a period?",,,neutral
test,Ses05F_script02_2,6,Ses05F_script02_2_M006,unknown,What's bugging you?,,,frustrated
test,Ses05F_script02_2,7,Ses05F_script02_2_M007,unknown,"There's nothing to it.  We come down here.  The grunion arrives and they do their little fish thing.  And we say, Oh, wow.  Look at the little fish.  They go home, we go home.",,,frustrated
test,Ses05F_script02_2,8,Ses05F_script02_2_M008,unknown,Why not?,,,frustrated
test,Ses05F_script02_2,9,Ses05F_script02_2_M009,unknown,"We miss them twice, it's not ever.",,,frustrated
test,Ses05F_script02_2,10,Ses05F_script02_2_M010,unknown,Well We will see them this year.,,,neutral
test,Ses05F_script02_2,11,Ses05F_script02_2_M011,unknown,I thought you wanted to see it.,,,frustrated
test,Ses05F_script02_2,12,Ses05F_script02_2_M012,unknown,"It's just fish, it's nothing to get traumatize over.",,,frustrated
test,Ses05F_script02_2,13,Ses05F_script02_2_M013,unknown,"Okay, I been trying to work this backwards but I can't seem to pinpoint a moment when we took a turn for the worst here.",,,frustrated
test,Ses05F_script02_2,16,Ses05F_script02_2_M016,unknown,"Wait a minute, I got it.",,,neutral
test,Ses05F_script02_2,18,Ses05F_script02_2_M018,unknown,"Okay, all right I got it.  You wanted it to be like the other time, okay no problem. Listen, You want to dance?",,,excited
test,Ses05F_script02_2,19,Ses05F_script02_2_M019,unknown,You want me to go get some champagne?,,,excited
test,Ses05F_script02_2,20,Ses05F_script02_2_M020,unknown,Take off our shoes?,,,excited
test,Ses05F_script02_2,22,Ses05F_script02_2_M022,unknown,You want to get married again?,,,frustrated
test,Ses05F_script02_2,23,Ses05F_script02_2_M023,unknown,What? What You want a divorce?,,,frustrated
test,Ses05F_script02_2,24,Ses05F_script02_2_M024,unknown,"A vacation? A new carpet, a poodle?  A bag of ice cream, a suicide pack, what what Carla?  What the hell do you want?",,,frustrated
test,Ses05F_script02_2,25,Ses05F_script02_2_M025,unknown,What.  Welcome to the human race.,,,anger
test,Ses05F_script02_2,27,Ses05F_script02_2_M027,unknown,"No, no I was just like you, I thought it will be all peaches and roses and- and sand in our toes and wind in our hair and the fish will always come. And the bills will always magically pay themselves and we will have three fat rosy kids and we will be, HAHA baby the joke is on us.",,,frustrated
test,Ses05F_script02_2,31,Ses05F_script02_2_M031,unknown,"No, I know me either.",,,sadness
test,Ses05F_script02_2,32,Ses05F_script02_2_M032,unknown,Maybe if you are with somebody else too?,,,sadness
test,Ses05F_script02_2,33,Ses05F_script02_2_M033,unknown,"No, I know, but.  I know I don't make you happy.",,,sadness
test,Ses05F_script02_2,35,Ses05F_script02_2_M035,unknown,"Actually, now that you mention it.  No, I don't.",,,joy
test,Ses05F_script02_2,36,Ses05F_script02_2_M036,unknown,I don't know.  Seems like a pretty good spot to me I mean look at the view of the moon you got from here.,,,joy
test,Ses05F_script02_2,37,Ses05F_script02_2_M037,unknown,"Well, look what we have got here.",,,joy
test,Ses05F_script02_2,40,Ses05F_script02_2_M040,unknown,"Shh, If we're very quiet, the fish might come.",,,joy
test,Ses05F_script02_2,41,Ses05F_script02_2_M041,unknown,Or not.,,,joy
test,Ses05F_script03_1,5,Ses05F_script03_1_F005,unknown,"Oh, it sent shivers up my spine.",,,excited
test,Ses05F_script03_1,6,Ses05F_script03_1_F006,unknown,Behave exquisitely.,,,excited
test,Ses05F_script03_1,7,Ses05F_script03_1_F007,unknown,"Yes, I shall probably do a Court Curtsey.",,,excited
test,Ses05F_script03_1,10,Ses05F_script03_1_F010,unknown,The whole business is really rather ridiculous.,,,neutral
test,Ses05F_script03_1,11,Ses05F_script03_1_F011,unknown,Meaning exactly that.,,,neutral
test,Ses05F_script03_1,13,Ses05F_script03_1_F013,unknown,Who's they?,,,neutral
test,Ses05F_script03_1,15,Ses05F_script03_1_F015,unknown,"Well, what if-what happens when our love-",,,neutral
test,Ses05F_script03_1,19,Ses05F_script03_1_F019,unknown,"Well, what if one of us dies, does the other laugh then?",,,neutral
test,Ses05F_script03_1,25,Ses05F_script03_1_F025,unknown,Charles.  That was his name.  He did wriggle so beautifully.,,,excited
test,Ses05F_script03_1,30,Ses05F_script03_1_F030,unknown,And then the manager came in and found us rolling around on the floor biting and scratching like panthers.,,,excited
test,Ses05F_script03_1,31,Ses05F_script03_1_F031,unknown,"Oh, ridiculous. utterly ridiculous",,,joy
test,Ses05F_script03_1,33,Ses05F_script03_1_F033,unknown,You knew there was nothing.,,,neutral
test,Ses05F_script03_1,0,Ses05F_script03_1_M000,unknown,Good God.,,,excited
test,Ses05F_script03_1,1,Ses05F_script03_1_M001,unknown,I wonder.,,,excited
test,Ses05F_script03_1,5,Ses05F_script03_1_M005,unknown,Hello?  Hello?  What?  Wrong number.,,,excited
test,Ses05F_script03_1,6,Ses05F_script03_1_M006,unknown,"Oh, what shall we do if they suddenly walk in on us?",,,fea
test,Ses05F_script03_1,7,Ses05F_script03_1_M007,unknown,With the most perfect poise.,,,excited
test,Ses05F_script03_1,11,Ses05F_script03_1_M011,unknown,"What does it all mean?  That's what I asked myself in my ceaseless quest for ultimate truth.  Dear God, what does it all mean?",,,excited
test,Ses05F_script03_1,13,Ses05F_script03_1_M013,unknown,"All the futile mortals who try to make life unbearable.  Laugh at them.  Be flippant.  Laugh at everything, all their sacred shibboleths.  Flippancy brings out the acid in their damned sweetness and light.",,,excited
test,Ses05F_script03_1,14,Ses05F_script03_1_M014,unknown,Certainly you must.  We're figures of fun alright [LAUGHTER].,,,excited
test,Ses05F_script03_1,15,Ses05F_script03_1_M015,unknown,Who knows?,,,excited
test,Ses05F_script03_1,16,Ses05F_script03_1_M016,unknown,"No, that fire will fade along with our passion.",,,excited
test,Ses05F_script03_1,17,Ses05F_script03_1_M017,unknown,It all depends on how well we played.,,,excited
test,Ses05F_script03_1,18,Ses05F_script03_1_M018,unknown,"Yes, yes, with all his might.",,,excited
test,Ses05F_script03_1,19,Ses05F_script03_1_M019,unknown,"No, no it isn't.  Death is very laughable.  Come such a cunning little mystery all done with mirrors.",,,excited
test,Ses05F_script03_1,20,Ses05F_script03_1_M020,unknown,"no, So is everyone else in the long run.  Let's be superficial and pity the poor philosophers.  Let's blow trumpets and squeakers and --",,,excited
test,Ses05F_script03_1,21,Ses05F_script03_1_M021,unknown,enjoy the party as long as we can like very little quite idiotic schoolchildren. [garbage] Let's savor the delight of the moment.,,,excited
test,Ses05F_script03_1,22,Ses05F_script03_1_M022,unknown,"Darling, come here and kiss me before your body rots and worms pop in and out of your eye sockets.",,,excited
test,Ses05F_script03_1,24,Ses05F_script03_1_M024,unknown,Do you remember that awful scene we had in Venice?,,,excited
test,Ses05F_script03_1,25,Ses05F_script03_1_M025,unknown,The one where you bought that little painted wooden snake and put it on my bed.,,,excited
test,Ses05F_script03_1,26,Ses05F_script03_1_M026,unknown,"Horrible thing, I hate it.",,,excited
test,Ses05F_script03_1,27,Ses05F_script03_1_M027,unknown,How long did that row last?,,,excited
test,Ses05F_script03_1,28,Ses05F_script03_1_M028,unknown,The worst one was in Cannes when your curling irons burnt a hole in my new dressing gown.,,,excited
test,Ses05F_script03_1,29,Ses05F_script03_1_M029,unknown,"Oh, that was quite a rouser, wasn't it?",,,excited
test,Ses05F_script03_1,30,Ses05F_script03_1_M030,unknown,"Oh, I didn't hit you very hard.",,,neutral
test,Ses05F_script03_1,31,Ses05F_script03_1_M031,unknown,[LAUGHTER] I shall never forget his face.,,,excited
test,Ses05F_script03_1,32,Ses05F_script03_1_M032,unknown,"Oh, we were very much younger then.",,,excited
test,Ses05F_script03_1,33,Ses05F_script03_1_M033,unknown,"Oh, As a matter of fact, the real cause of that row was Peter Burden.",,,excited
test,Ses05F_script03_2,0,Ses05F_script03_2_F000,unknown,You knew there was nothing in that.,,,neutral
test,Ses05F_script03_2,1,Ses05F_script03_2_F001,unknown,Only a trivial little broach.,,,neutral
test,Ses05F_script03_2,3,Ses05F_script03_2_F003,unknown,You worked the whole thing up in your jealous imagination.,,,neutral
test,Ses05F_script03_2,4,Ses05F_script03_2_F004,unknown,"maybe just a little, but--",,,neutral
test,Ses05F_script03_2,5,Ses05F_script03_2_F005,unknown,And what of it?,,,neutral
test,Ses05F_script03_2,6,Ses05F_script03_2_F006,unknown,"Well, I- he got a lot of pleasure out of it and it didn't hurt me.",,,neutral
test,Ses05F_script03_2,8,Ses05F_script03_2_F008,unknown,I'm growing quite tired and bored of this conversation.,,,frustrated
test,Ses05F_script03_2,10,Ses05F_script03_2_F010,unknown,I don't see why you want any.  You've already had three glasses.,,,neutral
test,Ses05F_script03_2,11,Ses05F_script03_2_F011,unknown,"Well, it seems silly to go on and on in such a thing.",,,neutral
test,Ses05F_script03_2,12,Ses05F_script03_2_F012,unknown,It's becoming a habit with you.,,,neutral
test,Ses05F_script03_2,14,Ses05F_script03_2_F014,unknown,Just making myself fascinating for you.,,,neutral
test,Ses05F_script03_2,18,Ses05F_script03_2_F018,unknown,"Um, It doesn't seem to have worked such wonders with you.",,,anger
test,Ses05F_script03_2,19,Ses05F_script03_2_F019,unknown,"adder don't snap, they sting.",,,anger
test,Ses05F_script03_2,20,Ses05F_script03_2_F020,unknown,They sting.,,,anger
test,Ses05F_script03_2,21,Ses05F_script03_2_F021,unknown,"I don't care if they bark and roll around like hoops, okay.",,,anger
test,Ses05F_script03_2,22,Ses05F_script03_2_F022,unknown,"Yes, I did quite a bit.",,,neutral
test,Ses05F_script03_2,23,Ses05F_script03_2_F023,unknown,Mind your own business.,,,anger
test,Ses05F_script03_2,24,Ses05F_script03_2_F024,unknown,"Oh dear, you really are becoming quite insufferable.  I would imagine it's because you're drunk.",,,anger
test,Ses05F_script03_2,26,Ses05F_script03_2_F026,unknown,"Oh, You are so insufferable.  Do you stop.",,,frustrated
test,Ses05F_script03_2,27,Ses05F_script03_2_F027,unknown,"Not very funny, dear, you better have some more brandy.",,,anger
test,Ses05F_script03_2,28,Ses05F_script03_2_F028,unknown,Ugh.,,,frustrated
test,Ses05F_script03_2,29,Ses05F_script03_2_F029,unknown,Why?,,,anger
test,Ses05F_script03_2,30,Ses05F_script03_2_F030,unknown,There aren't any people upstairs; it's a photographer's studio.,,,anger
test,Ses05F_script03_2,31,Ses05F_script03_2_F031,unknown,They're away in Tunis.,,,anger
test,Ses05F_script03_2,32,Ses05F_script03_2_F032,unknown,Turn it on again.,,,anger
test,Ses05F_script03_2,33,Ses05F_script03_2_F033,unknown,"Fine, if you insist on being completely insolent.",,,anger
test,Ses05F_script03_2,34,Ses05F_script03_2_F034,unknown,"Well, do try to control yourself darling.",,,anger
test,Ses05F_script03_2,35,Ses05F_script03_2_F035,unknown,You really do need to develop uh a clearer head.,,,anger
test,Ses05F_script03_2,36,Ses05F_script03_2_F036,unknown,I- I hate you.,,,anger
test,Ses05F_script03_2,37,Ses05F_script03_2_F037,unknown,I hate you.,,,anger
test,Ses05F_script03_2,38,Ses05F_script03_2_F038,unknown,"No, no.  I'm tired of listening to you.  You're boorish and idiotic and completely overbearing.",,,anger
test,Ses05F_script03_2,39,Ses05F_script03_2_F039,unknown,"Yeah, very amusing.  Let me go.  I'm getting out of here.  I can't believe I intended to marry you.",,,anger
test,Ses05F_script03_2,40,Ses05F_script03_2_F040,unknown,"Oh, marry you again?  I must have been insane.  What was I thinking?  I mean, you're completely outrageous.",,,anger
test,Ses05F_script03_2,41,Ses05F_script03_2_F041,unknown,Beast; brute; cad; whore,,,anger
test,Ses05F_script03_2,4,Ses05F_script03_2_M004,unknown,"You must admit that he was in love with you, wasn't he?",,,anger
test,Ses05F_script03_2,5,Ses05F_script03_2_M005,unknown,You let him kiss you.  You said you did.,,,anger
test,Ses05F_script03_2,6,Ses05F_script03_2_M006,unknown,What of it?,,,frustrated
test,Ses05F_script03_2,8,Ses05F_script03_2_M008,unknown,"Well, that's a nice point of view I must say.",,,anger
test,Ses05F_script03_2,9,Ses05F_script03_2_M009,unknown,"So am I, bored stiff.  Would you like some brandy?",,,neutral
test,Ses05F_script03_2,10,Ses05F_script03_2_M010,unknown,I'll have a little I think.,,,neutral
test,Ses05F_script03_2,13,Ses05F_script03_2_M013,unknown,You needn't be so grand simply because you don't happen to want any at the moment.,,,anger
test,Ses05F_script03_2,14,Ses05F_script03_2_M014,unknown,"Really, Amanda.",,,anger
test,Ses05F_script03_2,16,Ses05F_script03_2_M016,unknown,"Oh, that reply has broken my heart.",,,anger
test,Ses05F_script03_2,18,Ses05F_script03_2_M018,unknown,"Oh, yes it is.",,,frustrated
test,Ses05F_script03_2,19,Ses05F_script03_2_M019,unknown,It's a pity you didn't take a little more brandy.  It might have made you a little less disagreeable.,,,anger
test,Ses05F_script03_2,22,Ses05F_script03_2_M022,unknown,They snap.,,,anger
test,Ses05F_script03_2,23,Ses05F_script03_2_M023,unknown,[BREATHING],,,frustrated
test,Ses05F_script03_2,24,Ses05F_script03_2_M024,unknown,Did you see much of Peter Burden after the divorce?,,,anger
test,Ses05F_script03_2,25,Ses05F_script03_2_M025,unknown,I suppose you let him kiss you a good deal more then.,,,anger
test,Ses05F_script03_2,26,Ses05F_script03_2_M026,unknown,"You must have a riotous time, no restraint at all, very enjoyable.  I mean, you never had much anyway.",,,anger
test,Ses05F_script03_2,30,Ses05F_script03_2_M030,unknown,"Oh, This is very interesting.  We- we might get a splendid debate going about this intemperate tots.",,,frustrated
test,Ses05F_script03_2,32,Ses05F_script03_2_M032,unknown,You better turn that off I think.,,,frustrated
test,Ses05F_script03_2,37,Ses05F_script03_2_M037,unknown,Turn it off.  It is driving me mad.,,,anger
test,Ses05F_script03_2,38,Ses05F_script03_2_M038,unknown,Turn it off.,,,anger
test,Ses05F_script03_2,39,Ses05F_script03_2_M039,unknown,Turn it off.,,,anger
test,Ses05F_script03_2,40,Ses05F_script03_2_M040,unknown,Amanda-- Listen- Listen-,,,anger
test,Ses05F_script03_2,41,Ses05F_script03_2_M041,unknown,Very music- amusing indeed.,,,anger
test,Ses05F_script03_2,42,Ses05F_script03_2_M042,unknown,"You are a vile tempered, loose living, wicked little beast, and I never want to set eyes on you again.",,,anger
test,Ses05F_script03_2,43,Ses05F_script03_2_M043,unknown,"Shut up, shut up.  I wouldn't marry you again if you came crawling to me on bended knee. You're a mean, evil-minded little vampire and I hope to God I never set eyes on you again.",,,anger
test,Ses05M_impro01,0,Ses05M_impro01_F000,unknown,Can I help you?,,,neutral
test,Ses05M_impro01,1,Ses05M_impro01_F001,unknown,"Oh, this- this form that you have is the wrong form.  You need to go over to the other line on the other side of the D.M.V..",,,neutral
test,Ses05M_impro01,2,Ses05M_impro01_F002,unknown,"Right, but this is the wrong form.  Somebody gave you the wrong form.",,,neutral
test,Ses05M_impro01,3,Ses05M_impro01_F003,unknown,"Yeah.  So, I can't -- I can't do anything-",,,neutral
test,Ses05M_impro01,4,Ses05M_impro01_F004,unknown,"No, but this is for um- replacements and you need a new -- whole new license as a California --",,,neutral
test,Ses05M_impro01,5,Ses05M_impro01_F005,unknown,"Sir, don't get an attitude with me.",,,frustrated
test,Ses05M_impro01,6,Ses05M_impro01_F006,unknown,"No, I understand and there are a lot of people here.  But what I'm telling you is that it's different for different states and since your getting a new license in the state of California -- You have to fill out a different form than you did.",,,neutral
test,Ses05M_impro01,7,Ses05M_impro01_F007,unknown,I don't know.  I don't know who told you.  It wasn't me.,,,frustrated
test,Ses05M_impro01,8,Ses05M_impro01_F008,unknown,"You- You can ask her if you want, but she's busy and she probably won't answer you.",,,frustrated
test,Ses05M_impro01,9,Ses05M_impro01_F009,unknown,I know.,,,neutral
test,Ses05M_impro01,10,Ses05M_impro01_F010,unknown,"Sir, you- I mean",,,frustrated
test,Ses05M_impro01,11,Ses05M_impro01_F011,unknown,You can waist as much as you want,,,frustrated
test,Ses05M_impro01,12,Ses05M_impro01_F012,unknown,Yeah.  I know it's gonna take a minute.  But you-- so you might as well get started now.,,,neutral
test,Ses05M_impro01,13,Ses05M_impro01_F013,unknown,"I can't take this one, sir. this is the wrong form.",,,frustrated
test,Ses05M_impro01,14,Ses05M_impro01_F014,unknown,"Sir, please don't waste my time.",,,frustrated
test,Ses05M_impro01,15,Ses05M_impro01_F015,unknown,There is nothing I can do about it.  You need to take this other form and fill it out and go stand in the other line.,,,frustrated
test,Ses05M_impro01,16,Ses05M_impro01_F016,unknown,"They're different forms, we process them all different-",,,frustrated
test,Ses05M_impro01,17,Ses05M_impro01_F017,unknown,I -- there's no way I'd make an exception.,,,frustrated
test,Ses05M_impro01,18,Ses05M_impro01_F018,unknown,"Sir, don't patronize me.  I can't make an exception.  I don't- I don't have the power to do that.  It's a different form.",,,frustrated
test,Ses05M_impro01,19,Ses05M_impro01_F019,unknown,They're processed differently.,,,frustrated
test,Ses05M_impro01,20,Ses05M_impro01_F020,unknown,"Sir, you're gonna have to go stand in the other line.",,,frustrated
test,Ses05M_impro01,21,Ses05M_impro01_F021,unknown,I'm gonna- I'm gonna bring security over and have them escort you out.,,,anger
test,Ses05M_impro01,22,Ses05M_impro01_F022,unknown,But you filled out the wrong form and you're in the wrong line and you're wasting both of our times.,,,frustrated
test,Ses05M_impro01,23,Ses05M_impro01_F023,unknown,"Well, that's unfortunate, sir.  You're gonna have to go stand in the other line now.",,,anger
test,Ses05M_impro01,4,Ses05M_impro01_M004,unknown,What's the difference?  What's the difference between that form and this form?,,,frustrated
test,Ses05M_impro01,5,Ses05M_impro01_M005,unknown,"I'm not getting a -- well, you wait in this line and not get an attitude.",,,anger
test,Ses05M_impro01,8,Ses05M_impro01_M008,unknown,"Well then, when I showed them my I.D. before and I said I had to get a new I.D, why didn't they tell me to fill out the right form?",,,frustrated
test,Ses05M_impro01,9,Ses05M_impro01_M009,unknown,"Well, it was this girl standing right next to you.  Can we ask her why she didn't let me fill out the right form?",,,frustrated
test,Ses05M_impro01,11,Ses05M_impro01_M011,unknown,Do you know how long it's gonna take me to start all over and fill out the new form?,,,frustrated
test,Ses05M_impro01,12,Ses05M_impro01_M012,unknown,Might as well get started now? but Just take this one.,,,frustrated
test,Ses05M_impro01,13,Ses05M_impro01_M013,unknown,Why can't we just -- you know what?  How about if we just pretend that I'm getting a -- renewing my California I.D. and we just don't tell anybody -- That I'm getting a new one from a different state?,,,frustrated
test,Ses05M_impro01,14,Ses05M_impro01_M014,unknown,"Come on!  You know -- you can't just take -- make a little exception to the rule?  I know that you guys make exceptions.  I see -- you know, if I was-if I was your friend and you knew me, or something like that, you'd probably make a little exception for me wouldn't you?",,,frustrated
test,Ses05M_impro01,15,Ses05M_impro01_M015,unknown,"Wouldn't you? Oh, come on.  you just tell me.  You would make an exception for me.",,,anger
test,Ses05M_impro01,16,Ses05M_impro01_M016,unknown,Shh...I know you've got the power to do that.,,,frustrated
test,Ses05M_impro01,17,Ses05M_impro01_M017,unknown,That's crap- You're crap.  I don't buy it.,,,frustrated
test,Ses05M_impro01,18,Ses05M_impro01_M018,unknown,I'm not leaving this line until I get my new I.D.  That's as simple as it is.  I'm not leaving this line until I get my new I.D.,,,frustrated
test,Ses05M_impro01,19,Ses05M_impro01_M019,unknown,"Well, then you're just gonna look stupid because I'm just waiting for an I.D. and you're gonna make security take me out because I want my I.D.",,,frustrated
test,Ses05M_impro01,20,Ses05M_impro01_M020,unknown,That's just dumb.,,,frustrated
test,Ses05M_impro01,21,Ses05M_impro01_M021,unknown,I filled out the wrong form because they made me fill out the wrong form!,,,frustrated
test,Ses05M_impro01,22,Ses05M_impro01_M022,unknown,"This is crap.  You know, I don't even know why I'm in this state.  Screw California.  I'm out of here.",,,frustrated
test,Ses05M_impro02,1,Ses05M_impro02_F001,unknown,What?,,,sur
test,Ses05M_impro02,2,Ses05M_impro02_F002,unknown,"What?  No, you can't!",,,fea
test,Ses05M_impro02,3,Ses05M_impro02_F003,unknown,You didn't- Did you tell them you have two young children at home?,,,fea
test,Ses05M_impro02,6,Ses05M_impro02_F006,unknown,"No, we have- There's got to be something you can do.  You can't go.",,,frustrated
test,Ses05M_impro02,8,Ses05M_impro02_F008,unknown,What?,,,sur
test,Ses05M_impro02,9,Ses05M_impro02_F009,unknown,There's got to be something we can do.  You can't just go.,,,frustrated
test,Ses05M_impro02,10,Ses05M_impro02_F010,unknown,Why don't we do that- Can we- Can we just leave the country?,,,frustrated
test,Ses05M_impro02,12,Ses05M_impro02_F012,unknown,What would be the worst that would happen if they found you somewhere else?,,,neutral
test,Ses05M_impro02,13,Ses05M_impro02_F013,unknown,"Well, they're so young.",,,sadness
test,Ses05M_impro02,15,Ses05M_impro02_F015,unknown,"Are you gonna be like in tanks running around?  What- I mean, what does that mean?",,,fea
test,Ses05M_impro02,16,Ses05M_impro02_F016,unknown,"Oh, my God.",,,fea
test,Ses05M_impro02,17,Ses05M_impro02_F017,unknown,But so many people have died.,,,fea
test,Ses05M_impro02,19,Ses05M_impro02_F019,unknown,"I mean, I-I know that you're a good soldier, but not everybody else is. and what if",,,fea
test,Ses05M_impro02,20,Ses05M_impro02_F020,unknown,It's just so much.,,,sadness
test,Ses05M_impro02,21,Ses05M_impro02_F021,unknown,[GARBAGE] You have to write me everyday.,,,sadness
test,Ses05M_impro02,23,Ses05M_impro02_F023,unknown,okay.,,,sadness
test,Ses05M_impro02,24,Ses05M_impro02_F024,unknown,[GARBAGE],,,sadness
test,Ses05M_impro02,0,Ses05M_impro02_M000,unknown,"Sweetheart, I've got to tell you something.  I just got a call.  I'm going to Iraq.",,,sadness
test,Ses05M_impro02,1,Ses05M_impro02_M001,unknown,"I know it's really crappy timing, but I don't have a choice.",,,sadness
test,Ses05M_impro02,7,Ses05M_impro02_M007,unknown,"I don't have a choice.  I have to go.  If I don't go, they'll come and take me.",,,sadness
test,Ses05M_impro02,8,Ses05M_impro02_M008,unknown,I've tried everything.  I've called everyone I know.  I've tried everything. No one can do anything for me or they won't do anything for me.,,,frustrated
test,Ses05M_impro02,10,Ses05M_impro02_M010,unknown,I know.,,,sadness
test,Ses05M_impro02,11,Ses05M_impro02_M011,unknown,I don't want to -- the kids.  You've got to take care of them.  You've got- you've got to-,,,sadness
test,Ses05M_impro02,12,Ses05M_impro02_M012,unknown,"tell them about me and show them pictures of me and everything like that, because they are not going to see me for such a long time.  And it's such an important time and I just don't want to miss it.",,,sadness
test,Ses05M_impro02,13,Ses05M_impro02_M013,unknown,I don't have -- I know.  What are we gonna- What are we- just run away?  What can I do?  Where can we go?,,,sadness
test,Ses05M_impro02,17,Ses05M_impro02_M017,unknown,"They'd put me in jail and then how long- when will I get to see the kids?  What, ten years?  I don't know.",,,frustrated
test,Ses05M_impro02,18,Ses05M_impro02_M018,unknown,I know.  But I'll-I'll send the pictures all the time and I'll write them emails and you can read them the emails that I send them.,,,sadness
test,Ses05M_impro02,19,Ses05M_impro02_M019,unknown,"I'm gonna be in Bagdad, just doing security.",,,sadness
test,Ses05M_impro02,21,Ses05M_impro02_M021,unknown,I just want to be honest with you.  I don't want you to .,,,sadness
test,Ses05M_impro02,22,Ses05M_impro02_M022,unknown,"but, it's gonna be fine.  I'm gonna be fine.  You know I'm good at this.  I can do this.  That's why I trained all this time.  I'm good at this.  Okay?",,,sadness
test,Ses05M_impro02,23,Ses05M_impro02_M023,unknown,"I know.  I know.  I know.  But, you know what?  That doesn't mean it's gonna be me; does it?",,,sadness
test,Ses05M_impro02,24,Ses05M_impro02_M024,unknown,No.  It doesn't.  And you can't think like that.,,,sadness
test,Ses05M_impro02,25,Ses05M_impro02_M025,unknown,I don't want you to -- I know.  I know. You can't worry about me.  You've got to worry about the kids.  And you've got to take care of the kids for me.  Okay?  Take care of the kids for me; all right?,,,sadness
test,Ses05M_impro02,27,Ses05M_impro02_M027,unknown,"I'll miss you, baby.",,,sadness
test,Ses05M_impro02,28,Ses05M_impro02_M028,unknown,"All- I'll write you everyday, all the time.  And I'll send you pictures and you send me pictures. I know We've got email out there.  We've got email and I can see stuff and you can send me stuff all the time.  Okay?",,,sadness
test,Ses05M_impro02,29,Ses05M_impro02_M029,unknown,yeah yeah yeah.,,,sadness
test,Ses05M_impro02,30,Ses05M_impro02_M030,unknown,You you record every second.  You record every second because I want to see it all.  Okay?,,,excited
test,Ses05M_impro03,0,Ses05M_impro03_F000,unknown,what?,,,neutral
test,Ses05M_impro03,1,Ses05M_impro03_F001,unknown,What? you did?,,,sur
test,Ses05M_impro03,2,Ses05M_impro03_F002,unknown,When?,,,excited
test,Ses05M_impro03,3,Ses05M_impro03_F003,unknown,"Oh, what, how- where how did you do it?",,,excited
test,Ses05M_impro03,4,Ses05M_impro03_F004,unknown,Okay good. I I assumed.,,,excited
test,Ses05M_impro03,5,Ses05M_impro03_F005,unknown,oh-,,,joy
test,Ses05M_impro03,6,Ses05M_impro03_F006,unknown,uh-huh,,,neutral
test,Ses05M_impro03,7,Ses05M_impro03_F007,unknown,"Oh, my God.  That's so dramatic.",,,excited
test,Ses05M_impro03,8,Ses05M_impro03_F008,unknown,so cute.,,,joy
test,Ses05M_impro03,9,Ses05M_impro03_F009,unknown,"No, it's totally original, though.",,,joy
test,Ses05M_impro03,10,Ses05M_impro03_F010,unknown,oh.,,,joy
test,Ses05M_impro03,11,Ses05M_impro03_F011,unknown,"Oh, Then you had a whole weekend of camping?",,,joy
test,Ses05M_impro03,12,Ses05M_impro03_F012,unknown,"Oh, right. sure [LAUGHTER]",,,joy
test,Ses05M_impro03,13,Ses05M_impro03_F013,unknown,So where are you going to have your wedding?,,,joy
test,Ses05M_impro03,14,Ses05M_impro03_F014,unknown,Yeah. of course.,,,excited
test,Ses05M_impro03,15,Ses05M_impro03_F015,unknown,Okay Okay.,,,excited
test,Ses05M_impro03,16,Ses05M_impro03_F016,unknown,Where is she right now?,,,joy
test,Ses05M_impro03,17,Ses05M_impro03_F017,unknown,"Yeah,I'll hang out with the both of you.",,,joy
test,Ses05M_impro03,18,Ses05M_impro03_F018,unknown,yes.,,,excited
test,Ses05M_impro03,19,Ses05M_impro03_F019,unknown,Oh I'm so excited for you.,,,excited
test,Ses05M_impro03,20,Ses05M_impro03_F020,unknown,oh.,,,joy
test,Ses05M_impro03,21,Ses05M_impro03_F021,unknown,"Oh, my gosh.  You told your parents already? and everything",,,joy
test,Ses05M_impro03,22,Ses05M_impro03_F022,unknown,Are they so excited?,,,joy
test,Ses05M_impro03,23,Ses05M_impro03_F023,unknown,Are you guys gonna have kids?,,,excited
test,Ses05M_impro03,26,Ses05M_impro03_F026,unknown,Are you going to start right away?,,,neutral
test,Ses05M_impro03,27,Ses05M_impro03_F027,unknown,"Yeah, have you ever like lived with someone else before?",,,neutral
test,Ses05M_impro03,30,Ses05M_impro03_F030,unknown,Oooh,,,neutral
test,Ses05M_impro03,31,Ses05M_impro03_F031,unknown,"That's incredible yeah ,Congratulations.",,,joy
test,Ses05M_impro03,0,Ses05M_impro03_M000,unknown,Guess what?,,,excited
test,Ses05M_impro03,1,Ses05M_impro03_M001,unknown,"I did it, I asked her to marry me.",,,excited
test,Ses05M_impro03,2,Ses05M_impro03_M002,unknown,"Yes, I did it.",,,excited
test,Ses05M_impro03,3,Ses05M_impro03_M003,unknown,"Oh my god, it was just last weekend.",,,excited
test,Ses05M_impro03,4,Ses05M_impro03_M004,unknown,"She--,well, she said yes, first of all, let me say that right off the bat. Well, I would like to assume, too.  But you never know these things, right?",,,joy
test,Ses05M_impro03,6,Ses05M_impro03_M006,unknown,"I did it up at Yosemite.  We went camping right like we usually do.  You know we go camping up there all the time.  But, um- the waterfalls had died down a little bit, you know. And so uh- we-I had her climb up.",,,joy
test,Ses05M_impro03,7,Ses05M_impro03_M007,unknown,"You know- we did some- you know some rock climbing up the waterfalls and went up to this little pool that was up there.  And then, I- it's great. Um- You have to climb this little rock-",,,joy
test,Ses05M_impro03,8,Ses05M_impro03_M008,unknown,"and you can climb it and it's covered in algae you know. So, I wanted her to climb it to go take a picture, like, back in this little waterfall area, and she got back there and she took her picture. And then, I had her come back.  And I was going to do the same thing.",,,joy
test,Ses05M_impro03,9,Ses05M_impro03_M009,unknown,"Well, instead I climb up on the rock and like I- I didn't do it -- well, I did it on purpose. I made it look like I accidentally did it.  I slipped down into this pool of water, right?  And she freaks out because I slide all the way down this rock.  And um-",,,joy
test,Ses05M_impro03,10,Ses05M_impro03_M010,unknown,"And I pop up out of the water -- and I had planned it already, you know? I pop up out of the water and I [BREATHING] and I like, grab her hand, you know.  and that In my hand, I've got the ring.",,,joy
test,Ses05M_impro03,11,Ses05M_impro03_M011,unknown,"And she's like- she feels it you know and she doesn't know what it is.  And she you know helps me get out and I won't let go of her hand.  And she's like, what are you doing?  I and said, You saved my life, now will you marry me?",,,joy
test,Ses05M_impro03,12,Ses05M_impro03_M012,unknown,Wasn't that great? I didn't want it to be too hokey.but- but- She liked it.She liked it.,,,joy
test,Ses05M_impro03,13,Ses05M_impro03_M013,unknown,"Yeah.  And she said yes.  And she cried, of course.",,,joy
test,Ses05M_impro03,14,Ses05M_impro03_M014,unknown,"Yes.  We did that in the beginning, exactly.  So we had, so we just had, you know, good times the rest of the weekend, yeah.",,,joy
test,Ses05M_impro03,15,Ses05M_impro03_M015,unknown,It was a lot of fun- It was a lot of fun.  She's great.  And I'm so happy.,,,joy
test,Ses05M_impro03,16,Ses05M_impro03_M016,unknown,"We're going to do it back in the Midwest where her family all is.  They're all out there. you know so, Um  And so, just gonna have a small, small wedding. But, um- you know, of course, you're going to come, right?",,,joy
test,Ses05M_impro03,18,Ses05M_impro03_M018,unknown,"Um- And she wants you to be in it, too.  She loves you so much. She thinks you're the sweetest.  Of course, you are.  You're You're my best friend so-",,,joy
test,Ses05M_impro03,19,Ses05M_impro03_M019,unknown,"oh, She's back at work. yeah.",,,neutral
test,Ses05M_impro03,20,Ses05M_impro03_M020,unknown,Of course.  We'll go out to dinner later this week.,,,excited
test,Ses05M_impro03,21,Ses05M_impro03_M021,unknown,It will be perfect.,,,excited
test,Ses05M_impro03,23,Ses05M_impro03_M023,unknown,She's the one.,,,joy
test,Ses05M_impro03,24,Ses05M_impro03_M024,unknown,Of course.  I told them right away.  We called them all right them.,,,joy
test,Ses05M_impro03,25,Ses05M_impro03_M025,unknown,"Oh, yeah.  My mom's freaking out. Oh yeah, She's so happy. this is you know  It's her dream come true.  She always wanted her little boy -- she wants kids, you know.",,,joy
test,Ses05M_impro03,26,Ses05M_impro03_M026,unknown,She wants grandkids. So we'll be working on that right away.,,,joy
test,Ses05M_impro03,27,Ses05M_impro03_M027,unknown,"Of course, we're gonna have kids, like three at least.",,,joy
test,Ses05M_impro03,28,Ses05M_impro03_M028,unknown,"She wants like eight- She wants like eight kids and I'm like, no, no, no, no, no.  I am like what Let's do maybe three and we'll go with that.",,,joy
test,Ses05M_impro03,29,Ses05M_impro03_M029,unknown,"Well, we're going to take a little bit of time, you know, we need to get acclimated and you know start our lives, make money, you know be comfortable.",,,excited
test,Ses05M_impro03,30,Ses05M_impro03_M030,unknown,"Oh, yeah, yeah, yeah, yeah I mean, actually we lived together awhile back when we -- Yeah, back in college for a little while. yeah.",,,joy
test,Ses05M_impro03,31,Ses05M_impro03_M031,unknown,But that- so we are really used to each other. We took the time apart and now we're going to get back together.  We're going to move in soon.,,,joy
test,Ses05M_impro03,32,Ses05M_impro03_M032,unknown,it's great. I'm a lucky man.,,,joy
test,Ses05M_impro03,33,Ses05M_impro03_M033,unknown,Thank you.,,,joy
test,Ses05M_impro04,1,Ses05M_impro04_F001,unknown,Really? It's been that long?,,,neutral
test,Ses05M_impro04,2,Ses05M_impro04_F002,unknown,Wow.,,,neutral
test,Ses05M_impro04,3,Ses05M_impro04_F003,unknown,What have you been trying?,,,neutral
test,Ses05M_impro04,4,Ses05M_impro04_F004,unknown,Right.,,,neutral
test,Ses05M_impro04,5,Ses05M_impro04_F005,unknown,"Well, I mean, right now I'm just doing a little bit of everything.  And I don't- I don't think that I'm in like a profession, like career oriented place.",,,neutral
test,Ses05M_impro04,6,Ses05M_impro04_F006,unknown,"No.  I'm just working in restaurants and stuff. But, I'm also trying to audition and what not.  So, it's --",,,neutral
test,Ses05M_impro04,7,Ses05M_impro04_F007,unknown,Really?,,,neutral
test,Ses05M_impro04,8,Ses05M_impro04_F008,unknown,"L.A. is really hard.  I mean, have you tried like just going into a bar a couple of times to make friends with people who work there? and",,,neutral
test,Ses05M_impro04,9,Ses05M_impro04_F009,unknown,"I was just going to say that's your issue. Maybe you are going in too much. No, I mean, just",,,neutral
test,Ses05M_impro04,10,Ses05M_impro04_F010,unknown,are you going into the bars every night?,,,neutral
test,Ses05M_impro04,11,Ses05M_impro04_F011,unknown,"Well, I don't really know.  I don't I don't know you in like a job situation, so.",,,neutral
test,Ses05M_impro04,12,Ses05M_impro04_F012,unknown,"Wow.  I don't -- I mean, do you- do you have an attitude problem when you're on the job?",,,neutral
test,Ses05M_impro04,13,Ses05M_impro04_F013,unknown,Maybe [garbage].,,,neutral
test,Ses05M_impro04,14,Ses05M_impro04_F014,unknown,"Right.  Maybe you have, like, you know a little bit of an abrasive vibe or something.",,,neutral
test,Ses05M_impro04,15,Ses05M_impro04_F015,unknown,I don't know.  I'm I'm just trying --,,,neutral
test,Ses05M_impro04,16,Ses05M_impro04_F016,unknown,Are you getting defensive?,,,neutral
test,Ses05M_impro04,17,Ses05M_impro04_F017,unknown,Yeah.  That might be something you want to look at.  I mean --,,,neutral
test,Ses05M_impro04,18,Ses05M_impro04_F018,unknown,Okay.,,,neutral
test,Ses05M_impro04,19,Ses05M_impro04_F019,unknown,I understand.,,,neutral
test,Ses05M_impro04,20,Ses05M_impro04_F020,unknown,"Yeah, it's stressful.  I recognize that.",,,neutral
test,Ses05M_impro04,21,Ses05M_impro04_F021,unknown,ah.,,,neutral
test,Ses05M_impro04,22,Ses05M_impro04_F022,unknown,"Not- Not selling pot, right?",,,neutral
test,Ses05M_impro04,23,Ses05M_impro04_F023,unknown,Okay so.,,,neutral
test,Ses05M_impro04,24,Ses05M_impro04_F024,unknown,Fair enough.,,,neutral
test,Ses05M_impro04,26,Ses05M_impro04_F026,unknown,"Sorry.  So, let's see.  What else?  What's available? What? Um.  Hmm.",,,neutral
test,Ses05M_impro04,27,Ses05M_impro04_F027,unknown,"Well, not off the top of head.  It will just take you know take a minute.  But do you have any, like, special skills?",,,neutral
test,Ses05M_impro04,28,Ses05M_impro04_F028,unknown,"Well, maybe we can find you something with juggling.",,,neutral
test,Ses05M_impro04,29,Ses05M_impro04_F029,unknown,Have you checked out Craig's List and stuff?,,,neutral
test,Ses05M_impro04,30,Ses05M_impro04_F030,unknown,"What if you do kids parties? oh, come on.",,,neutral
test,Ses05M_impro04,31,Ses05M_impro04_F031,unknown,Okay.  All right.,,,neutral
test,Ses05M_impro04,32,Ses05M_impro04_F032,unknown,"Okay.  Well, fine. we won't- I won't argue with you about that.",,,neutral
test,Ses05M_impro04,33,Ses05M_impro04_F033,unknown,What else?  I can't -- uh.  I'm drawing a blank here.,,,frustrated
test,Ses05M_impro04,34,Ses05M_impro04_F034,unknown,"That's rough.  I'm really sorry, Ryan.",,,neutral
test,Ses05M_impro04,35,Ses05M_impro04_F035,unknown,"Well, um, is that kinda like the side of you that you let people see when you go into these job interviews?",,,neutral
test,Ses05M_impro04,36,Ses05M_impro04_F036,unknown,"Okay.  Well, that's good.  Yeah, I mean, you're you're- when you're happy you're a pretty personable guy.  And I don't --I don't",,,neutral
test,Ses05M_impro04,37,Ses05M_impro04_F037,unknown,I can't see where the issue would be. so,,,neutral
test,Ses05M_impro04,0,Ses05M_impro04_M000,unknown,"Uh, God.  I don't know what to do anymore.  Like I said --",,,frustrated
test,Ses05M_impro04,1,Ses05M_impro04_M001,unknown,"I don't know.  There's nothing for me out there.  I can't get a job.  I haven't gotten a job in a year, three years.  What is it, three years now; right? That I haven't been able to have a job.",,,frustrated
test,Ses05M_impro04,2,Ses05M_impro04_M002,unknown,"Something like that.  I can't even remember anymore. I don't know what to do anymore.  I just get out there everyday -- well, not everyday, almost everyday.",,,frustrated
test,Ses05M_impro04,3,Ses05M_impro04_M003,unknown,And try to do something. I mean-,,,frustrated
test,Ses05M_impro04,4,Ses05M_impro04_M004,unknown,"Well, everything.  I'll do temping, you know, office work.  You know, whatever to pay the bills.  You know, I'll do anything.",,,frustrated
test,Ses05M_impro04,5,Ses05M_impro04_M005,unknown,"But, I mean, I don't want to keep those jobs.  I don't want those jobs.It's not what I want to do.",,,frustrated
test,Ses05M_impro04,6,Ses05M_impro04_M006,unknown,"But, I don't know.  God, what am I going to do?  Should I go back to school?  I can't- I can't afford to go back to school.",,,frustrated
test,Ses05M_impro04,7,Ses05M_impro04_M007,unknown,What do you do?,,,frustrated
test,Ses05M_impro04,8,Ses05M_impro04_M008,unknown,"You plan on being there forever? I mean, Like, what do you --",,,neutral
test,Ses05M_impro04,9,Ses05M_impro04_M009,unknown,yeah.,,,neutral
test,Ses05M_impro04,10,Ses05M_impro04_M010,unknown,right.,,,neutral
test,Ses05M_impro04,11,Ses05M_impro04_M011,unknown,"Yeah, yeah.  Well, hello.  That's what I'm doing too.  But I can't get the restaurant job.  I can't get -- -- the restaurant gig.  No one will give me anything.",,,frustrated
test,Ses05M_impro04,12,Ses05M_impro04_M012,unknown,"I go in for these interviews, and they're all cool and everything, you know.  Their nice and I'm nice to them, you know, give and take, back and forth, and whatever.",,,frustrated
test,Ses05M_impro04,13,Ses05M_impro04_M013,unknown,But they always go with somebody else.,,,frustrated
test,Ses05M_impro04,14,Ses05M_impro04_M014,unknown,"Yeah, absolutely.  Hello?  You know me.  I go to bars all the time.  Like, they all know me, you know.  But no one wants to hire me.",,,frustrated
test,Ses05M_impro04,15,Ses05M_impro04_M015,unknown,"but Maybe they don't want to hire me because they know me. I don't know, what's wrong with me, Is there something wrong with me?",,,frustrated
test,Ses05M_impro04,16,Ses05M_impro04_M016,unknown,"I mean, You can tell me what.  Why is no one hiring me?  Is it me?  Be honest.  You can tell me. you know I can take it.  I can take it, you just tell me. Why?",,,frustrated
test,Ses05M_impro04,17,Ses05M_impro04_M017,unknown,"Yeah, but I'm -- okay, well how about personality wise?  I mean, people who know me won't hire me.  Why?",,,frustrated
test,Ses05M_impro04,19,Ses05M_impro04_M019,unknown,An abrasive vibe?,,,anger
test,Ses05M_impro04,20,Ses05M_impro04_M020,unknown,"Let me know that's -- that's fine.  You think I have an abrasive vibe, whatever.  You're entitled to your opinion, of course.  Maybe that's why I don't have a job.",,,anger
test,Ses05M_impro04,22,Ses05M_impro04_M022,unknown,"I'm not like this all the time.  I mean, I don't -- I'm just frustrated right now, all right.  I just want to do --",,,frustrated
test,Ses05M_impro04,23,Ses05M_impro04_M023,unknown,"I want to make some money.  I need to make some money.  I've got to pay some bills, I owe people money.  I owe lots of people money.  I need to make some money.",,,frustrated
test,Ses05M_impro04,24,Ses05M_impro04_M024,unknown,"Do you have any idea how I can make money?  I mean, what can I do to make some quick money, something?  Anything, that's relatively within the you know law.",,,frustrated
test,Ses05M_impro04,25,Ses05M_impro04_M025,unknown,"Right, probably not selling pot. I don't want to go to jail.",,,frustrated
test,Ses05M_impro04,26,Ses05M_impro04_M026,unknown,Because that would just really be a topper for me.,,,frustrated
test,Ses05M_impro04,27,Ses05M_impro04_M027,unknown,Thank you.  Ha ha.,,,frustrated
test,Ses05M_impro04,28,Ses05M_impro04_M028,unknown,See what I mean?  You can't even think of anything.,,,frustrated
test,Ses05M_impro04,29,Ses05M_impro04_M029,unknown,I can juggle.,,,frustrated
test,Ses05M_impro04,30,Ses05M_impro04_M030,unknown,I've tried.,,,frustrated
test,Ses05M_impro04,31,Ses05M_impro04_M031,unknown,Yes!  Nobody wants a juggler.  I am not going to -- I'm not going to dress up like a clown. I'm not going to dress up like a freaking clown. No.,,,frustrated
test,Ses05M_impro04,32,Ses05M_impro04_M032,unknown,"No, it's demeaning.  I am not a clown.  I have talent.  Clowns don't have talent.",,,frustrated
test,Ses05M_impro04,33,Ses05M_impro04_M033,unknown,It's that simple.,,,frustrated
test,Ses05M_impro04,34,Ses05M_impro04_M034,unknown,yeah.,,,frustrated
test,Ses05M_impro04,35,Ses05M_impro04_M035,unknown,You and me both.,,,frustrated
test,Ses05M_impro04,37,Ses05M_impro04_M037,unknown,"No, I just showed that for you [garbage].",,,frustrated
test,Ses05M_impro04,38,Ses05M_impro04_M038,unknown,I like to think so.,,,frustrated
test,Ses05M_impro04,39,Ses05M_impro04_M039,unknown,see.,,,frustrated
test,Ses05M_impro04,40,Ses05M_impro04_M040,unknown,"Yeah, well thanks for your help.",,,anger
test,Ses05M_impro04,41,Ses05M_impro04_M041,unknown,I'll need it.,,,sadness
test,Ses05M_impro05,0,Ses05M_impro05_F000,unknown,Hmm. Hmm.,,,neutral
test,Ses05M_impro05,1,Ses05M_impro05_F001,unknown,How long ago was that?,,,neutral
test,Ses05M_impro05,2,Ses05M_impro05_F002,unknown,Uh-Hmm.,,,neutral
test,Ses05M_impro05,3,Ses05M_impro05_F003,unknown,"Um, okay.  Well, you can fly- file a claim.  Where were you coming from?",,,neutral
test,Ses05M_impro05,4,Ses05M_impro05_F004,unknown,"So, within the country, though? umm",,,neutral
test,Ses05M_impro05,5,Ses05M_impro05_F005,unknown,"Yeah, well the chances of it being lost forever, you know, are slight because -- -- you were in the --",,,neutral
test,Ses05M_impro05,6,Ses05M_impro05_F006,unknown,"Well, I mean, you know that happens pretty often that sometimes baggage -- -- gets lost.",,,neutral
test,Ses05M_impro05,7,Ses05M_impro05_F007,unknown,yeah.,,,neutral
test,Ses05M_impro05,8,Ses05M_impro05_F008,unknown,Okay.,,,neutral
test,Ses05M_impro05,9,Ses05M_impro05_F009,unknown,Did you have insurance on your flight?,,,neutral
test,Ses05M_impro05,10,Ses05M_impro05_F010,unknown,"No, you have to buy it now.  It's like thirty dollar extra.",,,neutral
test,Ses05M_impro05,11,Ses05M_impro05_F011,unknown,"well, it's something that worth",,,neutral
test,Ses05M_impro05,12,Ses05M_impro05_F012,unknown,"yeah, I don't know.",,,neutral
test,Ses05M_impro05,13,Ses05M_impro05_F013,unknown,Chances are it's probably just you know -- taking time being um- unloaded from the airplane.,,,neutral
test,Ses05M_impro05,14,Ses05M_impro05_F014,unknown,"Um, well, there's not much I can do.  I can, you can file this report and we'll call you when it comes in.",,,neutral
test,Ses05M_impro05,15,Ses05M_impro05_F015,unknown,wow.,,,neutral
test,Ses05M_impro05,16,Ses05M_impro05_F016,unknown,"Wow.  Well, that's really important, obviously.  But, um --",,,neutral
test,Ses05M_impro05,17,Ses05M_impro05_F017,unknown,"Uh- Actually, I don't know that that's legal. Um- it is the issue",,,neutral
test,Ses05M_impro05,18,Ses05M_impro05_F018,unknown,"Yeah I mean, Your bag might have been confiscated because it's --",,,neutral
test,Ses05M_impro05,19,Ses05M_impro05_F019,unknown,-- it's a biohazard. so- um,,,neutral
test,Ses05M_impro05,20,Ses05M_impro05_F020,unknown,Yeah.  Let me just call security.,,,neutral
test,Ses05M_impro05,21,Ses05M_impro05_F021,unknown,[LAUGHTER] Okay.  Hold on.,,,neutral
test,Ses05M_impro05,0,Ses05M_impro05_M000,unknown,Hi. Um-  My luggage didn't come out of the conveyor thingy.,,,neutral
test,Ses05M_impro05,1,Ses05M_impro05_M001,unknown,"So, um, what do I do?",,,neutral
test,Ses05M_impro05,2,Ses05M_impro05_M002,unknown,"Uh- Like, an hour and a half ago.  I talked to somebody who was standing out there and they said wait.  Sometimes like random butt- pieces come out late.",,,neutral
test,Ses05M_impro05,3,Ses05M_impro05_M003,unknown,"And so I waited there, but nothing came.",,,neutral
test,Ses05M_impro05,4,Ses05M_impro05_M004,unknown,"I was coming from um the Midwest, like Iowa.",,,neutral
test,Ses05M_impro05,5,Ses05M_impro05_M005,unknown,"Yeah, I know I was in the country.  I mean, it's not that complicated.",,,neutral
test,Ses05M_impro05,6,Ses05M_impro05_M006,unknown,"Well, I would hope so.",,,neutral
test,Ses05M_impro05,7,Ses05M_impro05_M007,unknown,People lose --,,,neutral
test,Ses05M_impro05,8,Ses05M_impro05_M008,unknown,forever?,,,sur
test,Ses05M_impro05,9,Ses05M_impro05_M009,unknown,"You know, this is actually, I mean it's -- it's a really important piece of luggage.",,,neutral
test,Ses05M_impro05,10,Ses05M_impro05_M010,unknown,"I mean, it's not big or anything like that.  I mean, it's not worth a lot of money or anything.",,,neutral
test,Ses05M_impro05,12,Ses05M_impro05_M012,unknown,"Well, no one even told me about that.  Like, why would I think to buy insurance?  I was- It's like a three hour flight.",,,frustrated
test,Ses05M_impro05,13,Ses05M_impro05_M013,unknown,"How can you lose my luggage like from like, in --",,,frustrated
test,Ses05M_impro05,15,Ses05M_impro05_M015,unknown,"I should hope so.  You know, I need that today.",,,frustrated
test,Ses05M_impro05,16,Ses05M_impro05_M016,unknown,"Let me explain to you what the problem is.  My grandfather's remains are in that bag.  And I have to, like, distribute them today.  We're suppose to, you know, throw them out to the sea today.",,,frustrated
test,Ses05M_impro05,17,Ses05M_impro05_M017,unknown,"Yeah.  I mean, if you have a suggestion, like, it would be great to help me out here.",,,frustrated
test,Ses05M_impro05,18,Ses05M_impro05_M018,unknown,"Well, I don't care if it's legal.  It's happened.  It's already done.",,,frustrated
test,Ses05M_impro05,19,Ses05M_impro05_M019,unknown,"Well, could you tell me if it's been confiscated then.",,,frustrated
test,Ses05M_impro05,20,Ses05M_impro05_M020,unknown,"I mean, some information here would be great.  Some help.  Can you, like, type something in and find out?",,,frustrated
test,Ses05M_impro05,21,Ses05M_impro05_M021,unknown,That would be great.  Thank you very much.,,,frustrated
test,Ses05M_impro05,22,Ses05M_impro05_M022,unknown,Thank you,,,neutral
test,Ses05M_impro06,2,Ses05M_impro06_F002,unknown,"Oh, I'm so sorry",,,sadness
test,Ses05M_impro06,3,Ses05M_impro06_F003,unknown,"Oh, my gosh.",,,sadness
test,Ses05M_impro06,4,Ses05M_impro06_F004,unknown,What did he do?,,,sadness
test,Ses05M_impro06,5,Ses05M_impro06_F005,unknown,Yeah.  I'm so sorry.,,,sadness
test,Ses05M_impro06,6,Ses05M_impro06_F006,unknown,You guys have been-,,,sadness
test,Ses05M_impro06,7,Ses05M_impro06_F007,unknown,I'm sorry. I-,,,sadness
test,Ses05M_impro06,8,Ses05M_impro06_F008,unknown,"Wow, Ryan I know that you are hurting right now but I don't think you always feel like that.",,,sadness
test,Ses05M_impro06,9,Ses05M_impro06_F009,unknown,Yeah. I understand.  I think it's really healthy to grieve.,,,sadness
test,Ses05M_impro06,10,Ses05M_impro06_F010,unknown,If there's anything I can do to be there for you.,,,sadness
test,Ses05M_impro06,0,Ses05M_impro06_M000,unknown,I just got some bad news.,,,sadness
test,Ses05M_impro06,1,Ses05M_impro06_M001,unknown,"My friend, Shotty, passed away.",,,sadness
test,Ses05M_impro06,2,Ses05M_impro06_M002,unknown,"The end, he's been sick for awhile.  He had cancer.",,,sadness
test,Ses05M_impro06,3,Ses05M_impro06_M003,unknown,"Yeah.  It's just, I never thought it would actually happen, you know? I mean- He's such a fighter and he's always so positive about everything.",,,sadness
test,Ses05M_impro06,4,Ses05M_impro06_M004,unknown,"You know, he was gonna, and we -- all the way up to the end we were just talking about how- you know all the stuff we were gonna do and, you know.  When he finally kicked this stupid cancer, you know, and we were gonna --",,,sadness
test,Ses05M_impro06,5,Ses05M_impro06_M005,unknown,"he wanted to travel, you know.  And he's so talented.  Probably the most talented person I have ever met in my entire life.",,,sadness
test,Ses05M_impro06,6,Ses05M_impro06_M006,unknown,"He was a designer, you know.  But he did everything. You know, He painted and he- and he did costume design, he did set design, he did lighting, he was --",,,sadness
test,Ses05M_impro06,7,Ses05M_impro06_M007,unknown,"he just did everything.  He was literally, literally the most talented guy I have ever met in my entire life.",,,sadness
test,Ses05M_impro06,8,Ses05M_impro06_M008,unknown,And he's gone now and I  -- I just can't believe it.,,,sadness
test,Ses05M_impro06,9,Ses05M_impro06_M009,unknown,"I mean, one second you think, you know, you're just having a conversation and then --",,,sadness
test,Ses05M_impro06,10,Ses05M_impro06_M010,unknown,"you know, sometimes you think you want to make that phone call, or you think you want to tell somebody something, or something like that.  Do you know what I mean?  Like that's -- he was the person that I did that with.  You know, like, that's the person who I needed to call to tell things to all the time.",,,sadness
test,Ses05M_impro06,11,Ses05M_impro06_M011,unknown,"And now I don't have that person anymore, you know.  And it's -- -- it's just, you.",,,sadness
test,Ses05M_impro06,12,Ses05M_impro06_M012,unknown,"You think that things get easier, you know, as you as you get older and you -",,,sadness
test,Ses05M_impro06,13,Ses05M_impro06_M013,unknown,"and it just gets worse.  It just gets worse, everything is bad all the time; people die, your friends die, family dies, your best friends die. it's-",,,sadness
test,Ses05M_impro06,14,Ses05M_impro06_M014,unknown,"You always think, you know when you were- you know when you were a little kid and you think something is gonna happen, like, it will all be better when I am older, you know?",,,sadness
test,Ses05M_impro06,17,Ses05M_impro06_M017,unknown,"No, you're right.  I don't.  You're right.",,,sadness
test,Ses05M_impro06,18,Ses05M_impro06_M018,unknown,"Even, yeah -- he doesn't he would never feel that way, he would never want me to feel that way.  Of course not, but that's just where I am right now and -- -- I don't know what else to do with it.",,,sadness
test,Ses05M_impro06,19,Ses05M_impro06_M019,unknown,I just miss him.,,,sadness
test,Ses05M_impro06,20,Ses05M_impro06_M020,unknown,Thanks.,,,sadness
test,Ses05M_impro07,0,Ses05M_impro07_F000,unknown,What?,,,excited
test,Ses05M_impro07,1,Ses05M_impro07_F001,unknown,"Oh, for real?",,,excited
test,Ses05M_impro07,3,Ses05M_impro07_F003,unknown,"oh,I'm so glad.",,,excited
test,Ses05M_impro07,4,Ses05M_impro07_F004,unknown,What are you gonna study?,,,joy
test,Ses05M_impro07,5,Ses05M_impro07_F005,unknown,Really? Are you doing the M.F.A. program?,,,joy
test,Ses05M_impro07,7,Ses05M_impro07_F007,unknown,I heard it's so tough to get into.,,,joy
test,Ses05M_impro07,8,Ses05M_impro07_F008,unknown,That's awesome.,,,joy
test,Ses05M_impro07,9,Ses05M_impro07_F009,unknown,"Yeah, that's awesome.",,,excited
test,Ses05M_impro07,10,Ses05M_impro07_F010,unknown,No.,,,neutral
test,Ses05M_impro07,11,Ses05M_impro07_F011,unknown,"Uh huh.  Yes, seriously, for years.",,,excited
test,Ses05M_impro07,12,Ses05M_impro07_F012,unknown,I know.  I know.  I'm- I'm definitely -- I realize [LAUGHTER].,,,excited
test,Ses05M_impro07,13,Ses05M_impro07_F013,unknown,"Um- I'm gonna be studying at U.S.C., too.",,,joy
test,Ses05M_impro07,15,Ses05M_impro07_F015,unknown,Yeah.  Totally- Well where are you going to live?,,,excited
test,Ses05M_impro07,16,Ses05M_impro07_F016,unknown,Oh yeah.,,,neutral
test,Ses05M_impro07,17,Ses05M_impro07_F017,unknown,Good tradeoff,,,neutral
test,Ses05M_impro07,18,Ses05M_impro07_F018,unknown,I don't- I don't think it's that bad.,,,neutral
test,Ses05M_impro07,19,Ses05M_impro07_F019,unknown,yeah.,,,neutral
test,Ses05M_impro07,20,Ses05M_impro07_F020,unknown,"Yeah. I think it's really also if you- if you consider yourself like, us and them, kind of thing- If you think you're part of your community then --you going to like it more",,,neutral
test,Ses05M_impro07,21,Ses05M_impro07_F021,unknown,"Right, Exactly.",,,excited
test,Ses05M_impro07,22,Ses05M_impro07_F022,unknown,Oh I'm so glad.,,,excited
test,Ses05M_impro07,23,Ses05M_impro07_F023,unknown,"So when do you know, like, where you're gonna live? and-",,,joy
test,Ses05M_impro07,24,Ses05M_impro07_F024,unknown,"Oh, wow.",,,neutral
test,Ses05M_impro07,25,Ses05M_impro07_F025,unknown,Um-,,,neutral
test,Ses05M_impro07,26,Ses05M_impro07_F026,unknown,"Yeah.  I mean, I know, I know, like the- the housing surrounding the campus pretty well.",,,neutral
test,Ses05M_impro07,27,Ses05M_impro07_F027,unknown,Um- How many people do you want to live with?,,,neutral
test,Ses05M_impro07,28,Ses05M_impro07_F028,unknown,All dudes?,,,neutral
test,Ses05M_impro07,29,Ses05M_impro07_F029,unknown,Um- I think I have some friends.,,,neutral
test,Ses05M_impro07,30,Ses05M_impro07_F030,unknown,yeah.,,,neutral
test,Ses05M_impro07,31,Ses05M_impro07_F031,unknown,"There's actually, a friend of mine is um- moving out of her place and her place is amazing-- And it's really cheap.",,,joy
test,Ses05M_impro07,32,Ses05M_impro07_F032,unknown,yeah.,,,neutral
test,Ses05M_impro07,33,Ses05M_impro07_F033,unknown,Okay.,,,neutral
test,Ses05M_impro07,35,Ses05M_impro07_F035,unknown,"You've got a lot- oh, awesome.",,,joy
test,Ses05M_impro07,36,Ses05M_impro07_F036,unknown,Oh cool.,,,joy
test,Ses05M_impro07,37,Ses05M_impro07_F037,unknown,Yeah.,,,excited
test,Ses05M_impro07,38,Ses05M_impro07_F038,unknown,totally.,,,neutral
test,Ses05M_impro07,39,Ses05M_impro07_F039,unknown,good for you.,,,joy
test,Ses05M_impro07,40,Ses05M_impro07_F040,unknown,the way to do it.,,,neutral
test,Ses05M_impro07,41,Ses05M_impro07_F041,unknown,"Wow, are you so excited?",,,excited
test,Ses05M_impro07,42,Ses05M_impro07_F042,unknown,"You're gonna be so busy, too. You're going to have to work so hard.",,,excited
test,Ses05M_impro07,44,Ses05M_impro07_F044,unknown,All right.  Wow.  So exciting.,,,excited
test,Ses05M_impro07,45,Ses05M_impro07_F045,unknown,Yeah.  We'll have so much fun.,,,joy
test,Ses05M_impro07,0,Ses05M_impro07_M000,unknown,Guess what?,,,excited
test,Ses05M_impro07,1,Ses05M_impro07_M001,unknown,I got it.  I got accepted to U.S.C..,,,excited
test,Ses05M_impro07,2,Ses05M_impro07_M002,unknown,Yes! I just found out today.  I just got the letter.,,,excited
test,Ses05M_impro07,3,Ses05M_impro07_M003,unknown,I know. I know.  I'm so excited.,,,excited
test,Ses05M_impro07,4,Ses05M_impro07_M004,unknown,"oh, Theater. yeah, yeah.",,,excited
test,Ses05M_impro07,5,Ses05M_impro07_M005,unknown,yes.,,,excited
test,Ses05M_impro07,6,Ses05M_impro07_M006,unknown,oh-,,,excited
test,Ses05M_impro07,7,Ses05M_impro07_M007,unknown,It's exactly what I wanted.,,,excited
test,Ses05M_impro07,9,Ses05M_impro07_M009,unknown,"I worked really hard, I'll say, I worked really hard. You know, I I'm not bragging or anything like that. But-",,,joy
test,Ses05M_impro07,11,Ses05M_impro07_M011,unknown,"Finally.  I'm so excited.  We're gonna -- well, I'll be here.  We're still gonna be able to see each other.",,,excited
test,Ses05M_impro07,13,Ses05M_impro07_M013,unknown,"What are you, wait, what are you doing?",,,excited
test,Ses05M_impro07,14,Ses05M_impro07_M014,unknown,"Perfect!  Oh, my God.  Are you staying, are you going to live on campus?",,,excited
test,Ses05M_impro07,16,Ses05M_impro07_M016,unknown,We are gonna have a great time.,,,excited
test,Ses05M_impro07,17,Ses05M_impro07_M017,unknown,"[garbage] I'm going to live on campus.  I mean, well, around campus, anyway.  Yeah, housing around campus.",,,excited
test,Ses05M_impro07,18,Ses05M_impro07_M018,unknown,"I just want to be really close to things, you know.  I know it's not exactly the best neighborhood in the entire world. But uh-",,,excited
test,Ses05M_impro07,19,Ses05M_impro07_M019,unknown,"I don't- you know ,I feel the same way, you know what I mean.  And everybody says a lot of other crap you know, they don't know what they are talking about anyway.",,,excited
test,Ses05M_impro07,20,Ses05M_impro07_M020,unknown,"They don't live here.  They don't know, right?",,,excited
test,Ses05M_impro07,21,Ses05M_impro07_M021,unknown,yeah.,,,excited
test,Ses05M_impro07,22,Ses05M_impro07_M022,unknown,Exactly.  You make it what you make it. You know? Right? And I'm gonna make it so freaking awesome.,,,excited
test,Ses05M_impro07,23,Ses05M_impro07_M023,unknown,yeah.,,,excited
test,Ses05M_impro07,24,Ses05M_impro07_M024,unknown,"Well, I don't know.  I've got to go look for a place.",,,excited
test,Ses05M_impro07,25,Ses05M_impro07_M025,unknown,"Yeah, yeah.  I- I don't- I don't know.  Do you have any suggestions?",,,excited
test,Ses05M_impro07,26,Ses05M_impro07_M026,unknown,You know the area better than I do.,,,excited
test,Ses05M_impro07,28,Ses05M_impro07_M028,unknown,"Not a lot.  I mean, I wouldn't want to live with more than three other people.  So, like four of us total, right?",,,excited
test,Ses05M_impro07,29,Ses05M_impro07_M029,unknown,I don't care. I don't care.,,,excited
test,Ses05M_impro07,30,Ses05M_impro07_M030,unknown,yeah?,,,excited
test,Ses05M_impro07,31,Ses05M_impro07_M031,unknown,That would be perfect.,,,excited
test,Ses05M_impro07,32,Ses05M_impro07_M032,unknown,Really?,,,excited
test,Ses05M_impro07,33,Ses05M_impro07_M033,unknown,Really?,,,excited
test,Ses05M_impro07,34,Ses05M_impro07_M034,unknown,Cheap is exactly what I need- Because I have no money at all.,,,excited
test,Ses05M_impro07,35,Ses05M_impro07_M035,unknown,"But, uh--",,,excited
test,Ses05M_impro07,36,Ses05M_impro07_M036,unknown,"Loans, scholarships, I've got a lot of scholarships-- Yeah, yeah. I'm- I'm half Native American so I get all those scholarships, too. yeah.",,,excited
test,Ses05M_impro07,37,Ses05M_impro07_M037,unknown,"So it comes Indian like. And you know I'm kind of smart, so.",,,excited
test,Ses05M_impro07,39,Ses05M_impro07_M039,unknown,"And yeah, well, I mean, basically I just applied for any and every possible scholarship and grant that could come by, so I can go.",,,joy
test,Ses05M_impro07,40,Ses05M_impro07_M040,unknown,"Yeah, yeah, yeah.  And it's gonna work out.  I'm gonna be able to pay for it, I'm gonna go, I mean, I'll have a little debt in the end.  But I don't care.",,,excited
test,Ses05M_impro07,41,Ses05M_impro07_M041,unknown,It's just you know a dream come true.  How could you not be excited about a dream come true?,,,excited
test,Ses05M_impro07,42,Ses05M_impro07_M042,unknown,"Oh I know, I know.",,,excited
test,Ses05M_impro07,43,Ses05M_impro07_M043,unknown,"But I'm so looking forward to being so busy. You know what I mean?  It's the kind of busy you've got to love, right?",,,excited
test,Ses05M_impro07,44,Ses05M_impro07_M044,unknown,Because you're doing something you love.  That's the kind of busy you want.  I want to be able to do that for the rest of my life.  Be that kind of busy.,,,excited
test,Ses05M_impro07,45,Ses05M_impro07_M045,unknown,I had to tell you right away.  I knew you'd be excited.,,,excited
test,Ses05M_impro07,46,Ses05M_impro07_M046,unknown,We'll have fun.,,,joy
test,Ses05M_impro07,47,Ses05M_impro07_M047,unknown,Great.  Okay.,,,excited
test,Ses05M_impro08,0,Ses05M_impro08_F000,unknown,"Hi, I need- I need some help.  I've been transferred to, like, eight different departments and I've told my problem to every single department, and then they just send me to another one and say they are going to send all my information so I won't have to repeat it, and then that person doesn't know what's going on.  And I've restated my story about eight different times and I just want somebody to help me get my connection back, because this happens every two weeks.  And I want to know what to do to stop it from happening again.",,,frustrated
test,Ses05M_impro08,1,Ses05M_impro08_F001,unknown,Yeah.  That my service just goes out.,,,frustrated
test,Ses05M_impro08,2,Ses05M_impro08_F002,unknown,yeah.,,,frustrated
test,Ses05M_impro08,3,Ses05M_impro08_F003,unknown,"And I'll reset the IP address.  I will do like, you know, direct connect the modem to my computer, and then reset everything, and then put the router back in. And-",,,frustrated
test,Ses05M_impro08,4,Ses05M_impro08_F004,unknown,"Is not, It it It will work again for like a week and then it goes out again.",,,frustrated
test,Ses05M_impro08,5,Ses05M_impro08_F005,unknown,"Uh, yeah.  We've pinned it a couple of times.",,,neutral
test,Ses05M_impro08,6,Ses05M_impro08_F006,unknown,"Pretty much, yeah - I don't know if it's, like, bad phone lines or something.",,,neutral
test,Ses05M_impro08,7,Ses05M_impro08_F007,unknown,Hmm. Mmm.,,,neutral
test,Ses05M_impro08,8,Ses05M_impro08_F008,unknown,yeah.,,,neutral
test,Ses05M_impro08,9,Ses05M_impro08_F009,unknown,"It goes- It goes, like, through doorways.  But it goes a long distance.",,,neutral
test,Ses05M_impro08,11,Ses05M_impro08_F011,unknown,"Well, I- I can check that.  Is there anything else we can do, too?  Like, I'll go through and check the line throughout the house, but --",,,neutral
test,Ses05M_impro08,12,Ses05M_impro08_F012,unknown,Uh huh.,,,neutral
test,Ses05M_impro08,13,Ses05M_impro08_F013,unknown,All right.,,,neutral
test,Ses05M_impro08,14,Ses05M_impro08_F014,unknown,"Yeah, I see that.",,,neutral
test,Ses05M_impro08,15,Ses05M_impro08_F015,unknown,Okay.,,,neutral
test,Ses05M_impro08,16,Ses05M_impro08_F016,unknown,Okay.,,,neutral
test,Ses05M_impro08,17,Ses05M_impro08_F017,unknown,"Uh, it it's like a bunch of different letter and numbers and stuff.",,,neutral
test,Ses05M_impro08,18,Ses05M_impro08_F018,unknown,"Uh huh, Okay.",,,neutral
test,Ses05M_impro08,19,Ses05M_impro08_F019,unknown,"Uh, yeah looks -- no, no.  It's set to zeros.",,,neutral
test,Ses05M_impro08,21,Ses05M_impro08_F021,unknown,Wow.  That would be amazing.  Really?,,,sur
test,Ses05M_impro08,22,Ses05M_impro08_F022,unknown,"Oh, my God.  I can't even tell you how much of a relief that is.  I literally call and talk to five different people.  Like last week it went off and I spent an hour and a half on the phone with different people.  And I've been doing that like every, every other week for months now.",,,joy
test,Ses05M_impro08,23,Ses05M_impro08_F023,unknown,It's so frustrating.,,,frustrated
test,Ses05M_impro08,25,Ses05M_impro08_F025,unknown,"Yeah, accountability.  It's awesome.",,,joy
test,Ses05M_impro08,26,Ses05M_impro08_F026,unknown,"Wow.  You know I was thinking about changing internet providers, but but that- that really is enough to change my mind.",,,joy
test,Ses05M_impro08,27,Ses05M_impro08_F027,unknown,No.  I'm just gonna go have a fantastic day now.,,,joy
test,Ses05M_impro08,28,Ses05M_impro08_F028,unknown,Okay.  Thanks.,,,joy
test,Ses05M_impro08,0,Ses05M_impro08_M000,unknown,"D.S.L. Extreme, can I help you?",,,neutral
test,Ses05M_impro08,1,Ses05M_impro08_M001,unknown,This happens every two weeks?,,,neutral
test,Ses05M_impro08,2,Ses05M_impro08_M002,unknown,You've lost your connection.,,,neutral
test,Ses05M_impro08,3,Ses05M_impro08_M003,unknown,okay.,,,neutral
test,Ses05M_impro08,4,Ses05M_impro08_M004,unknown,Hmm.  Mmm.,,,neutral
test,Ses05M_impro08,5,Ses05M_impro08_M005,unknown,Has somebody tried to pin your site?,,,neutral
test,Ses05M_impro08,6,Ses05M_impro08_M006,unknown,"Okay. Um-  Well, I don't know.  And it consistently happens every two weeks?",,,neutral
test,Ses05M_impro08,7,Ses05M_impro08_M007,unknown,"Well, you know what, does your D.S.L. cable -- you have D.S.L., right?",,,neutral
test,Ses05M_impro08,8,Ses05M_impro08_M008,unknown,"Okay.  Does your D.S.L. cable, you know, travel a long distance by any chance? - Does it go through any windows?  I mean, is it --",,,neutral
test,Ses05M_impro08,9,Ses05M_impro08_M009,unknown,"Okay.  Is it being- Is it being compressed between anything by any chance?  Because sometimes your connection can be you know, disrupted by, you know, the cable being squished.",,,neutral
test,Ses05M_impro08,10,Ses05M_impro08_M010,unknown,"Yeah. That can be- That can create a bad connection.  And it won't always be a bad connection, but it will be bad off and on.",,,neutral
test,Ses05M_impro08,11,Ses05M_impro08_M011,unknown,"Yeah, well, absolutely.  What we can -- let's just go ahead and just do a basic diagnostic of your system first off, okay.  Can you go down to your start button?",,,neutral
test,Ses05M_impro08,12,Ses05M_impro08_M012,unknown,"Okay, And uh- go ahead and click on run.",,,neutral
test,Ses05M_impro08,13,Ses05M_impro08_M013,unknown,Okay.  We're gonna get your -- a little black box is going to come up.  Do you see that?,,,neutral
test,Ses05M_impro08,14,Ses05M_impro08_M014,unknown,"Okay Uh- You've got your C calling, go ahead and type in directory list.",,,neutral
test,Ses05M_impro08,15,Ses05M_impro08_M015,unknown,And hit enter.,,,neutral
test,Ses05M_impro08,16,Ses05M_impro08_M016,unknown,Okay?  Can you tell me what that says?,,,neutral
test,Ses05M_impro08,17,Ses05M_impro08_M017,unknown,"Okay Okay, And Um- letters and numbers and stuff.  Uh- Can you - Can you just type in IP address search? And hit enter.",,,neutral
test,Ses05M_impro08,18,Ses05M_impro08_M018,unknown,Okay?  Does it list your IP address there?,,,neutral
test,Ses05M_impro08,19,Ses05M_impro08_M019,unknown,"It's set to zeros.  Okay, maybe that's our problem.  That could very well be our problem there.  Somehow you've lost your IP address.  I'm not sure why that would happen every week.  It could be a cycling issue, something like that.  But let's go ahead and type your IP address in again.",,,neutral
test,Ses05M_impro08,20,Ses05M_impro08_M020,unknown,"Well, if it does happen again, let me give you my direct number and you can call me.  Actually, I'll give you my cell number. Um- It's --",,,neutral
test,Ses05M_impro08,21,Ses05M_impro08_M021,unknown,"Of course.  we seriously- Yeah, I mean, obviously you've worked- you know -- I don't want to hassle you anymore.",,,neutral
test,Ses05M_impro08,22,Ses05M_impro08_M022,unknown,I completely understand.,,,neutral
test,Ses05M_impro08,23,Ses05M_impro08_M023,unknown,Absolutely. And I just don't want that to happen to you anymore.,,,neutral
test,Ses05M_impro08,24,Ses05M_impro08_M024,unknown,Absolutely.  It's a new service we are offering.,,,neutral
test,Ses05M_impro08,25,Ses05M_impro08_M025,unknown,Uh huh Uh huh We want you to be happy.  You're our customer.  You're the most important thing. Okay?,,,neutral
test,Ses05M_impro08,26,Ses05M_impro08_M026,unknown,"Great.  Well, that makes me very happy.  That makes us all happy here at D.S.L. Extreme.  Is there anything else I can help you with?",,,joy
test,Ses05M_impro08,27,Ses05M_impro08_M027,unknown,All right.  You have a wonderful day.  Call us anytime.,,,neutral
test,Ses05M_impro08,28,Ses05M_impro08_M028,unknown,"All right.  Bye, bye.",,,joy
test,Ses05M_script01_1,0,Ses05M_script01_1_F000,unknown,What's he going to say?  Maybe we should tell him before he sees it.,,,sadness
test,Ses05M_script01_1,1,Ses05M_script01_1_F001,unknown,When?  I was the first one up.  He was still in bed.  How could he have seen it?,,,sadness
test,Ses05M_script01_1,4,Ses05M_script01_1_F004,unknown,Did you talk to him?,,,sadness
test,Ses05M_script01_1,5,Ses05M_script01_1_F005,unknown,He cried hard?,,,sadness
test,Ses05M_script01_1,10,Ses05M_script01_1_F010,unknown,"What do you want to do, argue with him?",,,frustrated
test,Ses05M_script01_1,12,Ses05M_script01_1_F012,unknown,how are you gonna prove it?  Can you prove it?,,,frustrated
test,Ses05M_script01_1,13,Ses05M_script01_1_F013,unknown,"To you it is and to me, but not to him.  Now you can talk yourself until you're blue in the face, Chris, but there's no body and there's no grave.  So where are you?",,,frustrated
test,Ses05M_script01_1,14,Ses05M_script01_1_F014,unknown,"The trouble is the God damn newspapers.  I mean every every week a kid turns up, missing like longer than Larry.",,,anger
test,Ses05M_script01_1,18,Ses05M_script01_1_F018,unknown,"Well, what do you want me to do?  You're old enough to make- to know your own mind.",,,anger
test,Ses05M_script01_1,20,Ses05M_script01_1_F020,unknown,I'm just saying.,,,frustrated
test,Ses05M_script01_1,21,Ses05M_script01_1_F021,unknown,"I ignore what I got to ignore.  I mean, the girl is Larry's girl.",,,anger
test,Ses05M_script01_1,22,Ses05M_script01_1_F022,unknown,"From your father's point of view he's not dead and she's still his girl.  Now, you can go on from there if you know where to go, Chris, but I don't know.  So what can I do for you?",,,anger
test,Ses05M_script01_1,23,Ses05M_script01_1_F023,unknown,"Well, you're a considerate fella, there's nothing wrong in that",,,neutral
test,Ses05M_script01_1,24,Ses05M_script01_1_F024,unknown,Have you asked Annie yet?,,,neutral
test,Ses05M_script01_1,25,Ses05M_script01_1_F025,unknown,"Well, what if she feels like your father?  And how do you know she will marry you?",,,neutral
test,Ses05M_script01_1,26,Ses05M_script01_1_F026,unknown,"Well, the trouble is you never saw enough women.",,,neutral
test,Ses05M_script01_1,27,Ses05M_script01_1_F027,unknown,"Well, I just don't see why it has to be Annie.",,,frustrated
test,Ses05M_script01_1,28,Ses05M_script01_1_F028,unknown,"Well, that's a good reason.  But that doesn't mean anything at all.  I mean, you haven't seen her in five years.",,,frustrated
test,Ses05M_script01_1,29,Ses05M_script01_1_F029,unknown,"No.  I don't want a -- look, your father thinks he's coming back, Chris.  You marry that girl and you're pronouncing him dead.  Now, what's going to happen to your father; do you know?  Because, I don't.",,,frustrated
test,Ses05M_script01_1,31,Ses05M_script01_1_F031,unknown,What the hell is this?,,,sur
test,Ses05M_script01_1,32,Ses05M_script01_1_F032,unknown,Are you crazy?,,,anger
test,Ses05M_script01_1,35,Ses05M_script01_1_F035,unknown,"All right.  But don't think like that.  Because what the hell did we work for, Chris?  I mean, this whole thing, it's all for you.",,,anger
test,Ses05M_script01_1,36,Ses05M_script01_1_F036,unknown,Just don't think that way.  Do you hear me?,,,anger
test,Ses05M_script01_1,37,Ses05M_script01_1_F037,unknown,"I don't understand you, do I?",,,frustrated
test,Ses05M_script01_1,38,Ses05M_script01_1_F038,unknown,"Yeah, I can see that.",,,frustrated
test,Ses05M_script01_1,4,Ses05M_script01_1_M004,unknown,No.  I figured it was best to leave him alone.,,,sadness
test,Ses05M_script01_1,9,Ses05M_script01_1_M009,unknown,You know that Larry's not coming back and I know it.  So why do we go on letting him think that we believe with him?,,,frustrated
test,Ses05M_script01_1,10,Ses05M_script01_1_M010,unknown,I don't want to argue with him.  But it's time he knows that nobody else thinks that Larry's alive anymore.,,,frustrated
test,Ses05M_script01_1,11,Ses05M_script01_1_M011,unknown,"Why should he dream about him, walking around looking for him at night?  Do we contradict him?  Do we say straight out that we don't have any hope anymore, that we haven't had any hope for years now?",,,anger
test,Ses05M_script01_1,12,Ses05M_script01_1_M012,unknown,We have to say it to him.,,,frustrated
test,Ses05M_script01_1,13,Ses05M_script01_1_M013,unknown,For Gods sake!  Three years!  Nobody comes back after three years.  That's insane!,,,anger
test,Ses05M_script01_1,15,Ses05M_script01_1_M015,unknown,"All right.  All right, mom.  Just listen.  You know why I invited Annie her, don't you?",,,frustrated
test,Ses05M_script01_1,16,Ses05M_script01_1_M016,unknown,You know.,,,neutral
test,Ses05M_script01_1,17,Ses05M_script01_1_M017,unknown,I'm going to ask her to marry me.,,,neutral
test,Ses05M_script01_1,18,Ses05M_script01_1_M018,unknown,It's not just my business.,,,frustrated
test,Ses05M_script01_1,19,Ses05M_script01_1_M019,unknown,So it's okay then?  I should just go ahead and do it?,,,frustrated
test,Ses05M_script01_1,20,Ses05M_script01_1_M020,unknown,"Oh, so it isn't just my business?",,,anger
test,Ses05M_script01_1,21,Ses05M_script01_1_M021,unknown,You infuriate me sometimes.  Do you know that?  God.,,,anger
test,Ses05M_script01_1,22,Ses05M_script01_1_M022,unknown,"Isn't it your business, too, if dad -- if I tell dad and he throws a fit about it?  I mean, you have such a talent for ignoring things.",,,anger
test,Ses05M_script01_1,23,Ses05M_script01_1_M023,unknown,She is not Larry's girl!,,,anger
test,Ses05M_script01_1,24,Ses05M_script01_1_M024,unknown,"I don't know why it is but everytime I reach out for something I- that I want, I have to pull back because I might hurt somebody else.  My whole bloody life; time after time after time.",,,frustrated
test,Ses05M_script01_1,25,Ses05M_script01_1_M025,unknown,To hell with that!,,,anger
test,Ses05M_script01_1,28,Ses05M_script01_1_M028,unknown,So what?  I'm not fast with women.,,,anger
test,Ses05M_script01_1,29,Ses05M_script01_1_M029,unknown,Because it is.,,,frustrated
test,Ses05M_script01_1,30,Ses05M_script01_1_M030,unknown,"I know her best, all right?  I don't know.  I grew up next to her.  When I think of somebody for my wife these days, I think of Annie.  What do you want, a diagram?",,,frustrated
test,Ses05M_script01_1,32,Ses05M_script01_1_M032,unknown,"I've given it three years of thought.  I hoped that if I'd waited, dad would have forgotten about it by now.  And we could have like a normal wedding and everybody happy.",,,anger
test,Ses05M_script01_1,33,Ses05M_script01_1_M033,unknown,"But if that can't happen, I'll just have to get out.",,,anger
test,Ses05M_script01_1,34,Ses05M_script01_1_M034,unknown,"I'll get out.  I'll go get married and live someplace else.  I don't know, maybe New York.",,,anger
test,Ses05M_script01_1,35,Ses05M_script01_1_M035,unknown,I have been a good son for too long.  A good sucker.  I'm through with it.,,,anger
test,Ses05M_script01_1,36,Ses05M_script01_1_M036,unknown,"Yes.  On this, I would.",,,anger
test,Ses05M_script01_1,37,Ses05M_script01_1_M037,unknown,"Well, you help me stay here.",,,anger
test,Ses05M_script01_1,38,Ses05M_script01_1_M038,unknown,"I know that, mom.  Just, you help me stay here.",,,frustrated
test,Ses05M_script01_1,40,Ses05M_script01_1_M040,unknown,"No, you don't.  I'm a pretty tough guy.",,,frustrated
test,Ses05M_script01_1b,0,Ses05M_script01_1b_F000,unknown,What's he going to say?  Maybe we ought to tell him before he sees it.,,,sadness
test,Ses05M_script01_1b,1,Ses05M_script01_1b_F001,unknown,"What do you mean?  I was the first one up, he was still in bed.",,,sur
test,Ses05M_script01_1b,12,Ses05M_script01_1b_F012,unknown,"The trouble is the God damn newspapers, I mean, ea- each week a new boy turns up out of nowhere.  So the next one is gonna be Larry.  So you--",,,frustrated
test,Ses05M_script01_1b,16,Ses05M_script01_1b_F016,unknown,"What do you want me to do?  I mean, You're old enough to know your own mind.",,,frustrated
test,Ses05M_script01_1b,18,Ses05M_script01_1b_F018,unknown,"I ignore what I got to ignore.  I mean, the girl is Larry's girl.",,,frustrated
test,Ses05M_script01_1b,22,Ses05M_script01_1b_F022,unknown,Have you asked Annie yet?,,,neutral
test,Ses05M_script01_1b,23,Ses05M_script01_1b_F023,unknown,"Well, how do you know she'll marry you?  Maybe she feels like your father does.",,,neutral
test,Ses05M_script01_1b,24,Ses05M_script01_1b_F024,unknown,The trouble is you don't see enough women.  You never did.,,,neutral
test,Ses05M_script01_1b,26,Ses05M_script01_1b_F026,unknown,"Well, that's a good reason.  But it don't mean a thing. I mean, You haven't seen her since you went to war.  It's been five years.",,,neutral
test,Ses05M_script01_1b,27,Ses05M_script01_1b_F027,unknown,"No I don't want a-  Your father thinks he's coming back, Chris.  If you marry that girl, you're pronouncing him dead.",,,frustrated
test,Ses05M_script01_1b,28,Ses05M_script01_1b_F028,unknown,"Now, what's going to happen to your father, do you know?  I don't.",,,sadness
test,Ses05M_script01_1b,30,Ses05M_script01_1b_F030,unknown,What the hell is this?,,,sur
test,Ses05M_script01_1b,31,Ses05M_script01_1b_F031,unknown,Are you crazy?,,,anger
test,Ses05M_script01_1b,33,Ses05M_script01_1b_F033,unknown,Must you be inspired?,,,anger
test,Ses05M_script01_1b,34,Ses05M_script01_1b_F034,unknown,You don't want to think like that.,,,anger
test,Ses05M_script01_1b,35,Ses05M_script01_1b_F035,unknown,"All right.  But don't think like that because what the hell did we work for, Chris?  All of this, all of it, it's all just for you.",,,frustrated
test,Ses05M_script01_1b,37,Ses05M_script01_1b_F037,unknown,"I don't understand you, do I?",,,frustrated
test,Ses05M_script01_1b,1,Ses05M_script01_1b_M001,unknown,He was out here when it broke.,,,sadness
test,Ses05M_script01_1b,2,Ses05M_script01_1b_M002,unknown,About four this morning.  I heard it crack and I looked out the window and he was standing right there when it cracked.,,,sadness
test,Ses05M_script01_1b,3,Ses05M_script01_1b_M003,unknown,"I don't know.  But after he saw it, he ran back into the house and started crying in the kitchen.",,,sadness
test,Ses05M_script01_1b,4,Ses05M_script01_1b_M004,unknown,No.  I figured it was best to leave him alone.,,,sadness
test,Ses05M_script01_1b,5,Ses05M_script01_1b_M005,unknown,"Yes, yes he is.  I don't know the meaning in it.  But I know one thing, mom, we made a terrible mistake with Dad.",,,sadness
test,Ses05M_script01_1b,8,Ses05M_script01_1b_M008,unknown,I don't want to argue with him.  But it's time that he knows that nobody else believes that Larry's alive. I mean,,,frustrated
test,Ses05M_script01_1b,9,Ses05M_script01_1b_M009,unknown,"Why shouldn't he dream about him, walk the nights waiting for him?  Do we contradict him?  Do we say outright that we don't have any hope anymore?  That we haven't had any hope for a long time?",,,frustrated
test,Ses05M_script01_1b,10,Ses05M_script01_1b_M010,unknown,"For Gods sake, three years!  Nobody comes back after three years.  It's insane!",,,frustrated
test,Ses05M_script01_1b,12,Ses05M_script01_1b_M012,unknown,"All right.  All right, just listen.",,,frustrated
test,Ses05M_script01_1b,16,Ses05M_script01_1b_M016,unknown,You know it's not just my business.,,,frustrated
test,Ses05M_script01_1b,17,Ses05M_script01_1b_M017,unknown,So it's all right then?  I should just go ahead with it?,,,frustrated
test,Ses05M_script01_1b,19,Ses05M_script01_1b_M019,unknown,"Isn't it your business, too, if I tell dad and he throws a fit about it?  You have such a talent for ignoring things.",,,anger
test,Ses05M_script01_1b,20,Ses05M_script01_1b_M020,unknown,She's not Larry's girl.,,,anger
test,Ses05M_script01_1b,21,Ses05M_script01_1b_M021,unknown,"I don't know why it is but every time I reach out for something that I want, I have to pull back because it might hurt somebody else, my whole bloody life, time after time, after time.",,,frustrated
test,Ses05M_script01_1b,22,Ses05M_script01_1b_M022,unknown,what to hell with that!,,,anger
test,Ses05M_script01_1b,25,Ses05M_script01_1b_M025,unknown,"I'll find out and then we'll thrash it out with dad, all right?  Mom, don't avoid me.",,,frustrated
test,Ses05M_script01_1b,26,Ses05M_script01_1b_M026,unknown,"So what, I'm not fast with women?",,,frustrated
test,Ses05M_script01_1b,27,Ses05M_script01_1b_M027,unknown,Because it is.,,,frustrated
test,Ses05M_script01_1b,28,Ses05M_script01_1b_M028,unknown,"[garbage] I don't know.  It's just,",,,frustrated
test,Ses05M_script01_1b,29,Ses05M_script01_1b_M029,unknown,"she's who I know best. I know her since I- I was a kid I grew up with her.  When I think of somebody for my wife these days, I I think of Annie.  What do you want, a diagram?",,,frustrated
test,Ses05M_script01_1b,30,Ses05M_script01_1b_M030,unknown,"All right then, mom.",,,frustrated
test,Ses05M_script01_1b,31,Ses05M_script01_1b_M031,unknown,"I've given it three years of thought.  I had hoped if I waited, dad would've forgotten him by now and we could have a- a regular wedding and everybody happy.",,,anger
test,Ses05M_script01_1b,32,Ses05M_script01_1b_M032,unknown,But if that can't happen then I'll just get out.,,,anger
test,Ses05M_script01_1b,33,Ses05M_script01_1b_M033,unknown,"I'll get out.  I'll go get married someplace else, I- I'll live someplace else, maybe New York.",,,anger
test,Ses05M_script01_1b,35,Ses05M_script01_1b_M035,unknown,The business?  The business doesn't inspire me.,,,anger
test,Ses05M_script01_1b,36,Ses05M_script01_1b_M036,unknown,"Yeah, I'd like one hour a day.  If I have to grub for money all day long, I'd like to go home to something beautiful.  I'd like a family.  I'd like some kids.",,,anger
test,Ses05M_script01_1b,39,Ses05M_script01_1b_M039,unknown,"I know that, mom.  Just you help me stay here.",,,frustrated
test,Ses05M_script01_1b,40,Ses05M_script01_1b_M040,unknown,"Well, I am thinking like that.",,,anger
test,Ses05M_script01_1b,41,Ses05M_script01_1b_M041,unknown,"No, you don't.  I'm a pretty tough guy.",,,anger
test,Ses05M_script01_2,2,Ses05M_script01_2_F002,unknown,Nobody comes seven hundred miles just to see.,,,neutral
test,Ses05M_script01_2,4,Ses05M_script01_2_F004,unknown,He's got that about it.,,,neutral
test,Ses05M_script01_2,5,Ses05M_script01_2_F005,unknown,"What's going on here, Joe?",,,anger
test,Ses05M_script01_2,10,Ses05M_script01_2_F010,unknown,"I want you to pretend like he's coming back.  Both of you, don't think I haven't noticed you and Chris since she's gotten here.  I don't want any nonsense.",,,frustrated
test,Ses05M_script01_2,11,Ses05M_script01_2_F011,unknown,"No, because if she- he's not coming back then I'll kill myself. Laugh!  Laugh at me!",,,frustrated
test,Ses05M_script01_2,14,Ses05M_script01_2_F014,unknown,Only last week a man turned up in Detroit missing longer than Larry.  You read it yourself.,,,frustrated
test,Ses05M_script01_2,15,Ses05M_script01_2_F015,unknown,You above all have got to believe.,,,anger
test,Ses05M_script01_2,17,Ses05M_script01_2_F017,unknown,I can't help it.,,,anger
test,Ses05M_script01_2,0,Ses05M_script01_2_M000,unknown,Why does that bother you?,,,neutral
test,Ses05M_script01_2,1,Ses05M_script01_2_M001,unknown,"Well, maybe maybe he just wanted to see her again.",,,neutral
test,Ses05M_script01_2,2,Ses05M_script01_2_M002,unknown,"What are you talking about?  He grew up next to the girl his whole life, why wouldn't he want to see her again?  Don't look at me like that.  He hasn't told me anything he didn't told you.",,,frustrated
test,Ses05M_script01_2,3,Ses05M_script01_2_M003,unknown,Why do you think he's even thinking that?,,,neutral
test,Ses05M_script01_2,4,Ses05M_script01_2_M004,unknown,"Well, so what?",,,frustrated
test,Ses05M_script01_2,5,Ses05M_script01_2_M005,unknown,Now listen.,,,frustrated
test,Ses05M_script01_2,7,Ses05M_script01_2_M007,unknown,How do you know why she's waited?,,,frustrated
test,Ses05M_script01_2,8,Ses05M_script01_2_M008,unknown,"Look, it's a beautiful day outside, why are we arguing?",,,frustrated
test,Ses05M_script01_2,9,Ses05M_script01_2_M009,unknown,"Well, what do you want me to do about it?  What do you want?",,,frustrated
test,Ses05M_script01_2,10,Ses05M_script01_2_M010,unknown,But Kate?,,,frustrated
test,Ses05M_script01_2,11,Ses05M_script01_2_M011,unknown,Calm yourself.,,,frustrated
test,Ses05M_script01_2,12,Ses05M_script01_2_M012,unknown,Calm yourself.,,,frustrated
test,Ses05M_script01_2,13,Ses05M_script01_2_M013,unknown,All right.  All right.,,,frustrated
test,Ses05M_script01_2,15,Ses05M_script01_2_M015,unknown,"What's that suppose to mean, me above all?  Look at you, you're shaking.",,,anger
test,Ses05M_script01_2,16,Ses05M_script01_2_M016,unknown,"What have I got to hide, Kate?  What the hell is the matter with you?",,,anger
test,Ses05M_script01_3,0,Ses05M_script01_3_F000,unknown,You're the only one I know who loves his parents.,,,neutral
test,Ses05M_script01_3,1,Ses05M_script01_3_F001,unknown,It's all right.  It's a good thing.  It's lovely here.  The air is sweet.,,,joy
test,Ses05M_script01_3,3,Ses05M_script01_3_F003,unknown,"Well, your mother, first of all, pretty much told me to leave.",,,neutral
test,Ses05M_script01_3,6,Ses05M_script01_3_F006,unknown,"I figured they would, your mother at least.",,,neutral
test,Ses05M_script01_3,7,Ses05M_script01_3_F007,unknown,"Well, from her perspective, I mean, why else would I come here?",,,neutral
test,Ses05M_script01_3,9,Ses05M_script01_3_F009,unknown,"Oh, Chris I've been ready for a long time.",,,joy
test,Ses05M_script01_3,10,Ses05M_script01_3_F010,unknown,I almost got married two years ago.,,,sadness
test,Ses05M_script01_3,12,Ses05M_script01_3_F012,unknown,Everyday since.,,,joy
test,Ses05M_script01_3,13,Ses05M_script01_3_F013,unknown,"Well, I mean, until then you never wrote and when you did, what did you say?  I mean, you sure can be ambiguous.",,,excited
test,Ses05M_script01_3,15,Ses05M_script01_3_F015,unknown,Not like that you're not.,,,excited
test,Ses05M_script01_3,16,Ses05M_script01_3_F016,unknown,"Like Larry's brother.  Do it like you, Chris.  What's the matter?",,,sadness
test,Ses05M_script01_3,19,Ses05M_script01_3_F019,unknown,Even in your letters there was something ashamed.,,,sadness
test,Ses05M_script01_3,20,Ses05M_script01_3_F020,unknown,You have to tell me.,,,sadness
test,Ses05M_script01_3,21,Ses05M_script01_3_F021,unknown,It wouldn't work like this.,,,sadness
test,Ses05M_script01_3,22,Ses05M_script01_3_F022,unknown,"Yeah, sure.",,,neutral
test,Ses05M_script01_3,23,Ses05M_script01_3_F023,unknown,How many?,,,sadness
test,Ses05M_script01_3,24,Ses05M_script01_3_F024,unknown,Do you still feel like that?,,,sadness
test,Ses05M_script01_3,25,Ses05M_script01_3_F025,unknown,"Because you can't feel like that anymore, Chris.  Because everything you have, you have a right to, me included.",,,sadness
test,Ses05M_script01_3,27,Ses05M_script01_3_F027,unknown,[LAUGHTER] What will I do with a fortune?,,,joy
test,Ses05M_script01_3,1,Ses05M_script01_3_M001,unknown,"So, you're not sorry I came?",,,excited
test,Ses05M_script01_3,2,Ses05M_script01_3_M002,unknown,Why?,,,sur
test,Ses05M_script01_3,3,Ses05M_script01_3_M003,unknown,Well-,,,neutral
test,Ses05M_script01_3,10,Ses05M_script01_3_M010,unknown,"You feel it's wrong here, don't you; this yard, this chair?  I want you to be ready for me, Annie. I- I don't want to win you away from anything.",,,excited
test,Ses05M_script01_3,12,Ses05M_script01_3_M012,unknown,Why didn't you?,,,sur
test,Ses05M_script01_3,13,Ses05M_script01_3_M013,unknown,You felt something that far back?,,,joy
test,Ses05M_script01_3,16,Ses05M_script01_3_M016,unknown,"oh, God I kissed Annie.  I kissed Annie. I can't How long have I waited to do that?",,,excited
test,Ses05M_script01_3,17,Ses05M_script01_3_M017,unknown,"Oh, Annie, we're gonna live now.  I'm going to make you so happy.",,,excited
test,Ses05M_script01_3,18,Ses05M_script01_3_M018,unknown,I kissed you.,,,sur
test,Ses05M_script01_3,19,Ses05M_script01_3_M019,unknown,Lets go for a ride.  I I- I want to be alone with you.,,,sadness
test,Ses05M_script01_3,20,Ses05M_script01_3_M020,unknown,"No, nothing like that.",,,sadness
test,Ses05M_script01_3,21,Ses05M_script01_3_M021,unknown,"Yeah, I suppose I have been.  But it's going for me.",,,sadness
test,Ses05M_script01_3,22,Ses05M_script01_3_M022,unknown,I don't I don't know where to start.,,,neutral
test,Ses05M_script01_3,23,Ses05M_script01_3_M023,unknown,It's so mixed up with so many other things.,,,sadness
test,Ses05M_script01_3,25,Ses05M_script01_3_M025,unknown,I lost them.,,,sadness
test,Ses05M_script01_3,26,Ses05M_script01_3_M026,unknown,Just about all.,,,sadness
test,Ses05M_script01_3,27,Ses05M_script01_3_M027,unknown,"It- It takes time to toss something like that off,I mean, because they weren't just men.",,,sadness
test,Ses05M_script01_3,29,Ses05M_script01_3_M029,unknown,I know it's it's just a little thing but that's just the kind of guys I had.  They didn't die.  They killed themselves for each other.,,,sadness
test,Ses05M_script01_3,30,Ses05M_script01_3_M030,unknown,"I mean that exactly, anymore selfish -- just a little bit more selfish and they would have been here today. And it gave me an idea as I was watching them all go down.",,,sadness
test,Ses05M_script01_3,33,Ses05M_script01_3_M033,unknown,It was and then I went home.  And it was incredible.  It didn't have any meaning there.,,,sadness
test,Ses05M_script01_3,36,Ses05M_script01_3_M036,unknown,"I felt what you said, ashamed somehow because nobody had changed at all.",,,sadness
test,Ses05M_script01_3,37,Ses05M_script01_3_M037,unknown,"It seemed to make suckers out of so many guys.  And I-I felt wrong to be alive; to to open that bank book, to to drive that car, the new car, and look at that new refrigerator. I mean,",,,frustrated
test,Ses05M_script01_3,38,Ses05M_script01_3_M038,unknown,"you can take those things out of the war, but if you're gonna drive that car you've got to know that that came from the love a man can have from a man. And you've got to be a little bit better because of that.  Because if you're not, then it's all just loot and there's blood on it and I didn't want any of it.",,,frustrated
test,Ses05M_script01_3,39,Ses05M_script01_3_M039,unknown,And I guess that included you.,,,sadness
test,Ses05M_script01_3,40,Ses05M_script01_3_M040,unknown,"I want you now, Annie.",,,sadness
test,Ses05M_script01_3,41,Ses05M_script01_3_M041,unknown,"Oh, Annie,",,,excited
test,Ses05M_script01_3,42,Ses05M_script01_3_M042,unknown,Annie I am going to make you a fortune.,,,joy
test,Ses05M_script02_1,0,Ses05M_script02_1_F000,unknown,Fine.,,,sadness
test,Ses05M_script02_1,1,Ses05M_script02_1_F001,unknown,What flashlight?,,,neutral
test,Ses05M_script02_1,13,Ses05M_script02_1_F013,unknown,Pass what up?  It's It's just little fish and they swim up on the beach and they flop around and they swim away and then they die.,,,frustrated
test,Ses05M_script02_1,14,Ses05M_script02_1_F014,unknown,"What are you so excited about.  This isn't rocket science, this is just fish.  Fish nobody even eats.",,,frustrated
test,Ses05M_script02_1,15,Ses05M_script02_1_F015,unknown,Augie.,,,frustrated
test,Ses05M_script02_1,16,Ses05M_script02_1_F016,unknown,I'm just not.,,,sadness
test,Ses05M_script02_1,18,Ses05M_script02_1_F018,unknown,"Well, if you also remember last year we- our shoes got wet, I got sand in my panties, we had a big argument, you had a sore throat, and we didn't see the grunion.",,,frustrated
test,Ses05M_script02_1,19,Ses05M_script02_1_F019,unknown,We didn't see them the first time either.,,,frustrated
test,Ses05M_script02_1,0,Ses05M_script02_1_M000,unknown,"What time is it?  They're supposed to run around midnight.  Oh, this is great, isn't it?  Look at the night we've got here.  It couldn't be better.  Actually, I wanted to go a little further up the coast you know to get away from all the lights and the people.  I was afraid we might miss it though, so how are you doing?",,,excited
test,Ses05M_script02_1,1,Ses05M_script02_1_M001,unknown,"What's that? Is that- Wait, is that foam?  I can't even tell.  Oh Actually, I guess if I can't tell then it probably isn't it, is it?  It will probably be unmistakable, don't you think?",,,excited
test,Ses05M_script02_1,2,Ses05M_script02_1_M002,unknown,"This is great.  How are you doing?  Oh, no.  Oh, do you know what I did?  I forgot the flashlight.  How could I be so stupid?  I forgot the flashlight.",,,excited
test,Ses05M_script02_1,3,Ses05M_script02_1_M003,unknown,"The flashlight.  The silver one.  There's only one, isn't there?  Stupid.",,,excited
test,Ses05M_script02_1,5,Ses05M_script02_1_M005,unknown,"Oh, no, of course, our flashlight.  Me flashlight is to you flashlight, naturally.",,,excited
test,Ses05M_script02_1,6,Ses05M_script02_1_M006,unknown,"How could we have forgotten it? Well, I hope the moon stays out.  I wonder, do they always run during a full moon?  I can't remember, was the moon full last year, do you remember?",,,excited
test,Ses05M_script02_1,7,Ses05M_script02_1_M007,unknown,"Are you cold?  Do you want my jacket?  We should have brought the blanket, our blanket.  Oh, this is great.  I didn't even think to bring a six pack.  Oh, a six pack would be just the ticket right about now.",,,excited
test,Ses05M_script02_1,8,Ses05M_script02_1_M008,unknown,"I can't believe I forgot.I'm like a little kid.  I'm surprised I made it out of the house with my fly zipped. Oh, [LAUGHTER]",,,excited
test,Ses05M_script02_1,9,Ses05M_script02_1_M009,unknown,"Oh, I wonder if they can hear me or if they can feel the vibrations when we move around in the sand. or something",,,excited
test,Ses05M_script02_1,10,Ses05M_script02_1_M010,unknown,Do you want my jacket?,,,excited
test,Ses05M_script02_1,16,Ses05M_script02_1_M016,unknown,Oh,,,frustrated
test,Ses05M_script02_1,17,Ses05M_script02_1_M017,unknown,"Honey, it's a natural phenomenon.  I mean, this kind of thing only happens once a year.  It's a great opportunity.",,,excited
test,Ses05M_script02_1,18,Ses05M_script02_1_M018,unknown,"I mean, Think about people in Kansas, they've got to get like you know plane tickets and hotel reservations just to see this.  We're just forty minutes away.  It's just too good of an opportunity to pass up.",,,excited
test,Ses05M_script02_1,19,Ses05M_script02_1_M019,unknown,"Yeah, but all that time on the beach is the highlight of their little lives.  You know,",,,excited
test,Ses05M_script02_1,20,Ses05M_script02_1_M020,unknown,"and all that about flopping around, it's like laying eggs or what do you -- spawning or mating or something like that.",,,excited
test,Ses05M_script02_1,21,Ses05M_script02_1_M021,unknown,"I mean, this is a big night for these guys.  You know, life's last orgy.",,,excited
test,Ses05M_script02_1,22,Ses05M_script02_1_M022,unknown,"Yeah, they do.",,,frustrated
test,Ses05M_script02_1,23,Ses05M_script02_1_M023,unknown,"All right.  But they are fish that do something no other fish do.  Like the swallows were turning into Capistrano or Lemmings jumping off the cliffs, you know like that. There's- There's magic here and mystery.  And a little bit of the unexplainable.  You know, I can't see how you could not be interested.",,,excited
test,Ses05M_script02_1,24,Ses05M_script02_1_M024,unknown,For real?,,,frustrated
test,Ses05M_script02_1,25,Ses05M_script02_1_M025,unknown,"I don't get it.  I mean, the first time we came you said it was the best night of your life. And last year I remember distinctly you were so excited about coming that you stubbed your toe toe pushing me out the door and you didn't even notice until you got in the car.",,,frustrated
test,Ses05M_script02_1,28,Ses05M_script02_1_M028,unknown,"Look there.  What is that?  Is that -- Oh No, that's seaweed.",,,excited
test,Ses05M_script02_1,29,Ses05M_script02_1_M029,unknown,"Oh, this is great.  I wouldn't miss this for the world. I mean, think about this, I know you're not interested but just think about this for a second;",,,excited
test,Ses05M_script02_1,30,Ses05M_script02_1_M030,unknown,somewhere out there is a giant mass of silver fish all swimming in this direction.  They don't know why they're doing it.  We don't know why they're doing it.  They didn't- It wasn't a decision.  No one took a vote.  Nobody sent them an invitation or a map or anything like that.  It was just some internal time release fire cracker that went off. And all as one they turned around and formed this giant line as long as the California coastline and they just started swimming.  They are swimming right now at this very moment.   And And-,,,excited
test,Ses05M_script02_1,31,Ses05M_script02_1_M031,unknown,"And it's single mindedness with no mind. It- It's urgency, it's pure urge.  I mean, they didn't make any decisions.  They don't ask any questions.  They don't give it a name,",,,excited
test,Ses05M_script02_1,32,Ses05M_script02_1_M032,unknown,"they just all as one turn around and start swimming to this very point where we are standing now for one last celebration of sex and death. God, it's giving me Goosebumps.  Look at all the hairs that are standing up.",,,excited
test,Ses05M_script02_1,33,Ses05M_script02_1_M033,unknown,"Well, so what do you think?",,,excited
test,Ses05M_script02_2,0,Ses05M_script02_2_F000,unknown,About what?,,,neutral
test,Ses05M_script02_2,1,Ses05M_script02_2_F001,unknown,It's ridiculous.,,,neutral
test,Ses05M_script02_2,4,Ses05M_script02_2_F004,unknown,"I'm sorry.  It's just, it's it's just fish to me.",,,frustrated
test,Ses05M_script02_2,5,Ses05M_script02_2_F005,unknown,"God damn it, Augie.  Seriously, you always ask me that.  Why do you ask me that?  I hate it.  It's so insulting.",,,anger
test,Ses05M_script02_2,6,Ses05M_script02_2_F006,unknown,I just - We just have different ideas of what this night is suppose to look like.,,,frustrated
test,Ses05M_script02_2,8,Ses05M_script02_2_F008,unknown,We We don't ever.  Have we ever?,,,frustrated
test,Ses05M_script02_2,9,Ses05M_script02_2_F009,unknown,"Twice is every time we've tried, that's ever",,,anger
test,Ses05M_script02_2,10,Ses05M_script02_2_F010,unknown,"No, we won't.  It's like waiting up for Santa Clause or something.  I feel like as though my whole life is going to be standing on the beach waiting with my eyes opened expectantly, my hands clasped neatly in front of me, waiting for fish to show up.  And the fish will not show up.",,,anger
test,Ses05M_script02_2,11,Ses05M_script02_2_F011,unknown,You don't understand anything I am saying.,,,frustrated
test,Ses05M_script02_2,12,Ses05M_script02_2_F012,unknown,I did want to see it.  I always want to see it.  I just- I keep thinking this will be the time and it never is.,,,sadness
test,Ses05M_script02_2,13,Ses05M_script02_2_F013,unknown,Do you remember the first time that we came to see the grunion?  It was about four years ago right after we got married.  We thought I was pregnant.  We had a bottle of champagne and no glasses.  You asked me to dance.  We took off our shoes.  And while we were dancing you said the most intimate things to me right in my ear so I could feel them as much as hear them.,,,sadness
test,Ses05M_script02_2,14,Ses05M_script02_2_F014,unknown,"And I remember thinking to myself, finally.  I am as happy as I am supposed to be.",,,sadness
test,Ses05M_script02_2,15,Ses05M_script02_2_F015,unknown,"Dancing barefoot in the sand, drinking champagne out of the bottle.",,,sadness
test,Ses05M_script02_2,16,Ses05M_script02_2_F016,unknown,I would rather not remember some things.  I'd rather not hope for something.,,,sadness
test,Ses05M_script02_2,17,Ses05M_script02_2_F017,unknown,No.,,,sadness
test,Ses05M_script02_2,18,Ses05M_script02_2_F018,unknown,No.,,,sadness
test,Ses05M_script02_2,19,Ses05M_script02_2_F019,unknown,No.,,,sadness
test,Ses05M_script02_2,22,Ses05M_script02_2_F022,unknown,No.,,,sadness
test,Ses05M_script02_2,23,Ses05M_script02_2_F023,unknown,I just want- I just want things to turn out the way they are supposed to.,,,sadness
test,Ses05M_script02_2,26,Ses05M_script02_2_F026,unknown,But this isn't at all what I wanted it to be.,,,sadness
test,Ses05M_script02_2,27,Ses05M_script02_2_F027,unknown,"This is just this.  I mean, it's a lot and everything.  But it's not, you know, something else.  Am I making any sense?",,,sadness
test,Ses05M_script02_2,28,Ses05M_script02_2_F028,unknown,"I know that, Augie.  I do.  I know that. And and I know that this meant a lot to you and and it's special, you know, with the sand and the moon but.",,,sadness
test,Ses05M_script02_2,29,Ses05M_script02_2_F029,unknown,But I just couldn't help thinking about being somewhere else.,,,sadness
test,Ses05M_script02_2,30,Ses05M_script02_2_F030,unknown,I didn't say that.,,,sadness
test,Ses05M_script02_2,31,Ses05M_script02_2_F031,unknown,"For heavens sake, Augie, whatever I am doing, I'd rather it be with you.",,,sadness
test,Ses05M_script02_2,32,Ses05M_script02_2_F032,unknown,"Yes.  Don't you know that? I mean, You're probably the one you wishes you were with somebody else, somebody who didn't take everything so hard and who knew how to enjoy herself.",,,sadness
test,Ses05M_script02_2,34,Ses05M_script02_2_F034,unknown,"Yes, I did notice that.  It does look really beautiful over the water.  Big old white moon.",,,joy
test,Ses05M_script02_2,37,Ses05M_script02_2_F037,unknown,"No.  I'm beginning to think you might be right. I think  this might be the spot after all.  Augie, I'm sorry.",,,joy
test,Ses05M_script02_2,38,Ses05M_script02_2_F038,unknown,Or not.,,,joy
test,Ses05M_script02_2,0,Ses05M_script02_2_M000,unknown,"Well, so, what do you think?",,,excited
test,Ses05M_script02_2,1,Ses05M_script02_2_M001,unknown,What I was just saying.,,,excited
test,Ses05M_script02_2,2,Ses05M_script02_2_M002,unknown,It certainly is not.  It's slightly exaggerated scientific fact.,,,frustrated
test,Ses05M_script02_2,5,Ses05M_script02_2_M005,unknown,"uh, Carla Can I ask you a question?  no, don't get upset, but are you having your period?",,,neutral
test,Ses05M_script02_2,6,Ses05M_script02_2_M006,unknown,What's bugging you then?,,,frustrated
test,Ses05M_script02_2,7,Ses05M_script02_2_M007,unknown,"It's not that complicated.  We come down here, the grunions arrive, they do their little fish thing.  We say ooh, awe, look at the little fish.  And then they go home and we go home.",,,frustrated
test,Ses05M_script02_2,9,Ses05M_script02_2_M009,unknown,We've missed them twice.  That's hardly ever.,,,frustrated
test,Ses05M_script02_2,11,Ses05M_script02_2_M011,unknown,"Okey, They're just fish.  It's nothing to get traumatized over.",,,frustrated
test,Ses05M_script02_2,12,Ses05M_script02_2_M012,unknown,"No, of course not.",,,frustrated
test,Ses05M_script02_2,13,Ses05M_script02_2_M013,unknown,"I'm trying to work this backwards.  But I can't seem to pinpoint the time where everything went wrong here.  Okay, so --",,,frustrated
test,Ses05M_script02_2,14,Ses05M_script02_2_M014,unknown,"you were fine on the phone call with Marge, eating dinner was fine,talking- uh washing the dishes, no problem.  All right.  So, I'm taking a shower, you're watching TV, the news and you say the grunions are running tonight and I say, Great, let's go.  I'm feeling lucky.  And so, all right, and I'm putting on my coat, I'm putting out the animals, I'm pulling the car out of the garage.",,,frustrated
test,Ses05M_script02_2,16,Ses05M_script02_2_M016,unknown,"It was in the car, right?  When we were passing Knickerbocker Liquor Locker, you said, Let's stop and get champagne. and I said that times a wasting or something like that, right?  You wanted it to be like it was before, right?",,,neutral
test,Ses05M_script02_2,20,Ses05M_script02_2_M020,unknown,"What, you want me to blow in your ear?",,,frustrated
test,Ses05M_script02_2,21,Ses05M_script02_2_M021,unknown,"Do you want to get married again?- What?  What, do you want a divorce?",,,frustrated
test,Ses05M_script02_2,22,Ses05M_script02_2_M022,unknown,A vacation?,,,frustrated
test,Ses05M_script02_2,23,Ses05M_script02_2_M023,unknown,"A poodle, a backrub, a spa, a suicide pack?  What, Carla, what the hell do you want?",,,frustrated
test,Ses05M_script02_2,24,Ses05M_script02_2_M024,unknown,"Well, welcome to the human race.  Do you think this is what I had planned?  Do you think that when I proposed that I had this great fantasy going that four years down the road we would end up arguing on the beach over some fish?",,,anger
test,Ses05M_script02_2,25,Ses05M_script02_2_M025,unknown,"Do you think that I thought there would be times when you would look at me like I was used Kleenex or I would look at you and think, good God, when's the next flight to Alaska?  No.  No, I'm just like you. I thought it would all be like peaches and roses, and sand in our toes, and wind in our hair, and the fish would always come.  And the bills would magically pay themselves.  And we'd have three fat rosy kids.  But, ha ha, baby, the jokes on us!",,,anger
test,Ses05M_script02_2,26,Ses05M_script02_2_M026,unknown,"Because you know what you get, Carla?  You know what you get?  This.",,,anger
test,Ses05M_script02_2,28,Ses05M_script02_2_M028,unknown,Right.,,,frustrated
test,Ses05M_script02_2,29,Ses05M_script02_2_M029,unknown,"Now, I know.  Me either",,,sadness
test,Ses05M_script02_2,30,Ses05M_script02_2_M030,unknown,I'm trying the best I can.,,,sadness
test,Ses05M_script02_2,31,Ses05M_script02_2_M031,unknown,"Maybe if you're with somebody else, too?",,,sadness
test,Ses05M_script02_2,32,Ses05M_script02_2_M032,unknown,"No, I know.  But I know I don't make you happy.",,,sadness
test,Ses05M_script02_2,33,Ses05M_script02_2_M033,unknown,Really?,,,sur
test,Ses05M_script02_2,34,Ses05M_script02_2_M034,unknown,"Actually, now that you mention it, no.  I don't.",,,joy
test,Ses05M_script02_2,35,Ses05M_script02_2_M035,unknown,"I don't know.  I think this is a pretty good spot.  I mean, look at the view of the moon from here.",,,joy
test,Ses05M_script02_2,36,Ses05M_script02_2_M036,unknown,"Oh, well look what we've got here.",,,joy
test,Ses05M_script02_2,37,Ses05M_script02_2_M037,unknown,"Well, it isn't champagne.",,,joy
test,Ses05M_script02_2,40,Ses05M_script02_2_M040,unknown,Or not.,,,joy
test,Ses05M_script03_1,0,Ses05M_script03_1_F000,unknown,Do you think it's them?,,,fea
test,Ses05M_script03_1,1,Ses05M_script03_1_F001,unknown,"what, Nobody knows we are here except Freda and she wouldn't ring up.",,,excited
test,Ses05M_script03_1,2,Ses05M_script03_1_F002,unknown,What do we do?,,,excited
test,Ses05M_script03_1,3,Ses05M_script03_1_F003,unknown,"Now and always, my sweet.",,,excited
test,Ses05M_script03_1,4,Ses05M_script03_1_F004,unknown,It was bound to happen sooner or later.,,,excited
test,Ses05M_script03_1,5,Ses05M_script03_1_F005,unknown,"Oh, it sent shivers up my spine.",,,excited
test,Ses05M_script03_1,11,Ses05M_script03_1_F011,unknown,Don't laugh at me.  I'm serious.,,,neutral
test,Ses05M_script03_1,12,Ses05M_script03_1_F012,unknown,Who's they?,,,neutral
test,Ses05M_script03_1,13,Ses05M_script03_1_F013,unknown,"If I laugh at everything, then I must laugh at us too.",,,neutral
test,Ses05M_script03_1,15,Ses05M_script03_1_F015,unknown,"Well, will we always bicker and fight?",,,neutral
test,Ses05M_script03_1,17,Ses05M_script03_1_F017,unknown,"What if one of us dies, does the other one laugh then?",,,neutral
test,Ses05M_script03_1,20,Ses05M_script03_1_F020,unknown,"Elliott, worms don't pop.",,,neutral
test,Ses05M_script03_1,24,Ses05M_script03_1_F024,unknown,I know you did.  You threw it out the window into the Canal below.  I don't think I'll ever forgive you for that.,,,excited
test,Ses05M_script03_1,26,Ses05M_script03_1_F026,unknown,"Oh, It burnt my comb and all the towels in the bathroom.",,,excited
test,Ses05M_script03_1,31,Ses05M_script03_1_F031,unknown,You knew there was nothing in that.,,,neutral
test,Ses05M_script03_1,1,Ses05M_script03_1_M001,unknown,I wonder.,,,excited
test,Ses05M_script03_1,2,Ses05M_script03_1_M002,unknown,Must be them then?,,,fea
test,Ses05M_script03_1,3,Ses05M_script03_1_M003,unknown,"We're all right, aren't we, darling, whatever happens?",,,neutral
test,Ses05M_script03_1,4,Ses05M_script03_1_M004,unknown,I don't care then.,,,excited
test,Ses05M_script03_1,6,Ses05M_script03_1_M006,unknown,"Oh, what shall we do if they suddenly walk in on us.",,,excited
test,Ses05M_script03_1,7,Ses05M_script03_1_M007,unknown,With the worst- with the most perfect poise?,,,excited
test,Ses05M_script03_1,8,Ses05M_script03_1_M008,unknown,"Uhh, It's amazing how once you feel--",,,excited
test,Ses05M_script03_1,9,Ses05M_script03_1_M009,unknown,"things that ought to matter most dreadfully don't matter at all when one's happy, do they?",,,excited
test,Ses05M_script03_1,10,Ses05M_script03_1_M010,unknown,"Uhh, You mustn't say that, my darling.",,,excited
test,Ses05M_script03_1,11,Ses05M_script03_1_M011,unknown,"Being that sacred and wonderful thing, love.",,,excited
test,Ses05M_script03_1,12,Ses05M_script03_1_M012,unknown,"Um What does it all mean?  That's what I ask myself in my endless quest for ultimate truth.  Dear God, what does it all mean?",,,excited
test,Ses05M_script03_1,13,Ses05M_script03_1_M013,unknown,"You mustn't be serious, darling.  That's just what they want.",,,excited
test,Ses05M_script03_1,14,Ses05M_script03_1_M014,unknown,"All the futile mortals who try to make life unbearable.  Laugh at them, Be flippant.  Laugh at everything, all their sacred shibboleths.",,,excited
test,Ses05M_script03_1,15,Ses05M_script03_1_M015,unknown,uh- the- Being flippant brings out the acid in their damned beauty and light.,,,excited
test,Ses05M_script03_1,16,Ses05M_script03_1_M016,unknown,Certainly you must.  We are figures of fun all right.,,,excited
test,Ses05M_script03_1,18,Ses05M_script03_1_M018,unknown,No.  That fire will fade along with our passion.,,,excited
test,Ses05M_script03_1,20,Ses05M_script03_1_M020,unknown,"Yes, yes, with all his might.",,,excited
test,Ses05M_script03_1,21,Ses05M_script03_1_M021,unknown,"No, no that is quit laughable.  The cutting little mystery all done with mirrors.",,,excited
test,Ses05M_script03_1,22,Ses05M_script03_1_M022,unknown,"So is everyone else in the long run.  Let's be superficial and pity the poor philosophers.  Let's blow trumpets and squeakers and enjoy the party as long as we can, like little quiet idiotic school children.",,,excited
test,Ses05M_script03_1,23,Ses05M_script03_1_M023,unknown,"[garbage] Darling, kiss me before your body rots and worms start popping in and out of your eye sockets.",,,excited
test,Ses05M_script03_1,24,Ses05M_script03_1_M024,unknown,"I don't care what you do.  See, you could paint your body bright green and and run naked through the Place Vendome and run with every man in the world and I shan't say a word.  As long as I know that you love me best.",,,excited
test,Ses05M_script03_1,25,Ses05M_script03_1_M025,unknown,Do you remember that awful scene we had in Venice?,,,excited
test,Ses05M_script03_1,26,Ses05M_script03_1_M026,unknown,The one where you bought that little painted wooden stake and you put it on my bed.,,,excited
test,Ses05M_script03_1,27,Ses05M_script03_1_M027,unknown,Horrible thing.  I hated it.,,,excited
test,Ses05M_script03_1,28,Ses05M_script03_1_M028,unknown,How long did that roue last?,,,excited
test,Ses05M_script03_1,29,Ses05M_script03_1_M029,unknown,"Oh, The worst one was in Cannes when your curling iron burnt a hole in my new dressing gown?",,,excited
test,Ses05M_script03_1,30,Ses05M_script03_1_M030,unknown,"[LAUGHTER] That was quit a rouser, wasn't it?",,,excited
test,Ses05M_script03_1,31,Ses05M_script03_1_M031,unknown,"Oh, I didn't hit you very hard.",,,excited
test,Ses05M_script03_1,32,Ses05M_script03_1_M032,unknown,I should never forget his face. [LAUGHTER],,,excited
test,Ses05M_script03_1,33,Ses05M_script03_1_M033,unknown,We were very much younger then.,,,excited
test,Ses05M_script03_2,1,Ses05M_script03_2_F001,unknown,Only a trivial little broach.,,,neutral
test,Ses05M_script03_2,2,Ses05M_script03_2_F002,unknown,Not at all.  I quite like it.  I wear it often.,,,neutral
test,Ses05M_script03_2,3,Ses05M_script03_2_F003,unknown,"[garbage], No, I didn't.  You worked the whole thing up in your jealous imagination.",,,frustrated
test,Ses05M_script03_2,4,Ses05M_script03_2_F004,unknown,"Oh, maybe a little.  Nothing serious.",,,neutral
test,Ses05M_script03_2,5,Ses05M_script03_2_F005,unknown,"Well, what of it.",,,neutral
test,Ses05M_script03_2,6,Ses05M_script03_2_F006,unknown,Well it gave him a lot of pleasure and it didn't hurt me.,,,neutral
test,Ses05M_script03_2,8,Ses05M_script03_2_F008,unknown,I'm getting very bored with this conversation.,,,frustrated
test,Ses05M_script03_2,9,Ses05M_script03_2_F009,unknown,No thanks.,,,neutral
test,Ses05M_script03_2,12,Ses05M_script03_2_F012,unknown,It's becoming a habit with you.,,,neutral
test,Ses05M_script03_2,13,Ses05M_script03_2_F013,unknown,Don't be stupid.,,,frustrated
test,Ses05M_script03_2,15,Ses05M_script03_2_F015,unknown,Just making myself fascinating for you.,,,neutral
test,Ses05M_script03_2,17,Ses05M_script03_2_F017,unknown,"No, it isn't.",,,anger
test,Ses05M_script03_2,18,Ses05M_script03_2_F018,unknown,"No, it it is not, be quiet.",,,anger
test,Ses05M_script03_2,21,Ses05M_script03_2_F021,unknown,They sting.,,,frustrated
test,Ses05M_script03_2,23,Ses05M_script03_2_F023,unknown,"Yes, I did quite a lot.",,,neutral
test,Ses05M_script03_2,25,Ses05M_script03_2_F025,unknown,You're quite insufferable.  I do imagine it's because you're drunk.,,,frustrated
test,Ses05M_script03_2,26,Ses05M_script03_2_F026,unknown,You always had a weak head.,,,neutral
test,Ses05M_script03_2,28,Ses05M_script03_2_F028,unknown,Not- Would you shut up.,,,anger
test,Ses05M_script03_2,29,Ses05M_script03_2_F029,unknown,"You're not very funny, dear.  You better have some more brandy.",,,frustrated
test,Ses05M_script03_2,34,Ses05M_script03_2_F034,unknown,Very well.  If you have to be boorish and idiotic.,,,anger
test,Ses05M_script03_2,35,Ses05M_script03_2_F035,unknown,You are far too temperamental.  Try to control yourself.,,,anger
test,Ses05M_script03_2,36,Ses05M_script03_2_F036,unknown,Go away!  Go away!  I- I hate you.,,,anger
test,Ses05M_script03_2,37,Ses05M_script03_2_F037,unknown,"You know what, I'm sick and tire of listening to you.  You're a-- You're a total sadistic bully.",,,anger
test,Ses05M_script03_2,38,Ses05M_script03_2_F038,unknown,"Stop.  Would you just go away?  I mean, you're conceited, and overbearing, and utterly impossible.",,,anger
test,Ses05M_script03_2,39,Ses05M_script03_2_F039,unknown,This is the end! Do you understand me? This is the end.,,,anger
test,Ses05M_script03_2,40,Ses05M_script03_2_F040,unknown,"Yes, I am. Let go with me",,,anger
test,Ses05M_script03_2,41,Ses05M_script03_2_F041,unknown,"You are a cruel fiend and I-I loath you.  I thank God I realized who you are before I decided to marry you again.  Oh my God, never!",,,anger
test,Ses05M_script03_2,42,Ses05M_script03_2_F042,unknown,Beast,,,anger
test,Ses05M_script03_2,43,Ses05M_script03_2_F043,unknown,Brute,,,anger
test,Ses05M_script03_2,44,Ses05M_script03_2_F044,unknown,pig,,,anger
test,Ses05M_script03_2,4,Ses05M_script03_2_M004,unknown,You must admit that he was in love with you. wasn't he?,,,frustrated
test,Ses05M_script03_2,5,Ses05M_script03_2_M005,unknown,He let him kiss you.  You said you did.,,,frustrated
test,Ses05M_script03_2,8,Ses05M_script03_2_M008,unknown,"Well, that's a nice point of view I must say.",,,anger
test,Ses05M_script03_2,9,Ses05M_script03_2_M009,unknown,"Me, too, bored stiff.",,,anger
test,Ses05M_script03_2,10,Ses05M_script03_2_M010,unknown,Do you want some brandy?,,,neutral
test,Ses05M_script03_2,11,Ses05M_script03_2_M011,unknown,I think I'll have a little.,,,neutral
test,Ses05M_script03_2,15,Ses05M_script03_2_M015,unknown,"Amanda, really.",,,anger
test,Ses05M_script03_2,16,Ses05M_script03_2_M016,unknown,"Nothing.  Are you going out somewhere, darling?",,,frustrated
test,Ses05M_script03_2,17,Ses05M_script03_2_M017,unknown,"Um- Well, that reply has just broken my heart.",,,frustrated
test,Ses05M_script03_2,20,Ses05M_script03_2_M020,unknown,It's a pity you didn't have a little bit more brandy.  It might have made you a little less disagreeable.,,,anger
test,Ses05M_script03_2,22,Ses05M_script03_2_M022,unknown,"Nonsense, they've got a little bag of venom behind their fangs and they snap!",,,frustrated
test,Ses05M_script03_2,23,Ses05M_script03_2_M023,unknown,They snap.,,,anger
test,Ses05M_script03_2,24,Ses05M_script03_2_M024,unknown,"So, did you see much of Peter Burden after the divorce?",,,neutral
test,Ses05M_script03_2,25,Ses05M_script03_2_M025,unknown,"You must have let him kiss you quite a good deal more then, huh?",,,anger
test,Ses05M_script03_2,26,Ses05M_script03_2_M026,unknown,"I'm sure you had a riotous time, no restrain at all, very enjoyable.  You never had much anyway.",,,anger
test,Ses05M_script03_2,27,Ses05M_script03_2_M027,unknown,I am not the slightest bit drunk.,,,anger
test,Ses05M_script03_2,28,Ses05M_script03_2_M028,unknown,I do believe that I have said already that I had three minuet liquor glasses of brandy in the entire evening.  A child of two couldn't get drunk of that.,,,anger
test,Ses05M_script03_2,29,Ses05M_script03_2_M029,unknown,"Oh, really?  How about a child of three, or child of six, what about a child of nine?",,,anger
test,Ses05M_script03_2,30,Ses05M_script03_2_M030,unknown,"You know, we could get a really good debate going on about this.  You know intemperate tots.",,,anger
test,Ses05M_script03_2,31,Ses05M_script03_2_M031,unknown,You know what?  That's a very good idea.  I think I will.,,,anger
test,Ses05M_script03_2,32,Ses05M_script03_2_M032,unknown,"You better turn that off, I think.",,,anger
test,Ses05M_script03_2,33,Ses05M_script03_2_M033,unknown,Because it's very late and you'll disturb the people upstairs.,,,anger
test,Ses05M_script03_2,34,Ses05M_script03_2_M034,unknown,"Well, there are people downstairs, I suppose.",,,anger
test,Ses05M_script03_2,35,Ses05M_script03_2_M035,unknown,This is no time of the year for Tunis.,,,anger
test,Ses05M_script03_2,36,Ses05M_script03_2_M036,unknown,I do I shall do no such thing.,,,anger
test,Ses05M_script03_2,37,Ses05M_script03_2_M037,unknown,Turn it off.  It's driving me mad.,,,anger
test,Ses05M_script03_2,38,Ses05M_script03_2_M038,unknown,Turn it off!,,,anger
test,Ses05M_script03_2,39,Ses05M_script03_2_M039,unknown,Very amusing indeed.,,,anger
test,Ses05M_script03_2,40,Ses05M_script03_2_M040,unknown,Ja! Very funny.,,,anger
test,Ses05M_script03_2,41,Ses05M_script03_2_M041,unknown,"You are a vile tempered, wicked living, evil little beast.  And I hope I never set eyes on you ever again.",,,anger
test,Ses05M_script03_2,42,Ses05M_script03_2_M042,unknown,"Oh, you're not going like this.",,,anger
test,Ses05M_script03_2,43,Ses05M_script03_2_M043,unknown,"[GARBAGE] No, you're not.",,,anger
test,Ses05M_script03_2,44,Ses05M_script03_2_M044,unknown,oh! Marry you again? I wouldn't marry you again if you came crawling to me on bended knee.,,,anger
test,Ses05M_script03_2,45,Ses05M_script03_2_M045,unknown,You're a wicked little vampire.  And I pray to God I never set eyes on you again as long as I live.,,,anger
